{"course":{"id":384466,"name":"Bunker Play Essentials","slug":"Bunker-Play","landing_page_url":"https://www.cogornogolf.com/courses/Bunker-Play","checkout_page_url":"https://www.cogornogolf.com/enroll/405495","site_twitter_handle":"","support_email":"service@cogornogolf.com","subdomain":"cogornogolf","product_id":405495,"use_linkedin_profile_certification":false,"completion_page_html":"","use_custom_completion_page_html":false,"reviews_enabled":false,"goals_enabled":false,"autoplay_all_videos":true,"require_video_completion":false,"video_completion_percentage":"100","disable_chapter_completed_modal":false,"theme":"course_player_white","primary_color":null,"font":null,"logo":null,"show_logo":true,"disable_text_selection":false,"hide_lesson_type_label_and_icon":false,"hide_lesson_type_icon":false,"is_onboarding_demo_course":false,"social_share_course_completion_overridden":false,"social_share_chapter_completion_overridden":false,"social_share_message":null,"facebook_shared_landing_page_url":"https://www.cogornogolf.com/mpty4","linkedin_shared_landing_page_url":"https://www.cogornogolf.com/exnz6","twitter_shared_landing_page_url":"https://www.cogornogolf.com/ifrg8","shared_landing_page_url":"https://www.cogornogolf.com/tlhe6","chapter_ids":[1539701]},"contents":[{"id":5561316,"position":2,"chapter_id":1539701,"name":"Set Up","contentable_type":"Lesson","slug":"5561316-set-up","is_free_trial":false,"next_content_id":5561317,"next_content_slug":"5561317-in-swing-pieces","next_content_type":"Lesson","display_name":"Video","contentable":1908982,"contentable_id":1908982,"payment_required":false,"draft":false,"is_released":true,"release_date":null,"prerequisite":false,"total_post_count":0,"discussions_enabled":true,"meta_data":{"duration_in_seconds":405},"expand_enabled":false,"lesson_type_label":null,"lesson_type_icon":null,"default_lesson_type_label":"Video","default_lesson_type_icon":"video","under_construction":false},{"id":5561317,"position":3,"chapter_id":1539701,"name":"In-Swing Pieces","contentable_type":"Lesson","slug":"5561317-in-swing-pieces","is_free_trial":false,"next_content_id":5561319,"next_content_slug":"5561319-bunker-skills","next_content_type":"Lesson","display_name":"Video","contentable":1908983,"contentable_id":1908983,"payment_required":false,"draft":false,"is_released":true,"release_date":null,"prerequisite":false,"total_post_count":0,"discussions_enabled":true,"meta_data":{"duration_in_seconds":382},"expand_enabled":false,"lesson_type_label":null,"lesson_type_icon":null,"default_lesson_type_label":"Video","default_lesson_type_icon":"video","under_construction":false},{"id":5561319,"position":4,"chapter_id":1539701,"name":"Bunker Skills","contentable_type":"Lesson","slug":"5561319-bunker-skills","is_free_trial":false,"next_content_id":5561322,"next_content_slug":"5561322-practice","next_content_type":"Lesson","display_name":"Video","contentable":1908984,"contentable_id":1908984,"payment_required":false,"draft":false,"is_released":true,"release_date":null,"prerequisite":false,"total_post_count":0,"discussions_enabled":true,"meta_data":{"duration_in_seconds":415},"expand_enabled":false,"lesson_type_label":null,"lesson_type_icon":null,"default_lesson_type_label":"Video","default_lesson_type_icon":"video","under_construction":false},{"id":5561322,"position":5,"chapter_id":1539701,"name":"Practice","contentable_type":"Lesson","slug":"5561322-practice","is_free_trial":false,"next_content_id":5561324,"next_content_slug":"5561324-mastering-bunker-shots","next_content_type":"Lesson","display_name":"Video","contentable":1908985,"contentable_id":1908985,"payment_required":false,"draft":false,"is_released":true,"release_date":null,"prerequisite":false,"total_post_count":0,"discussions_enabled":true,"meta_data":{"duration_in_seconds":423},"expand_enabled":false,"lesson_type_label":null,"lesson_type_icon":null,"default_lesson_type_label":"Video","default_lesson_type_icon":"video","under_construction":false},{"id":5561324,"position":6,"chapter_id":1539701,"name":"Mastering Bunker Shots","contentable_type":"Lesson","slug":"5561324-mastering-bunker-shots","is_free_trial":false,"next_content_id":5561342,"next_content_slug":"5561342-quick-tip","next_content_type":"Lesson","display_name":"Video","contentable":1908987,"contentable_id":1908987,"payment_required":false,"draft":false,"is_released":true,"release_date":null,"prerequisite":false,"total_post_count":0,"discussions_enabled":true,"meta_data":{"duration_in_seconds":464},"expand_enabled":false,"lesson_type_label":null,"lesson_type_icon":null,"default_lesson_type_label":"Video","default_lesson_type_icon":"video","under_construction":false},{"id":5561342,"position":7,"chapter_id":1539701,"name":"Quick Tip","contentable_type":"Lesson","slug":"5561342-quick-tip","is_free_trial":false,"next_content_id":5561343,"next_content_slug":"5561343-the-long-bunker-shot","next_content_type":"Lesson","display_name":"Video","contentable":1908998,"contentable_id":1908998,"payment_required":false,"draft":false,"is_released":true,"release_date":null,"prerequisite":false,"total_post_count":0,"discussions_enabled":true,"meta_data":{"duration_in_seconds":60},"expand_enabled":false,"lesson_type_label":null,"lesson_type_icon":null,"default_lesson_type_label":"Video","default_lesson_type_icon":"video","under_construction":false},{"id":5561343,"position":8,"chapter_id":1539701,"name":"The Long Bunker Shot","contentable_type":"Lesson","slug":"5561343-the-long-bunker-shot","is_free_trial":false,"next_content_id":5561344,"next_content_slug":"5561344-troubleshooting-bunker-shanks","next_content_type":"Lesson","display_name":"Video","contentable":1908999,"contentable_id":1908999,"payment_required":false,"draft":false,"is_released":true,"release_date":null,"prerequisite":false,"total_post_count":1,"discussions_enabled":true,"meta_data":{"duration_in_seconds":142},"expand_enabled":false,"lesson_type_label":null,"lesson_type_icon":null,"default_lesson_type_label":"Video","default_lesson_type_icon":"video","under_construction":false},{"id":5561344,"position":9,"chapter_id":1539701,"name":"Troubleshooting: Bunker Shanks","contentable_type":"Lesson","slug":"5561344-troubleshooting-bunker-shanks","is_free_trial":false,"next_content_id":5614441,"next_content_slug":"5614441-lesson-with-garret-bunker-fundamentals","next_content_type":"Lesson","display_name":"Video","contentable":1909000,"contentable_id":1909000,"payment_required":false,"draft":false,"is_released":true,"release_date":null,"prerequisite":false,"total_post_count":0,"discussions_enabled":true,"meta_data":{"duration_in_seconds":858},"expand_enabled":false,"lesson_type_label":null,"lesson_type_icon":null,"default_lesson_type_label":"Video","default_lesson_type_icon":"video","under_construction":false},{"id":5614441,"position":10,"chapter_id":1539701,"name":"Lesson With Garret: Bunker Fundamentals","contentable_type":"Lesson","slug":"5614441-lesson-with-garret-bunker-fundamentals","is_free_trial":false,"next_content_id":null,"next_content_slug":null,"next_content_type":null,"display_name":"Video","contentable":1930064,"contentable_id":1930064,"payment_required":false,"draft":false,"is_released":true,"release_date":null,"prerequisite":false,"total_post_count":0,"discussions_enabled":true,"meta_data":{"duration_in_seconds":763},"expand_enabled":false,"lesson_type_label":null,"lesson_type_icon":null,"default_lesson_type_label":"Video","default_lesson_type_icon":"video","under_construction":false}],"chapters":[{"id":1539701,"name":"Short Game Essentials: Bunker Play","position":2,"course_id":384466,"content_ids":[5561316,5561317,5561319,5561322,5561324,5561342,5561343,5561344,5614441]}]}