{"course":{"id":407912,"name":"Putting","slug":"core-practice-putting","landing_page_url":"https://www.cogornogolf.com/courses/core-practice-putting","checkout_page_url":"https://www.cogornogolf.com/enroll/430247","site_twitter_handle":"","support_email":"service@cogornogolf.com","subdomain":"cogornogolf","product_id":430247,"use_linkedin_profile_certification":false,"completion_page_html":"\u003cdiv class=\"fr-view\"\u003e\u003cp\u003eCongrats on sticking to the process!\u0026nbsp;\u003c/p\u003e\u003c/div\u003e","use_custom_completion_page_html":false,"reviews_enabled":false,"goals_enabled":false,"autoplay_all_videos":true,"require_video_completion":false,"video_completion_percentage":"100","disable_chapter_completed_modal":false,"theme":"course_player_white","primary_color":null,"font":null,"logo":null,"show_logo":true,"disable_text_selection":false,"hide_lesson_type_label_and_icon":false,"hide_lesson_type_icon":false,"is_onboarding_demo_course":false,"social_share_course_completion_overridden":false,"social_share_chapter_completion_overridden":false,"social_share_message":null,"facebook_shared_landing_page_url":"https://www.cogornogolf.com/4iq2y","linkedin_shared_landing_page_url":"https://www.cogornogolf.com/agtce","twitter_shared_landing_page_url":"https://www.cogornogolf.com/r8oey","shared_landing_page_url":"https://www.cogornogolf.com/1nufi","chapter_ids":[1664193,1664194,1664195,1664196,1664197,1664198]},"contents":[{"id":6060484,"position":0,"chapter_id":1664193,"name":"Putting Practice Guide","contentable_type":"HtmlItem","slug":"6060484-putting-practice-guide","is_free_trial":false,"next_content_id":6060486,"next_content_slug":"6060486-how-to-practice-putting","next_content_type":"Lesson","display_name":"Text","contentable":1648778,"contentable_id":1648778,"payment_required":false,"draft":false,"is_released":true,"release_date":"2021-10-21T12:32:09.529Z","prerequisite":false,"total_post_count":0,"discussions_enabled":true,"meta_data":null,"expand_enabled":false,"lesson_type_label":null,"lesson_type_icon":null,"default_lesson_type_label":"Text","default_lesson_type_icon":"text","under_construction":false},{"id":6060486,"position":1,"chapter_id":1664193,"name":"How To Practice Putting","contentable_type":"Lesson","slug":"6060486-how-to-practice-putting","is_free_trial":false,"next_content_id":6084011,"next_content_slug":"6084011-putter-path-drill","next_content_type":"Lesson","display_name":"Video","contentable":2114844,"contentable_id":2114844,"payment_required":false,"draft":false,"is_released":true,"release_date":"2021-10-21T12:32:09.529Z","prerequisite":false,"total_post_count":0,"discussions_enabled":true,"meta_data":{"duration_in_seconds":261},"expand_enabled":false,"lesson_type_label":null,"lesson_type_icon":null,"default_lesson_type_label":"Video","default_lesson_type_icon":"video","under_construction":false},{"id":6084011,"position":2,"chapter_id":1664193,"name":"Putter Path Drill","contentable_type":"Lesson","slug":"6084011-putter-path-drill","is_free_trial":false,"next_content_id":6060491,"next_content_slug":"6060491-speed-control-ladder-drill","next_content_type":"Lesson","display_name":"Video","contentable":2124140,"contentable_id":2124140,"payment_required":false,"draft":false,"is_released":true,"release_date":null,"prerequisite":false,"total_post_count":1,"discussions_enabled":true,"meta_data":{"duration_in_seconds":288},"expand_enabled":false,"lesson_type_label":null,"lesson_type_icon":null,"default_lesson_type_label":"Video","default_lesson_type_icon":"video","under_construction":false},{"id":6060491,"position":3,"chapter_id":1664193,"name":"Speed Control Ladder Drill","contentable_type":"Lesson","slug":"6060491-speed-control-ladder-drill","is_free_trial":false,"next_content_id":6060485,"next_content_slug":"6060485-putting-session-1","next_content_type":"Download","display_name":"Video","contentable":2114846,"contentable_id":2114846,"payment_required":false,"draft":false,"is_released":false,"release_date":"2021-11-04T12:32:09.529Z","prerequisite":false,"total_post_count":0,"discussions_enabled":true,"meta_data":{"duration_in_seconds":468},"expand_enabled":false,"lesson_type_label":null,"lesson_type_icon":null,"default_lesson_type_label":"Video","default_lesson_type_icon":"video","under_construction":false},{"id":6060485,"position":4,"chapter_id":1664193,"name":"Putting Session 1","contentable_type":"Download","slug":"6060485-putting-session-1","is_free_trial":false,"next_content_id":6084107,"next_content_slug":"6084107-weekly-scorecard","next_content_type":"Survey","display_name":"Download","contentable":156516,"contentable_id":156516,"payment_required":false,"draft":false,"is_released":true,"release_date":"2021-10-21T12:32:09.529Z","prerequisite":false,"total_post_count":0,"discussions_enabled":true,"meta_data":null,"expand_enabled":false,"lesson_type_label":null,"lesson_type_icon":null,"default_lesson_type_label":"Download","default_lesson_type_icon":"download","under_construction":false},{"id":6084107,"position":5,"chapter_id":1664193,"name":"Weekly Scorecard","contentable_type":"Survey","slug":"6084107-weekly-scorecard","is_free_trial":false,"next_content_id":6060489,"next_content_slug":"6060489-start-line-gate-drill","next_content_type":"Lesson","display_name":"Survey","contentable":252705,"contentable_id":252705,"payment_required":false,"draft":false,"is_released":true,"release_date":null,"prerequisite":false,"total_post_count":0,"discussions_enabled":true,"meta_data":{"question_count":1},"expand_enabled":false,"lesson_type_label":null,"lesson_type_icon":null,"default_lesson_type_label":"Survey","default_lesson_type_icon":"survey","under_construction":false},{"id":6060489,"position":0,"chapter_id":1664194,"name":"Start Line Gate Drill","contentable_type":"Lesson","slug":"6060489-start-line-gate-drill","is_free_trial":false,"next_content_id":6060487,"next_content_slug":"6060487-putting-session-2","next_content_type":"Download","display_name":"Video","contentable":2114845,"contentable_id":2114845,"payment_required":false,"draft":false,"is_released":false,"release_date":"2021-10-28T12:32:09.529Z","prerequisite":false,"total_post_count":1,"discussions_enabled":true,"meta_data":{"duration_in_seconds":324},"expand_enabled":false,"lesson_type_label":null,"lesson_type_icon":null,"default_lesson_type_label":"Video","default_lesson_type_icon":"video","under_construction":false},{"id":6060487,"position":1,"chapter_id":1664194,"name":"Putting Session 2","contentable_type":"Download","slug":"6060487-putting-session-2","is_free_trial":false,"next_content_id":6084108,"next_content_slug":"6084108-weekly-scorecard","next_content_type":"Survey","display_name":"Download","contentable":156517,"contentable_id":156517,"payment_required":false,"draft":false,"is_released":false,"release_date":"2021-10-28T12:32:09.529Z","prerequisite":false,"total_post_count":0,"discussions_enabled":true,"meta_data":null,"expand_enabled":false,"lesson_type_label":null,"lesson_type_icon":null,"default_lesson_type_label":"Download","default_lesson_type_icon":"download","under_construction":false},{"id":6084108,"position":2,"chapter_id":1664194,"name":"Weekly Scorecard","contentable_type":"Survey","slug":"6084108-weekly-scorecard","is_free_trial":false,"next_content_id":6060490,"next_content_slug":"6060490-putting-session-3","next_content_type":"Download","display_name":"Survey","contentable":252706,"contentable_id":252706,"payment_required":false,"draft":false,"is_released":true,"release_date":null,"prerequisite":false,"total_post_count":0,"discussions_enabled":true,"meta_data":{"question_count":1},"expand_enabled":false,"lesson_type_label":null,"lesson_type_icon":null,"default_lesson_type_label":"Survey","default_lesson_type_icon":"survey","under_construction":false},{"id":6060490,"position":0,"chapter_id":1664195,"name":"Putting Session 3","contentable_type":"Download","slug":"6060490-putting-session-3","is_free_trial":false,"next_content_id":6084110,"next_content_slug":"6084110-weekly-scorecard","next_content_type":"Survey","display_name":"Download","contentable":156518,"contentable_id":156518,"payment_required":false,"draft":false,"is_released":false,"release_date":"2021-11-04T12:32:09.529Z","prerequisite":false,"total_post_count":0,"discussions_enabled":true,"meta_data":null,"expand_enabled":false,"lesson_type_label":null,"lesson_type_icon":null,"default_lesson_type_label":"Download","default_lesson_type_icon":"download","under_construction":false},{"id":6084110,"position":1,"chapter_id":1664195,"name":"Weekly Scorecard","contentable_type":"Survey","slug":"6084110-weekly-scorecard","is_free_trial":false,"next_content_id":6060492,"next_content_slug":"6060492-putting-session-4","next_content_type":"Download","display_name":"Survey","contentable":252707,"contentable_id":252707,"payment_required":false,"draft":false,"is_released":true,"release_date":null,"prerequisite":false,"total_post_count":0,"discussions_enabled":true,"meta_data":{"question_count":1},"expand_enabled":false,"lesson_type_label":null,"lesson_type_icon":null,"default_lesson_type_label":"Survey","default_lesson_type_icon":"survey","under_construction":false},{"id":6060492,"position":0,"chapter_id":1664196,"name":"Putting Session 4","contentable_type":"Download","slug":"6060492-putting-session-4","is_free_trial":false,"next_content_id":6084111,"next_content_slug":"6084111-weekly-scorecard","next_content_type":"Survey","display_name":"Download","contentable":156519,"contentable_id":156519,"payment_required":false,"draft":false,"is_released":false,"release_date":"2021-11-11T12:32:09.529Z","prerequisite":false,"total_post_count":0,"discussions_enabled":true,"meta_data":null,"expand_enabled":false,"lesson_type_label":null,"lesson_type_icon":null,"default_lesson_type_label":"Download","default_lesson_type_icon":"download","under_construction":false},{"id":6084111,"position":2,"chapter_id":1664196,"name":"Weekly Scorecard","contentable_type":"Survey","slug":"6084111-weekly-scorecard","is_free_trial":false,"next_content_id":6060493,"next_content_slug":"6060493-speed-control-fringe-drill","next_content_type":"Lesson","display_name":"Survey","contentable":252708,"contentable_id":252708,"payment_required":false,"draft":false,"is_released":true,"release_date":null,"prerequisite":false,"total_post_count":0,"discussions_enabled":true,"meta_data":{"question_count":1},"expand_enabled":false,"lesson_type_label":null,"lesson_type_icon":null,"default_lesson_type_label":"Survey","default_lesson_type_icon":"survey","under_construction":false},{"id":6060493,"position":0,"chapter_id":1664197,"name":"Speed Control Fringe Drill","contentable_type":"Lesson","slug":"6060493-speed-control-fringe-drill","is_free_trial":false,"next_content_id":6060494,"next_content_slug":"6060494-putting-session-5","next_content_type":"Download","display_name":"Video","contentable":2114847,"contentable_id":2114847,"payment_required":false,"draft":false,"is_released":false,"release_date":"2021-11-11T12:32:09.529Z","prerequisite":false,"total_post_count":0,"discussions_enabled":true,"meta_data":{"duration_in_seconds":281},"expand_enabled":false,"lesson_type_label":null,"lesson_type_icon":null,"default_lesson_type_label":"Video","default_lesson_type_icon":"video","under_construction":false},{"id":6060494,"position":1,"chapter_id":1664197,"name":"Putting Session 5","contentable_type":"Download","slug":"6060494-putting-session-5","is_free_trial":false,"next_content_id":6084112,"next_content_slug":"6084112-weekly-scorecard","next_content_type":"Survey","display_name":"Download","contentable":156520,"contentable_id":156520,"payment_required":false,"draft":false,"is_released":false,"release_date":"2021-11-18T12:32:09.529Z","prerequisite":false,"total_post_count":0,"discussions_enabled":true,"meta_data":null,"expand_enabled":false,"lesson_type_label":null,"lesson_type_icon":null,"default_lesson_type_label":"Download","default_lesson_type_icon":"download","under_construction":false},{"id":6084112,"position":2,"chapter_id":1664197,"name":"Weekly Scorecard","contentable_type":"Survey","slug":"6084112-weekly-scorecard","is_free_trial":false,"next_content_id":6060496,"next_content_slug":"6060496-putting-session-6","next_content_type":"Download","display_name":"Survey","contentable":252709,"contentable_id":252709,"payment_required":false,"draft":false,"is_released":true,"release_date":null,"prerequisite":false,"total_post_count":0,"discussions_enabled":true,"meta_data":{"question_count":1},"expand_enabled":false,"lesson_type_label":null,"lesson_type_icon":null,"default_lesson_type_label":"Survey","default_lesson_type_icon":"survey","under_construction":false},{"id":6060496,"position":2,"chapter_id":1664198,"name":"Putting Session 6","contentable_type":"Download","slug":"6060496-putting-session-6","is_free_trial":false,"next_content_id":6084113,"next_content_slug":"6084113-weekly-scorecard","next_content_type":"Survey","display_name":"Download","contentable":156521,"contentable_id":156521,"payment_required":false,"draft":false,"is_released":false,"release_date":"2021-11-25T12:32:09.529Z","prerequisite":false,"total_post_count":0,"discussions_enabled":true,"meta_data":null,"expand_enabled":false,"lesson_type_label":null,"lesson_type_icon":null,"default_lesson_type_label":"Download","default_lesson_type_icon":"download","under_construction":false},{"id":6084113,"position":3,"chapter_id":1664198,"name":"Weekly Scorecard","contentable_type":"Survey","slug":"6084113-weekly-scorecard","is_free_trial":false,"next_content_id":null,"next_content_slug":null,"next_content_type":null,"display_name":"Survey","contentable":252710,"contentable_id":252710,"payment_required":false,"draft":false,"is_released":true,"release_date":null,"prerequisite":false,"total_post_count":0,"discussions_enabled":true,"meta_data":{"question_count":1},"expand_enabled":false,"lesson_type_label":null,"lesson_type_icon":null,"default_lesson_type_label":"Survey","default_lesson_type_icon":"survey","under_construction":false}],"chapters":[{"id":1664193,"name":"Week 1: Putting Practice Basics","position":0,"course_id":407912,"content_ids":[6060484,6060486,6084011,6060491,6060485,6084107]},{"id":1664194,"name":"Week 2: Start Line \u0026 Speed Control","position":1,"course_id":407912,"content_ids":[6060489,6060487,6084108]},{"id":1664195,"name":"Week 3: Speed Control Games","position":2,"course_id":407912,"content_ids":[6060490,6084110]},{"id":1664196,"name":"Week 4: Start Line Control Games","position":3,"course_id":407912,"content_ids":[6060492,6084111]},{"id":1664197,"name":"Week 5: Fringe Drill","position":4,"course_id":407912,"content_ids":[6060493,6060494,6084112]},{"id":1664198,"name":"Week 6: 40 Foot Game","position":5,"course_id":407912,"content_ids":[6060496,6084113]}]}