{"course":{"id":407909,"name":"Short Game","slug":"core-practice-short-game","landing_page_url":"https://www.cogornogolf.com/courses/core-practice-short-game","checkout_page_url":"https://www.cogornogolf.com/enroll/430244","site_twitter_handle":"","support_email":"service@cogornogolf.com","subdomain":"cogornogolf","product_id":430244,"use_linkedin_profile_certification":false,"completion_page_html":"\u003cdiv class=\"fr-view\"\u003e\u003cp\u003eCongrats on sticking to the process!\u0026nbsp;\u003c/p\u003e\u003c/div\u003e","use_custom_completion_page_html":false,"reviews_enabled":false,"goals_enabled":false,"autoplay_all_videos":true,"require_video_completion":false,"video_completion_percentage":"100","disable_chapter_completed_modal":false,"theme":"course_player_white","primary_color":null,"font":null,"logo":null,"show_logo":true,"disable_text_selection":false,"hide_lesson_type_label_and_icon":false,"hide_lesson_type_icon":false,"is_onboarding_demo_course":false,"social_share_course_completion_overridden":false,"social_share_chapter_completion_overridden":false,"social_share_message":null,"facebook_shared_landing_page_url":"https://www.cogornogolf.com/fpegl","linkedin_shared_landing_page_url":"https://www.cogornogolf.com/qxad1","twitter_shared_landing_page_url":"https://www.cogornogolf.com/m0b9s","shared_landing_page_url":"https://www.cogornogolf.com/2gaj2","chapter_ids":[1664177,1664178,1664179,1664180,1664181,1664182]},"contents":[{"id":6060411,"position":0,"chapter_id":1664177,"name":"Short Game Practice Guide","contentable_type":"HtmlItem","slug":"6060411-short-game-practice-guide","is_free_trial":false,"next_content_id":6060413,"next_content_slug":"6060413-chipping-practice-block-game-skill","next_content_type":"Lesson","display_name":"Text","contentable":1648728,"contentable_id":1648728,"payment_required":false,"draft":false,"is_released":true,"release_date":null,"prerequisite":false,"total_post_count":0,"discussions_enabled":true,"meta_data":null,"expand_enabled":false,"lesson_type_label":null,"lesson_type_icon":null,"default_lesson_type_label":"Text","default_lesson_type_icon":"text","under_construction":false},{"id":6060413,"position":1,"chapter_id":1664177,"name":"Chipping Practice: Block, Game, Skill","contentable_type":"Lesson","slug":"6060413-chipping-practice-block-game-skill","is_free_trial":false,"next_content_id":6060423,"next_content_slug":"6060423-how-to-practice-landing-zones","next_content_type":"Lesson","display_name":"Video","contentable":2114832,"contentable_id":2114832,"payment_required":false,"draft":false,"is_released":true,"release_date":null,"prerequisite":false,"total_post_count":0,"discussions_enabled":true,"meta_data":{"duration_in_seconds":206},"expand_enabled":false,"lesson_type_label":null,"lesson_type_icon":null,"default_lesson_type_label":"Video","default_lesson_type_icon":"video","under_construction":false},{"id":6060423,"position":2,"chapter_id":1664177,"name":"How To Practice: Landing Zones","contentable_type":"Lesson","slug":"6060423-how-to-practice-landing-zones","is_free_trial":false,"next_content_id":6060419,"next_content_slug":"6060419-how-to-practice-trajectories","next_content_type":"Lesson","display_name":"Video","contentable":2114837,"contentable_id":2114837,"payment_required":false,"draft":false,"is_released":true,"release_date":null,"prerequisite":false,"total_post_count":0,"discussions_enabled":true,"meta_data":{"duration_in_seconds":376},"expand_enabled":false,"lesson_type_label":null,"lesson_type_icon":null,"default_lesson_type_label":"Video","default_lesson_type_icon":"video","under_construction":false},{"id":6060419,"position":3,"chapter_id":1664177,"name":"How To Practice: Trajectories","contentable_type":"Lesson","slug":"6060419-how-to-practice-trajectories","is_free_trial":false,"next_content_id":6060412,"next_content_slug":"6060412-short-game-session-1","next_content_type":"Download","display_name":"Video","contentable":2114835,"contentable_id":2114835,"payment_required":false,"draft":false,"is_released":true,"release_date":null,"prerequisite":false,"total_post_count":0,"discussions_enabled":true,"meta_data":{"duration_in_seconds":264},"expand_enabled":false,"lesson_type_label":null,"lesson_type_icon":null,"default_lesson_type_label":"Video","default_lesson_type_icon":"video","under_construction":false},{"id":6060412,"position":4,"chapter_id":1664177,"name":"Short Game Session 1","contentable_type":"Download","slug":"6060412-short-game-session-1","is_free_trial":false,"next_content_id":6083057,"next_content_slug":"6083057-weekly-scorecard","next_content_type":"Survey","display_name":"Download","contentable":156504,"contentable_id":156504,"payment_required":false,"draft":false,"is_released":true,"release_date":null,"prerequisite":false,"total_post_count":0,"discussions_enabled":true,"meta_data":null,"expand_enabled":false,"lesson_type_label":null,"lesson_type_icon":null,"default_lesson_type_label":"Download","default_lesson_type_icon":"download","under_construction":false},{"id":6083057,"position":5,"chapter_id":1664177,"name":"Weekly Scorecard","contentable_type":"Survey","slug":"6083057-weekly-scorecard","is_free_trial":false,"next_content_id":6060417,"next_content_slug":"6060417-up-down-game","next_content_type":"Lesson","display_name":"Survey","contentable":252666,"contentable_id":252666,"payment_required":false,"draft":false,"is_released":true,"release_date":null,"prerequisite":false,"total_post_count":0,"discussions_enabled":true,"meta_data":{"question_count":2},"expand_enabled":false,"lesson_type_label":null,"lesson_type_icon":null,"default_lesson_type_label":"Survey","default_lesson_type_icon":"survey","under_construction":false},{"id":6060417,"position":0,"chapter_id":1664178,"name":"Up \u0026 Down Game","contentable_type":"Lesson","slug":"6060417-up-down-game","is_free_trial":false,"next_content_id":6060416,"next_content_slug":"6060416-short-game-session-2","next_content_type":"Download","display_name":"Video","contentable":2114834,"contentable_id":2114834,"payment_required":false,"draft":false,"is_released":true,"release_date":null,"prerequisite":false,"total_post_count":0,"discussions_enabled":true,"meta_data":{"duration_in_seconds":218},"expand_enabled":false,"lesson_type_label":null,"lesson_type_icon":null,"default_lesson_type_label":"Video","default_lesson_type_icon":"video","under_construction":false},{"id":6060416,"position":1,"chapter_id":1664178,"name":"Short Game Session 2","contentable_type":"Download","slug":"6060416-short-game-session-2","is_free_trial":false,"next_content_id":6083058,"next_content_slug":"6083058-weekly-scorecard","next_content_type":"Survey","display_name":"Download","contentable":156506,"contentable_id":156506,"payment_required":false,"draft":false,"is_released":true,"release_date":null,"prerequisite":false,"total_post_count":0,"discussions_enabled":true,"meta_data":null,"expand_enabled":false,"lesson_type_label":null,"lesson_type_icon":null,"default_lesson_type_label":"Download","default_lesson_type_icon":"download","under_construction":false},{"id":6083058,"position":2,"chapter_id":1664178,"name":"Weekly Scorecard","contentable_type":"Survey","slug":"6083058-weekly-scorecard","is_free_trial":false,"next_content_id":6060415,"next_content_slug":"6060415-bunker-practice","next_content_type":"Lesson","display_name":"Survey","contentable":252667,"contentable_id":252667,"payment_required":false,"draft":false,"is_released":true,"release_date":null,"prerequisite":false,"total_post_count":0,"discussions_enabled":true,"meta_data":{"question_count":1},"expand_enabled":false,"lesson_type_label":null,"lesson_type_icon":null,"default_lesson_type_label":"Survey","default_lesson_type_icon":"survey","under_construction":false},{"id":6060415,"position":0,"chapter_id":1664179,"name":"Bunker Practice","contentable_type":"Lesson","slug":"6060415-bunker-practice","is_free_trial":false,"next_content_id":6060414,"next_content_slug":"6060414-short-game-session-3","next_content_type":"Download","display_name":"Video","contentable":2114833,"contentable_id":2114833,"payment_required":false,"draft":false,"is_released":true,"release_date":null,"prerequisite":false,"total_post_count":0,"discussions_enabled":true,"meta_data":{"duration_in_seconds":423},"expand_enabled":false,"lesson_type_label":null,"lesson_type_icon":null,"default_lesson_type_label":"Video","default_lesson_type_icon":"video","under_construction":false},{"id":6060414,"position":1,"chapter_id":1664179,"name":"Short Game Session 3","contentable_type":"Download","slug":"6060414-short-game-session-3","is_free_trial":false,"next_content_id":6083059,"next_content_slug":"6083059-weekly-scorecard","next_content_type":"Survey","display_name":"Download","contentable":156505,"contentable_id":156505,"payment_required":false,"draft":false,"is_released":true,"release_date":null,"prerequisite":false,"total_post_count":0,"discussions_enabled":true,"meta_data":null,"expand_enabled":false,"lesson_type_label":null,"lesson_type_icon":null,"default_lesson_type_label":"Download","default_lesson_type_icon":"download","under_construction":false},{"id":6083059,"position":2,"chapter_id":1664179,"name":"Weekly Scorecard","contentable_type":"Survey","slug":"6083059-weekly-scorecard","is_free_trial":false,"next_content_id":6060421,"next_content_slug":"6060421-chipping-game-21","next_content_type":"Lesson","display_name":"Survey","contentable":252668,"contentable_id":252668,"payment_required":false,"draft":false,"is_released":true,"release_date":null,"prerequisite":false,"total_post_count":0,"discussions_enabled":true,"meta_data":{"question_count":2},"expand_enabled":false,"lesson_type_label":null,"lesson_type_icon":null,"default_lesson_type_label":"Survey","default_lesson_type_icon":"survey","under_construction":false},{"id":6060421,"position":0,"chapter_id":1664180,"name":"Chipping Game: 21","contentable_type":"Lesson","slug":"6060421-chipping-game-21","is_free_trial":false,"next_content_id":6060418,"next_content_slug":"6060418-short-game-session-4","next_content_type":"Download","display_name":"Video","contentable":2114836,"contentable_id":2114836,"payment_required":false,"draft":false,"is_released":true,"release_date":null,"prerequisite":false,"total_post_count":0,"discussions_enabled":true,"meta_data":{"duration_in_seconds":169},"expand_enabled":false,"lesson_type_label":null,"lesson_type_icon":null,"default_lesson_type_label":"Video","default_lesson_type_icon":"video","under_construction":false},{"id":6060418,"position":1,"chapter_id":1664180,"name":"Short Game Session 4","contentable_type":"Download","slug":"6060418-short-game-session-4","is_free_trial":false,"next_content_id":6083061,"next_content_slug":"6083061-weekly-scorecard","next_content_type":"Survey","display_name":"Download","contentable":156507,"contentable_id":156507,"payment_required":false,"draft":false,"is_released":true,"release_date":null,"prerequisite":false,"total_post_count":0,"discussions_enabled":true,"meta_data":null,"expand_enabled":false,"lesson_type_label":null,"lesson_type_icon":null,"default_lesson_type_label":"Download","default_lesson_type_icon":"download","under_construction":false},{"id":6083061,"position":2,"chapter_id":1664180,"name":"Weekly Scorecard","contentable_type":"Survey","slug":"6083061-weekly-scorecard","is_free_trial":false,"next_content_id":6060420,"next_content_slug":"6060420-short-game-session-5","next_content_type":"Download","display_name":"Survey","contentable":252669,"contentable_id":252669,"payment_required":false,"draft":false,"is_released":true,"release_date":null,"prerequisite":false,"total_post_count":0,"discussions_enabled":true,"meta_data":{"question_count":1},"expand_enabled":false,"lesson_type_label":null,"lesson_type_icon":null,"default_lesson_type_label":"Survey","default_lesson_type_icon":"survey","under_construction":false},{"id":6060420,"position":0,"chapter_id":1664181,"name":"Short Game Session 5","contentable_type":"Download","slug":"6060420-short-game-session-5","is_free_trial":false,"next_content_id":6083062,"next_content_slug":"6083062-weekly-scorecard","next_content_type":"Survey","display_name":"Download","contentable":156508,"contentable_id":156508,"payment_required":false,"draft":false,"is_released":true,"release_date":null,"prerequisite":false,"total_post_count":0,"discussions_enabled":true,"meta_data":null,"expand_enabled":false,"lesson_type_label":null,"lesson_type_icon":null,"default_lesson_type_label":"Download","default_lesson_type_icon":"download","under_construction":false},{"id":6083062,"position":2,"chapter_id":1664181,"name":"Weekly Scorecard","contentable_type":"Survey","slug":"6083062-weekly-scorecard","is_free_trial":false,"next_content_id":6060422,"next_content_slug":"6060422-short-game-session-6","next_content_type":"Download","display_name":"Survey","contentable":252670,"contentable_id":252670,"payment_required":false,"draft":false,"is_released":true,"release_date":null,"prerequisite":false,"total_post_count":0,"discussions_enabled":true,"meta_data":{"question_count":2},"expand_enabled":false,"lesson_type_label":null,"lesson_type_icon":null,"default_lesson_type_label":"Survey","default_lesson_type_icon":"survey","under_construction":false},{"id":6060422,"position":0,"chapter_id":1664182,"name":"Short Game Session 6","contentable_type":"Download","slug":"6060422-short-game-session-6","is_free_trial":false,"next_content_id":6083063,"next_content_slug":"6083063-weekly-scorecard","next_content_type":"Survey","display_name":"Download","contentable":156509,"contentable_id":156509,"payment_required":false,"draft":false,"is_released":true,"release_date":null,"prerequisite":false,"total_post_count":0,"discussions_enabled":true,"meta_data":null,"expand_enabled":false,"lesson_type_label":null,"lesson_type_icon":null,"default_lesson_type_label":"Download","default_lesson_type_icon":"download","under_construction":false},{"id":6083063,"position":2,"chapter_id":1664182,"name":"Weekly Scorecard","contentable_type":"Survey","slug":"6083063-weekly-scorecard","is_free_trial":false,"next_content_id":null,"next_content_slug":null,"next_content_type":null,"display_name":"Survey","contentable":252671,"contentable_id":252671,"payment_required":false,"draft":false,"is_released":true,"release_date":null,"prerequisite":false,"total_post_count":0,"discussions_enabled":true,"meta_data":{"question_count":2},"expand_enabled":false,"lesson_type_label":null,"lesson_type_icon":null,"default_lesson_type_label":"Survey","default_lesson_type_icon":"survey","under_construction":false}],"chapters":[{"id":1664177,"name":"Week 1: Short Game Practice Basics","position":0,"course_id":407909,"content_ids":[6060411,6060413,6060423,6060419,6060412,6083057]},{"id":1664178,"name":"Week 2: Up \u0026 Down Game","position":1,"course_id":407909,"content_ids":[6060417,6060416,6083058]},{"id":1664179,"name":"Week 3: Bunker Practice","position":2,"course_id":407909,"content_ids":[6060415,6060414,6083059]},{"id":1664180,"name":"Week 4: Twenty-One","position":3,"course_id":407909,"content_ids":[6060421,6060418,6083061]},{"id":1664181,"name":"Week 5:","position":4,"course_id":407909,"content_ids":[6060420,6083062]},{"id":1664182,"name":"Week 6","position":5,"course_id":407909,"content_ids":[6060422,6083063]}]}