{"course":{"id":384436,"name":"Ball Pattern Faults and Fixes","slug":"Diagnose-Your-Flaw-Ball-Pattern","landing_page_url":"https://www.cogornogolf.com/courses/Diagnose-Your-Flaw-Ball-Pattern","checkout_page_url":"https://www.cogornogolf.com/enroll/405465","site_twitter_handle":"","support_email":"service@cogornogolf.com","subdomain":"cogornogolf","product_id":405465,"use_linkedin_profile_certification":false,"completion_page_html":"","use_custom_completion_page_html":false,"reviews_enabled":false,"goals_enabled":false,"autoplay_all_videos":true,"require_video_completion":false,"video_completion_percentage":"100","disable_chapter_completed_modal":false,"theme":"course_player_white","primary_color":null,"font":null,"logo":null,"show_logo":true,"disable_text_selection":false,"hide_lesson_type_label_and_icon":false,"hide_lesson_type_icon":false,"is_onboarding_demo_course":false,"social_share_course_completion_overridden":false,"social_share_chapter_completion_overridden":false,"social_share_message":null,"facebook_shared_landing_page_url":"https://www.cogornogolf.com/8fs1d","linkedin_shared_landing_page_url":"https://www.cogornogolf.com/enfyk","twitter_shared_landing_page_url":"https://www.cogornogolf.com/lr1pn","shared_landing_page_url":"https://www.cogornogolf.com/eplnn","chapter_ids":[1538160]},"contents":[{"id":5554966,"position":1,"chapter_id":1538160,"name":"Pull","contentable_type":"Lesson","slug":"5554966-pull","is_free_trial":false,"next_content_id":5554967,"next_content_slug":"5554967-push","next_content_type":"Lesson","display_name":"Video","contentable":1905774,"contentable_id":1905774,"payment_required":false,"draft":false,"is_released":true,"release_date":null,"prerequisite":false,"total_post_count":0,"discussions_enabled":true,"meta_data":{"duration_in_seconds":484},"expand_enabled":false,"lesson_type_label":null,"lesson_type_icon":null,"default_lesson_type_label":"Video","default_lesson_type_icon":"video","under_construction":false},{"id":5554967,"position":2,"chapter_id":1538160,"name":"Push","contentable_type":"Lesson","slug":"5554967-push","is_free_trial":false,"next_content_id":5554968,"next_content_slug":"5554968-curing-a-right-miss","next_content_type":"Lesson","display_name":"Video","contentable":1905775,"contentable_id":1905775,"payment_required":false,"draft":false,"is_released":true,"release_date":null,"prerequisite":false,"total_post_count":0,"discussions_enabled":true,"meta_data":{"duration_in_seconds":448},"expand_enabled":false,"lesson_type_label":null,"lesson_type_icon":null,"default_lesson_type_label":"Video","default_lesson_type_icon":"video","under_construction":false},{"id":5554968,"position":3,"chapter_id":1538160,"name":"Curing A Right Miss","contentable_type":"Lesson","slug":"5554968-curing-a-right-miss","is_free_trial":false,"next_content_id":5554969,"next_content_slug":"5554969-curing-a-hook","next_content_type":"Lesson","display_name":"Video","contentable":1905776,"contentable_id":1905776,"payment_required":false,"draft":false,"is_released":true,"release_date":null,"prerequisite":false,"total_post_count":0,"discussions_enabled":true,"meta_data":{"duration_in_seconds":227},"expand_enabled":false,"lesson_type_label":null,"lesson_type_icon":null,"default_lesson_type_label":"Video","default_lesson_type_icon":"video","under_construction":false},{"id":5554969,"position":4,"chapter_id":1538160,"name":"Curing A Hook","contentable_type":"Lesson","slug":"5554969-curing-a-hook","is_free_trial":false,"next_content_id":5554970,"next_content_slug":"5554970-hitting-a-draw-on-purpose","next_content_type":"Lesson","display_name":"Video","contentable":1905777,"contentable_id":1905777,"payment_required":false,"draft":false,"is_released":true,"release_date":null,"prerequisite":false,"total_post_count":1,"discussions_enabled":true,"meta_data":{"duration_in_seconds":647},"expand_enabled":false,"lesson_type_label":null,"lesson_type_icon":null,"default_lesson_type_label":"Video","default_lesson_type_icon":"video","under_construction":false},{"id":5554970,"position":5,"chapter_id":1538160,"name":"Hitting A Draw (On Purpose)","contentable_type":"Lesson","slug":"5554970-hitting-a-draw-on-purpose","is_free_trial":false,"next_content_id":5554971,"next_content_slug":"5554971-fixing-a-slice-face-control","next_content_type":"Lesson","display_name":"Video","contentable":1905778,"contentable_id":1905778,"payment_required":false,"draft":false,"is_released":true,"release_date":null,"prerequisite":false,"total_post_count":0,"discussions_enabled":true,"meta_data":{"duration_in_seconds":815},"expand_enabled":false,"lesson_type_label":null,"lesson_type_icon":null,"default_lesson_type_label":"Video","default_lesson_type_icon":"video","under_construction":false},{"id":5554971,"position":6,"chapter_id":1538160,"name":"Fixing A Slice - Face Control","contentable_type":"Lesson","slug":"5554971-fixing-a-slice-face-control","is_free_trial":false,"next_content_id":5554972,"next_content_slug":"5554972-fixing-a-slice","next_content_type":"Lesson","display_name":"Video","contentable":1905779,"contentable_id":1905779,"payment_required":false,"draft":false,"is_released":true,"release_date":null,"prerequisite":false,"total_post_count":0,"discussions_enabled":true,"meta_data":{"duration_in_seconds":133},"expand_enabled":false,"lesson_type_label":null,"lesson_type_icon":null,"default_lesson_type_label":"Video","default_lesson_type_icon":"video","under_construction":false},{"id":5554972,"position":7,"chapter_id":1538160,"name":"Fixing A Slice","contentable_type":"Lesson","slug":"5554972-fixing-a-slice","is_free_trial":false,"next_content_id":5554973,"next_content_slug":"5554973-fixing-a-weak-fade","next_content_type":"Lesson","display_name":"Video","contentable":1905780,"contentable_id":1905780,"payment_required":false,"draft":false,"is_released":true,"release_date":null,"prerequisite":false,"total_post_count":0,"discussions_enabled":true,"meta_data":{"duration_in_seconds":576},"expand_enabled":false,"lesson_type_label":null,"lesson_type_icon":null,"default_lesson_type_label":"Video","default_lesson_type_icon":"video","under_construction":false},{"id":5554973,"position":8,"chapter_id":1538160,"name":"Fixing A Weak Fade","contentable_type":"Lesson","slug":"5554973-fixing-a-weak-fade","is_free_trial":false,"next_content_id":5554992,"next_content_slug":"5554992-lesson-with-tim-eliminating-hooks","next_content_type":"Lesson","display_name":"Video","contentable":1905781,"contentable_id":1905781,"payment_required":false,"draft":false,"is_released":true,"release_date":null,"prerequisite":false,"total_post_count":0,"discussions_enabled":true,"meta_data":{"duration_in_seconds":539},"expand_enabled":false,"lesson_type_label":null,"lesson_type_icon":null,"default_lesson_type_label":"Video","default_lesson_type_icon":"video","under_construction":false},{"id":5554992,"position":9,"chapter_id":1538160,"name":"Lesson With Tim - Eliminating Hooks","contentable_type":"Lesson","slug":"5554992-lesson-with-tim-eliminating-hooks","is_free_trial":false,"next_content_id":null,"next_content_slug":null,"next_content_type":null,"display_name":"Video","contentable":1905800,"contentable_id":1905800,"payment_required":false,"draft":false,"is_released":true,"release_date":null,"prerequisite":false,"total_post_count":0,"discussions_enabled":true,"meta_data":{"duration_in_seconds":3393},"expand_enabled":false,"lesson_type_label":null,"lesson_type_icon":null,"default_lesson_type_label":"Video","default_lesson_type_icon":"video","under_construction":false}],"chapters":[{"id":1538160,"name":"Ball Pattern Faults and Fixes","position":1,"course_id":384436,"content_ids":[5554966,5554967,5554968,5554969,5554970,5554971,5554972,5554973,5554992]}]}