{"course":{"id":667124,"name":"Distance Master Class","slug":"distance-master-class","landing_page_url":"https://www.cogornogolf.com/courses/distance-master-class","checkout_page_url":"https://www.cogornogolf.com/enroll/702017","site_twitter_handle":"","support_email":"service@cogornogolf.com","subdomain":"cogornogolf","product_id":702017,"use_linkedin_profile_certification":false,"completion_page_html":"","use_custom_completion_page_html":false,"reviews_enabled":false,"goals_enabled":false,"autoplay_all_videos":true,"require_video_completion":false,"video_completion_percentage":"100","disable_chapter_completed_modal":false,"theme":null,"primary_color":null,"font":null,"logo":null,"show_logo":true,"disable_text_selection":false,"hide_lesson_type_label_and_icon":false,"hide_lesson_type_icon":false,"is_onboarding_demo_course":false,"social_share_course_completion_overridden":false,"social_share_chapter_completion_overridden":false,"social_share_message":null,"facebook_shared_landing_page_url":"https://www.cogornogolf.com/u6thp","linkedin_shared_landing_page_url":"https://www.cogornogolf.com/tx595","twitter_shared_landing_page_url":"https://www.cogornogolf.com/k0vgg","shared_landing_page_url":"https://www.cogornogolf.com/baoqp","chapter_ids":[2988867]},"contents":[{"id":11524318,"position":2,"chapter_id":2988867,"name":"Distance Master Class Video 1 - Introduction","contentable_type":"Lesson","slug":"11524318-distance-master-class-video-1-introduction","is_free_trial":false,"next_content_id":11524348,"next_content_slug":"11524348-distance-master-class-video-2-iron-distance-principles","next_content_type":"Lesson","display_name":"Video","contentable":4385329,"contentable_id":4385329,"payment_required":false,"draft":false,"is_released":true,"release_date":null,"prerequisite":false,"total_post_count":0,"discussions_enabled":false,"meta_data":{"duration_in_seconds":91},"expand_enabled":false,"lesson_type_label":null,"lesson_type_icon":null,"default_lesson_type_label":"Video","default_lesson_type_icon":"video","under_construction":false},{"id":11524348,"position":3,"chapter_id":2988867,"name":"Distance Master Class Video 2 - Iron Distance Principles","contentable_type":"Lesson","slug":"11524348-distance-master-class-video-2-iron-distance-principles","is_free_trial":false,"next_content_id":11524977,"next_content_slug":"11524977-distance-master-class-video-3-compression","next_content_type":"Lesson","display_name":"Video","contentable":4385340,"contentable_id":4385340,"payment_required":false,"draft":false,"is_released":true,"release_date":null,"prerequisite":false,"total_post_count":0,"discussions_enabled":false,"meta_data":{"duration_in_seconds":116},"expand_enabled":false,"lesson_type_label":null,"lesson_type_icon":null,"default_lesson_type_label":"Video","default_lesson_type_icon":"video","under_construction":false},{"id":11524977,"position":4,"chapter_id":2988867,"name":"Distance Master Class Video 3 - Compression","contentable_type":"Lesson","slug":"11524977-distance-master-class-video-3-compression","is_free_trial":false,"next_content_id":11525009,"next_content_slug":"11525009-distance-master-class-video-4-clubface-grip","next_content_type":"Lesson","display_name":"Video","contentable":4385492,"contentable_id":4385492,"payment_required":false,"draft":false,"is_released":true,"release_date":null,"prerequisite":false,"total_post_count":0,"discussions_enabled":false,"meta_data":{"duration_in_seconds":311},"expand_enabled":false,"lesson_type_label":null,"lesson_type_icon":null,"default_lesson_type_label":"Video","default_lesson_type_icon":"video","under_construction":false},{"id":11525009,"position":5,"chapter_id":2988867,"name":"Distance Master Class Video 4 - Clubface - Grip","contentable_type":"Lesson","slug":"11525009-distance-master-class-video-4-clubface-grip","is_free_trial":false,"next_content_id":11525043,"next_content_slug":"11525043-distance-master-class-video-5-clubface-arm-rotation","next_content_type":"Lesson","display_name":"Video","contentable":4385504,"contentable_id":4385504,"payment_required":false,"draft":false,"is_released":true,"release_date":null,"prerequisite":false,"total_post_count":0,"discussions_enabled":false,"meta_data":{"duration_in_seconds":240},"expand_enabled":false,"lesson_type_label":null,"lesson_type_icon":null,"default_lesson_type_label":"Video","default_lesson_type_icon":"video","under_construction":false},{"id":11525011,"position":5,"chapter_id":2988867,"name":"Distance Master Class Video 4 - Clubface - Grip","contentable_type":"Lesson","slug":"11525011-distance-master-class-video-4-clubface-grip","is_free_trial":false,"next_content_id":11525043,"next_content_slug":"11525043-distance-master-class-video-5-clubface-arm-rotation","next_content_type":"Lesson","display_name":"Video","contentable":4385504,"contentable_id":4385504,"payment_required":false,"draft":false,"is_released":true,"release_date":null,"prerequisite":false,"total_post_count":0,"discussions_enabled":false,"meta_data":{"duration_in_seconds":240},"expand_enabled":false,"lesson_type_label":null,"lesson_type_icon":null,"default_lesson_type_label":"Video","default_lesson_type_icon":"video","under_construction":false},{"id":11525043,"position":6,"chapter_id":2988867,"name":"Distance Master Class Video 5 - Clubface - Arm Rotation","contentable_type":"Lesson","slug":"11525043-distance-master-class-video-5-clubface-arm-rotation","is_free_trial":false,"next_content_id":11525239,"next_content_slug":"11525239-distance-master-class-video-6-clubface-wrist-conditions","next_content_type":"Lesson","display_name":"Video","contentable":4385516,"contentable_id":4385516,"payment_required":false,"draft":false,"is_released":true,"release_date":null,"prerequisite":false,"total_post_count":0,"discussions_enabled":false,"meta_data":{"duration_in_seconds":367},"expand_enabled":false,"lesson_type_label":null,"lesson_type_icon":null,"default_lesson_type_label":"Video","default_lesson_type_icon":"video","under_construction":false},{"id":11525032,"position":6,"chapter_id":2988867,"name":"Distance Master Class Video 5 - Clubface - Arm Rotation","contentable_type":"Lesson","slug":"11525032-distance-master-class-video-5-clubface-arm-rotation","is_free_trial":false,"next_content_id":11525239,"next_content_slug":"11525239-distance-master-class-video-6-clubface-wrist-conditions","next_content_type":"Lesson","display_name":"Video","contentable":4385516,"contentable_id":4385516,"payment_required":false,"draft":false,"is_released":true,"release_date":null,"prerequisite":false,"total_post_count":0,"discussions_enabled":false,"meta_data":{"duration_in_seconds":367},"expand_enabled":false,"lesson_type_label":null,"lesson_type_icon":null,"default_lesson_type_label":"Video","default_lesson_type_icon":"video","under_construction":false},{"id":11525239,"position":7,"chapter_id":2988867,"name":"Distance Master Class Video 6 - Clubface - Wrist Conditions","contentable_type":"Lesson","slug":"11525239-distance-master-class-video-6-clubface-wrist-conditions","is_free_trial":false,"next_content_id":11525265,"next_content_slug":"11525265-distance-master-class-video-7-club-path","next_content_type":"Lesson","display_name":"Video","contentable":4385540,"contentable_id":4385540,"payment_required":false,"draft":false,"is_released":true,"release_date":null,"prerequisite":false,"total_post_count":0,"discussions_enabled":false,"meta_data":{"duration_in_seconds":428},"expand_enabled":false,"lesson_type_label":null,"lesson_type_icon":null,"default_lesson_type_label":"Video","default_lesson_type_icon":"video","under_construction":false},{"id":11525237,"position":7,"chapter_id":2988867,"name":"Distance Master Class Video 6 - Clubface - Wrist Conditions","contentable_type":"Lesson","slug":"11525237-distance-master-class-video-6-clubface-wrist-conditions","is_free_trial":false,"next_content_id":11525265,"next_content_slug":"11525265-distance-master-class-video-7-club-path","next_content_type":"Lesson","display_name":"Video","contentable":4385540,"contentable_id":4385540,"payment_required":false,"draft":false,"is_released":true,"release_date":null,"prerequisite":false,"total_post_count":0,"discussions_enabled":false,"meta_data":{"duration_in_seconds":428},"expand_enabled":false,"lesson_type_label":null,"lesson_type_icon":null,"default_lesson_type_label":"Video","default_lesson_type_icon":"video","under_construction":false},{"id":11525242,"position":7,"chapter_id":2988867,"name":"Distance Master Class Video 6 - Clubface - Wrist Conditions","contentable_type":"Lesson","slug":"11525242-distance-master-class-video-6-clubface-wrist-conditions","is_free_trial":false,"next_content_id":11525265,"next_content_slug":"11525265-distance-master-class-video-7-club-path","next_content_type":"Lesson","display_name":"Video","contentable":4385540,"contentable_id":4385540,"payment_required":false,"draft":false,"is_released":true,"release_date":null,"prerequisite":false,"total_post_count":0,"discussions_enabled":false,"meta_data":{"duration_in_seconds":428},"expand_enabled":false,"lesson_type_label":null,"lesson_type_icon":null,"default_lesson_type_label":"Video","default_lesson_type_icon":"video","under_construction":false},{"id":11525265,"position":8,"chapter_id":2988867,"name":"Distance Master Class Video 7 - Club Path","contentable_type":"Lesson","slug":"11525265-distance-master-class-video-7-club-path","is_free_trial":false,"next_content_id":11525325,"next_content_slug":"11525325-distance-master-class-video-8-feedback-station-1","next_content_type":"Lesson","display_name":"Video","contentable":4385553,"contentable_id":4385553,"payment_required":false,"draft":false,"is_released":true,"release_date":null,"prerequisite":false,"total_post_count":0,"discussions_enabled":false,"meta_data":{"duration_in_seconds":469},"expand_enabled":false,"lesson_type_label":null,"lesson_type_icon":null,"default_lesson_type_label":"Video","default_lesson_type_icon":"video","under_construction":false},{"id":11525272,"position":8,"chapter_id":2988867,"name":"Distance Master Class Video 7 - Club Path","contentable_type":"Lesson","slug":"11525272-distance-master-class-video-7-club-path","is_free_trial":false,"next_content_id":11525325,"next_content_slug":"11525325-distance-master-class-video-8-feedback-station-1","next_content_type":"Lesson","display_name":"Video","contentable":4385553,"contentable_id":4385553,"payment_required":false,"draft":false,"is_released":true,"release_date":null,"prerequisite":false,"total_post_count":0,"discussions_enabled":false,"meta_data":{"duration_in_seconds":469},"expand_enabled":false,"lesson_type_label":null,"lesson_type_icon":null,"default_lesson_type_label":"Video","default_lesson_type_icon":"video","under_construction":false},{"id":11525325,"position":9,"chapter_id":2988867,"name":"Distance Master Class Video 8 - Feedback Station #1","contentable_type":"Lesson","slug":"11525325-distance-master-class-video-8-feedback-station-1","is_free_trial":false,"next_content_id":11525367,"next_content_slug":"11525367-distance-master-class-video-9-feedback-station-2","next_content_type":"Lesson","display_name":"Video","contentable":4385569,"contentable_id":4385569,"payment_required":false,"draft":false,"is_released":true,"release_date":null,"prerequisite":false,"total_post_count":0,"discussions_enabled":false,"meta_data":{"duration_in_seconds":227},"expand_enabled":false,"lesson_type_label":null,"lesson_type_icon":null,"default_lesson_type_label":"Video","default_lesson_type_icon":"video","under_construction":false},{"id":11525367,"position":10,"chapter_id":2988867,"name":"Distance Master Class Video 9 - Feedback Station #2","contentable_type":"Lesson","slug":"11525367-distance-master-class-video-9-feedback-station-2","is_free_trial":false,"next_content_id":11525570,"next_content_slug":"11525570-distance-master-class-video-10-setup-pieces-for-distance-what-matters","next_content_type":"Lesson","display_name":"Video","contentable":4385585,"contentable_id":4385585,"payment_required":false,"draft":false,"is_released":true,"release_date":null,"prerequisite":false,"total_post_count":0,"discussions_enabled":false,"meta_data":{"duration_in_seconds":257},"expand_enabled":false,"lesson_type_label":null,"lesson_type_icon":null,"default_lesson_type_label":"Video","default_lesson_type_icon":"video","under_construction":false},{"id":11525570,"position":11,"chapter_id":2988867,"name":"Distance Master Class Video 10 - Setup Pieces For Distance - What Matters","contentable_type":"Lesson","slug":"11525570-distance-master-class-video-10-setup-pieces-for-distance-what-matters","is_free_trial":false,"next_content_id":11525581,"next_content_slug":"11525581-distance-master-class-video-11-backswing-pieces-for-distance-what-matters","next_content_type":"Lesson","display_name":"Video","contentable":4385666,"contentable_id":4385666,"payment_required":false,"draft":false,"is_released":true,"release_date":null,"prerequisite":false,"total_post_count":0,"discussions_enabled":false,"meta_data":{"duration_in_seconds":200},"expand_enabled":false,"lesson_type_label":null,"lesson_type_icon":null,"default_lesson_type_label":"Video","default_lesson_type_icon":"video","under_construction":false},{"id":11525581,"position":12,"chapter_id":2988867,"name":"Distance Master Class Video 11 - Backswing Pieces For Distance - What Matters","contentable_type":"Lesson","slug":"11525581-distance-master-class-video-11-backswing-pieces-for-distance-what-matters","is_free_trial":false,"next_content_id":11525587,"next_content_slug":"11525587-distance-master-class-video-12-downswing-and-follow-through-pieces-for-distance-what-matters","next_content_type":"Lesson","display_name":"Video","contentable":4385673,"contentable_id":4385673,"payment_required":false,"draft":false,"is_released":true,"release_date":null,"prerequisite":false,"total_post_count":0,"discussions_enabled":false,"meta_data":{"duration_in_seconds":215},"expand_enabled":false,"lesson_type_label":null,"lesson_type_icon":null,"default_lesson_type_label":"Video","default_lesson_type_icon":"video","under_construction":false},{"id":11525587,"position":13,"chapter_id":2988867,"name":"Distance Master Class Video 12 - Downswing And Follow Through Pieces For Distance - What Matters","contentable_type":"Lesson","slug":"11525587-distance-master-class-video-12-downswing-and-follow-through-pieces-for-distance-what-matters","is_free_trial":false,"next_content_id":11525594,"next_content_slug":"11525594-distance-master-class-video-13","next_content_type":"Lesson","display_name":"Video","contentable":4385676,"contentable_id":4385676,"payment_required":false,"draft":false,"is_released":true,"release_date":null,"prerequisite":false,"total_post_count":0,"discussions_enabled":false,"meta_data":{"duration_in_seconds":105},"expand_enabled":false,"lesson_type_label":null,"lesson_type_icon":null,"default_lesson_type_label":"Video","default_lesson_type_icon":"video","under_construction":false},{"id":11525594,"position":14,"chapter_id":2988867,"name":"Distance Master Class Video 13 - ","contentable_type":"Lesson","slug":"11525594-distance-master-class-video-13","is_free_trial":false,"next_content_id":11525599,"next_content_slug":"11525599-distance-master-class-video-14-legs","next_content_type":"Lesson","display_name":"Video","contentable":4385680,"contentable_id":4385680,"payment_required":false,"draft":false,"is_released":true,"release_date":null,"prerequisite":false,"total_post_count":0,"discussions_enabled":false,"meta_data":{"duration_in_seconds":337},"expand_enabled":false,"lesson_type_label":null,"lesson_type_icon":null,"default_lesson_type_label":"Video","default_lesson_type_icon":"video","under_construction":false},{"id":11525599,"position":15,"chapter_id":2988867,"name":"Distance Master Class Video 14 - Legs","contentable_type":"Lesson","slug":"11525599-distance-master-class-video-14-legs","is_free_trial":false,"next_content_id":11525606,"next_content_slug":"11525606-distance-master-class-video-15-hips","next_content_type":"Lesson","display_name":"Video","contentable":4385682,"contentable_id":4385682,"payment_required":false,"draft":false,"is_released":true,"release_date":null,"prerequisite":false,"total_post_count":0,"discussions_enabled":false,"meta_data":{"duration_in_seconds":508},"expand_enabled":false,"lesson_type_label":null,"lesson_type_icon":null,"default_lesson_type_label":"Video","default_lesson_type_icon":"video","under_construction":false},{"id":11525606,"position":16,"chapter_id":2988867,"name":"Distance Master Class Video 15 - Hips","contentable_type":"Lesson","slug":"11525606-distance-master-class-video-15-hips","is_free_trial":false,"next_content_id":11525611,"next_content_slug":"11525611-distance-master-class-video-16-torso","next_content_type":"Lesson","display_name":"Video","contentable":4385685,"contentable_id":4385685,"payment_required":false,"draft":false,"is_released":true,"release_date":null,"prerequisite":false,"total_post_count":0,"discussions_enabled":false,"meta_data":{"duration_in_seconds":283},"expand_enabled":false,"lesson_type_label":null,"lesson_type_icon":null,"default_lesson_type_label":"Video","default_lesson_type_icon":"video","under_construction":false},{"id":11525611,"position":17,"chapter_id":2988867,"name":"Distance Master Class Video 16 - Torso","contentable_type":"Lesson","slug":"11525611-distance-master-class-video-16-torso","is_free_trial":false,"next_content_id":11525620,"next_content_slug":"11525620-distance-master-class-video-17-torso","next_content_type":"Lesson","display_name":"Video","contentable":4385689,"contentable_id":4385689,"payment_required":false,"draft":false,"is_released":true,"release_date":null,"prerequisite":false,"total_post_count":0,"discussions_enabled":false,"meta_data":{"duration_in_seconds":365},"expand_enabled":false,"lesson_type_label":null,"lesson_type_icon":null,"default_lesson_type_label":"Video","default_lesson_type_icon":"video","under_construction":false},{"id":11525620,"position":18,"chapter_id":2988867,"name":"Distance Master Class Video 17 - Torso","contentable_type":"Lesson","slug":"11525620-distance-master-class-video-17-torso","is_free_trial":false,"next_content_id":11525913,"next_content_slug":"11525913-distance-master-class-video-18-driver","next_content_type":"Lesson","display_name":"Video","contentable":4385692,"contentable_id":4385692,"payment_required":false,"draft":false,"is_released":true,"release_date":null,"prerequisite":false,"total_post_count":0,"discussions_enabled":false,"meta_data":{"duration_in_seconds":248},"expand_enabled":false,"lesson_type_label":null,"lesson_type_icon":null,"default_lesson_type_label":"Video","default_lesson_type_icon":"video","under_construction":false},{"id":11525913,"position":19,"chapter_id":2988867,"name":"Distance Master Class Video 18 - Driver","contentable_type":"Lesson","slug":"11525913-distance-master-class-video-18-driver","is_free_trial":false,"next_content_id":11525916,"next_content_slug":"11525916-distance-master-class-video-19-driver-setup","next_content_type":"Lesson","display_name":"Video","contentable":4385718,"contentable_id":4385718,"payment_required":false,"draft":false,"is_released":true,"release_date":null,"prerequisite":false,"total_post_count":0,"discussions_enabled":false,"meta_data":{"duration_in_seconds":168},"expand_enabled":false,"lesson_type_label":null,"lesson_type_icon":null,"default_lesson_type_label":"Video","default_lesson_type_icon":"video","under_construction":false},{"id":11525916,"position":20,"chapter_id":2988867,"name":"Distance Master Class Video 19 - Driver Setup","contentable_type":"Lesson","slug":"11525916-distance-master-class-video-19-driver-setup","is_free_trial":false,"next_content_id":11525928,"next_content_slug":"11525928-distance-master-class-video-20-angle-of-attack","next_content_type":"Lesson","display_name":"Video","contentable":4385721,"contentable_id":4385721,"payment_required":false,"draft":false,"is_released":true,"release_date":null,"prerequisite":false,"total_post_count":0,"discussions_enabled":false,"meta_data":{"duration_in_seconds":147},"expand_enabled":false,"lesson_type_label":null,"lesson_type_icon":null,"default_lesson_type_label":"Video","default_lesson_type_icon":"video","under_construction":false},{"id":11525928,"position":21,"chapter_id":2988867,"name":"Distance Master Class Video 20 - Angle Of Attack","contentable_type":"Lesson","slug":"11525928-distance-master-class-video-20-angle-of-attack","is_free_trial":false,"next_content_id":11525940,"next_content_slug":"11525940-distance-master-class-video-21-summary","next_content_type":"Lesson","display_name":"Video","contentable":4385728,"contentable_id":4385728,"payment_required":false,"draft":false,"is_released":true,"release_date":null,"prerequisite":false,"total_post_count":0,"discussions_enabled":false,"meta_data":{"duration_in_seconds":438},"expand_enabled":false,"lesson_type_label":null,"lesson_type_icon":null,"default_lesson_type_label":"Video","default_lesson_type_icon":"video","under_construction":false},{"id":11525940,"position":22,"chapter_id":2988867,"name":"Distance Master Class Video 21 - Summary","contentable_type":"Lesson","slug":"11525940-distance-master-class-video-21-summary","is_free_trial":false,"next_content_id":null,"next_content_slug":null,"next_content_type":null,"display_name":"Video","contentable":4385735,"contentable_id":4385735,"payment_required":false,"draft":false,"is_released":true,"release_date":null,"prerequisite":false,"total_post_count":0,"discussions_enabled":false,"meta_data":{"duration_in_seconds":13},"expand_enabled":false,"lesson_type_label":null,"lesson_type_icon":null,"default_lesson_type_label":"Video","default_lesson_type_icon":"video","under_construction":false}],"chapters":[{"id":2988867,"name":"Distance Master Class","position":2,"course_id":667124,"content_ids":[11524318,11524348,11524977,11525009,11525011,11525043,11525032,11525239,11525237,11525242,11525265,11525272,11525325,11525367,11525570,11525581,11525587,11525594,11525599,11525606,11525611,11525620,11525913,11525916,11525928,11525940]}]}