{"course":{"id":402749,"name":"Flip/Early Release Drills \u0026 Feels","slug":"drills-feels-flip","landing_page_url":"https://www.cogornogolf.com/courses/drills-feels-flip","checkout_page_url":"https://www.cogornogolf.com/enroll/424808","site_twitter_handle":"","support_email":"service@cogornogolf.com","subdomain":"cogornogolf","product_id":424808,"use_linkedin_profile_certification":false,"completion_page_html":"","use_custom_completion_page_html":false,"reviews_enabled":false,"goals_enabled":false,"autoplay_all_videos":true,"require_video_completion":false,"video_completion_percentage":"100","disable_chapter_completed_modal":false,"theme":"course_player_white","primary_color":null,"font":null,"logo":null,"show_logo":true,"disable_text_selection":false,"hide_lesson_type_label_and_icon":false,"hide_lesson_type_icon":false,"is_onboarding_demo_course":false,"social_share_course_completion_overridden":false,"social_share_chapter_completion_overridden":false,"social_share_message":null,"facebook_shared_landing_page_url":"https://www.cogornogolf.com/22ilo","linkedin_shared_landing_page_url":"https://www.cogornogolf.com/o7y2m","twitter_shared_landing_page_url":"https://www.cogornogolf.com/m7s2x","shared_landing_page_url":"https://www.cogornogolf.com/ja050","chapter_ids":[1636665,1636666]},"contents":[{"id":5942909,"position":2,"chapter_id":1636665,"name":"Anti-Flip Rod Drill","contentable_type":"Lesson","slug":"5942909-anti-flip-rod-drill","is_free_trial":false,"next_content_id":5942910,"next_content_slug":"5942910-chip-stix-rotation-drill","next_content_type":"Lesson","display_name":"Video","contentable":2063996,"contentable_id":2063996,"payment_required":false,"draft":false,"is_released":true,"release_date":null,"prerequisite":false,"total_post_count":0,"discussions_enabled":true,"meta_data":{"duration_in_seconds":96},"expand_enabled":false,"lesson_type_label":null,"lesson_type_icon":null,"default_lesson_type_label":"Video","default_lesson_type_icon":"video","under_construction":false},{"id":5942910,"position":3,"chapter_id":1636665,"name":"Chip Stix Rotation Drill","contentable_type":"Lesson","slug":"5942910-chip-stix-rotation-drill","is_free_trial":false,"next_content_id":5942911,"next_content_slug":"5942911-hanger-drill","next_content_type":"Lesson","display_name":"Video","contentable":2063997,"contentable_id":2063997,"payment_required":false,"draft":false,"is_released":true,"release_date":null,"prerequisite":false,"total_post_count":0,"discussions_enabled":true,"meta_data":{"duration_in_seconds":56},"expand_enabled":false,"lesson_type_label":null,"lesson_type_icon":null,"default_lesson_type_label":"Video","default_lesson_type_icon":"video","under_construction":false},{"id":5942911,"position":4,"chapter_id":1636665,"name":"Hanger Drill","contentable_type":"Lesson","slug":"5942911-hanger-drill","is_free_trial":false,"next_content_id":5944378,"next_content_slug":"5944378-lead-wrist-wall-drill","next_content_type":"Lesson","display_name":"Video","contentable":2063998,"contentable_id":2063998,"payment_required":false,"draft":false,"is_released":true,"release_date":null,"prerequisite":false,"total_post_count":0,"discussions_enabled":true,"meta_data":{"duration_in_seconds":142},"expand_enabled":false,"lesson_type_label":null,"lesson_type_icon":null,"default_lesson_type_label":"Video","default_lesson_type_icon":"video","under_construction":false},{"id":5944378,"position":5,"chapter_id":1636665,"name":"Lead Wrist Wall Drill","contentable_type":"Lesson","slug":"5944378-lead-wrist-wall-drill","is_free_trial":false,"next_content_id":5942912,"next_content_slug":"5942912-anti-flip-flexion-supination-feel","next_content_type":"Lesson","display_name":"Video","contentable":2064586,"contentable_id":2064586,"payment_required":false,"draft":false,"is_released":true,"release_date":null,"prerequisite":false,"total_post_count":0,"discussions_enabled":true,"meta_data":{"duration_in_seconds":113},"expand_enabled":false,"lesson_type_label":null,"lesson_type_icon":null,"default_lesson_type_label":"Video","default_lesson_type_icon":"video","under_construction":false},{"id":5942912,"position":2,"chapter_id":1636666,"name":"Anti-Flip Flexion \u0026 Supination Feel","contentable_type":"Lesson","slug":"5942912-anti-flip-flexion-supination-feel","is_free_trial":false,"next_content_id":null,"next_content_slug":null,"next_content_type":null,"display_name":"Video","contentable":2063999,"contentable_id":2063999,"payment_required":false,"draft":false,"is_released":true,"release_date":null,"prerequisite":false,"total_post_count":1,"discussions_enabled":true,"meta_data":{"duration_in_seconds":102},"expand_enabled":false,"lesson_type_label":null,"lesson_type_icon":null,"default_lesson_type_label":"Video","default_lesson_type_icon":"video","under_construction":false}],"chapters":[{"id":1636665,"name":"Drills","position":2,"course_id":402749,"content_ids":[5942909,5942910,5942911,5944378]},{"id":1636666,"name":"Feels","position":3,"course_id":402749,"content_ids":[5942912]}]}