{"course":{"id":402755,"name":"Sway Drills \u0026 Feels","slug":"drills-feels-sway","landing_page_url":"https://www.cogornogolf.com/courses/drills-feels-sway","checkout_page_url":"https://www.cogornogolf.com/enroll/424814","site_twitter_handle":"","support_email":"service@cogornogolf.com","subdomain":"cogornogolf","product_id":424814,"use_linkedin_profile_certification":false,"completion_page_html":"","use_custom_completion_page_html":false,"reviews_enabled":false,"goals_enabled":false,"autoplay_all_videos":true,"require_video_completion":false,"video_completion_percentage":"100","disable_chapter_completed_modal":false,"theme":"course_player_white","primary_color":null,"font":null,"logo":null,"show_logo":true,"disable_text_selection":false,"hide_lesson_type_label_and_icon":false,"hide_lesson_type_icon":false,"is_onboarding_demo_course":false,"social_share_course_completion_overridden":false,"social_share_chapter_completion_overridden":false,"social_share_message":null,"facebook_shared_landing_page_url":"https://www.cogornogolf.com/wiqlf","linkedin_shared_landing_page_url":"https://www.cogornogolf.com/g2rhn","twitter_shared_landing_page_url":"https://www.cogornogolf.com/ofb0p","shared_landing_page_url":"https://www.cogornogolf.com/5frrp","chapter_ids":[1636677,1636678]},"contents":[{"id":5942950,"position":2,"chapter_id":1636677,"name":"Alignment Rod Anti-Sway Drill","contentable_type":"Lesson","slug":"5942950-alignment-rod-anti-sway-drill","is_free_trial":false,"next_content_id":5942951,"next_content_slug":"5942951-chair-object-anti-sway-drill","next_content_type":"Lesson","display_name":"Video","contentable":2064034,"contentable_id":2064034,"payment_required":false,"draft":false,"is_released":true,"release_date":null,"prerequisite":false,"total_post_count":0,"discussions_enabled":true,"meta_data":{"duration_in_seconds":102},"expand_enabled":false,"lesson_type_label":null,"lesson_type_icon":null,"default_lesson_type_label":"Video","default_lesson_type_icon":"video","under_construction":false},{"id":5942951,"position":3,"chapter_id":1636677,"name":"Chair-Object Anti-Sway Drill","contentable_type":"Lesson","slug":"5942951-chair-object-anti-sway-drill","is_free_trial":false,"next_content_id":5942952,"next_content_slug":"5942952-staying-centered-shadow-drill","next_content_type":"Lesson","display_name":"Video","contentable":2064035,"contentable_id":2064035,"payment_required":false,"draft":false,"is_released":true,"release_date":null,"prerequisite":false,"total_post_count":0,"discussions_enabled":true,"meta_data":{"duration_in_seconds":57},"expand_enabled":false,"lesson_type_label":null,"lesson_type_icon":null,"default_lesson_type_label":"Video","default_lesson_type_icon":"video","under_construction":false},{"id":5942952,"position":4,"chapter_id":1636677,"name":"Staying Centered Shadow Drill","contentable_type":"Lesson","slug":"5942952-staying-centered-shadow-drill","is_free_trial":false,"next_content_id":5942953,"next_content_slug":"5942953-backswing-chest-feel","next_content_type":"Lesson","display_name":"Video","contentable":2064036,"contentable_id":2064036,"payment_required":false,"draft":false,"is_released":true,"release_date":null,"prerequisite":false,"total_post_count":0,"discussions_enabled":true,"meta_data":{"duration_in_seconds":111},"expand_enabled":false,"lesson_type_label":null,"lesson_type_icon":null,"default_lesson_type_label":"Video","default_lesson_type_icon":"video","under_construction":false},{"id":5942953,"position":2,"chapter_id":1636678,"name":"Backswing Chest Feel","contentable_type":"Lesson","slug":"5942953-backswing-chest-feel","is_free_trial":false,"next_content_id":5942954,"next_content_slug":"5942954-backswing-lead-shoulder-feel","next_content_type":"Lesson","display_name":"Video","contentable":2064037,"contentable_id":2064037,"payment_required":false,"draft":false,"is_released":true,"release_date":null,"prerequisite":false,"total_post_count":0,"discussions_enabled":true,"meta_data":{"duration_in_seconds":42},"expand_enabled":false,"lesson_type_label":null,"lesson_type_icon":null,"default_lesson_type_label":"Video","default_lesson_type_icon":"video","under_construction":false},{"id":5942954,"position":3,"chapter_id":1636678,"name":"Backswing Lead Shoulder Feel","contentable_type":"Lesson","slug":"5942954-backswing-lead-shoulder-feel","is_free_trial":false,"next_content_id":5942955,"next_content_slug":"5942955-backswing-trail-shoulder-feel","next_content_type":"Lesson","display_name":"Video","contentable":2064038,"contentable_id":2064038,"payment_required":false,"draft":false,"is_released":true,"release_date":null,"prerequisite":false,"total_post_count":0,"discussions_enabled":true,"meta_data":{"duration_in_seconds":75},"expand_enabled":false,"lesson_type_label":null,"lesson_type_icon":null,"default_lesson_type_label":"Video","default_lesson_type_icon":"video","under_construction":false},{"id":5942955,"position":4,"chapter_id":1636678,"name":"Backswing Trail Shoulder Feel","contentable_type":"Lesson","slug":"5942955-backswing-trail-shoulder-feel","is_free_trial":false,"next_content_id":null,"next_content_slug":null,"next_content_type":null,"display_name":"Video","contentable":2064039,"contentable_id":2064039,"payment_required":false,"draft":false,"is_released":true,"release_date":null,"prerequisite":false,"total_post_count":0,"discussions_enabled":true,"meta_data":{"duration_in_seconds":32},"expand_enabled":false,"lesson_type_label":null,"lesson_type_icon":null,"default_lesson_type_label":"Video","default_lesson_type_icon":"video","under_construction":false}],"chapters":[{"id":1636677,"name":"Drills","position":2,"course_id":402755,"content_ids":[5942950,5942951,5942952]},{"id":1636678,"name":"Feels","position":3,"course_id":402755,"content_ids":[5942953,5942954,5942955]}]}