{"course":{"id":402750,"name":"Faulty Takeaway Drills \u0026 Feels","slug":"drills-feels-takeaway","landing_page_url":"https://www.cogornogolf.com/courses/drills-feels-takeaway","checkout_page_url":"https://www.cogornogolf.com/enroll/424809","site_twitter_handle":"","support_email":"service@cogornogolf.com","subdomain":"cogornogolf","product_id":424809,"use_linkedin_profile_certification":false,"completion_page_html":"","use_custom_completion_page_html":false,"reviews_enabled":false,"goals_enabled":false,"autoplay_all_videos":true,"require_video_completion":false,"video_completion_percentage":"100","disable_chapter_completed_modal":false,"theme":"course_player_white","primary_color":null,"font":null,"logo":null,"show_logo":true,"disable_text_selection":false,"hide_lesson_type_label_and_icon":false,"hide_lesson_type_icon":false,"is_onboarding_demo_course":false,"social_share_course_completion_overridden":false,"social_share_chapter_completion_overridden":false,"social_share_message":null,"facebook_shared_landing_page_url":"https://www.cogornogolf.com/a8o1s","linkedin_shared_landing_page_url":"https://www.cogornogolf.com/5aig0","twitter_shared_landing_page_url":"https://www.cogornogolf.com/vm23z","shared_landing_page_url":"https://www.cogornogolf.com/pe6x7","chapter_ids":[1636667,1636668]},"contents":[{"id":5942915,"position":2,"chapter_id":1636667,"name":"30-45 Alignment Rod Drill","contentable_type":"Lesson","slug":"5942915-30-45-alignment-rod-drill","is_free_trial":false,"next_content_id":5942916,"next_content_slug":"5942916-alignment-rod-takeaway-drill","next_content_type":"Lesson","display_name":"Video","contentable":2064002,"contentable_id":2064002,"payment_required":false,"draft":false,"is_released":true,"release_date":null,"prerequisite":false,"total_post_count":0,"discussions_enabled":true,"meta_data":{"duration_in_seconds":89},"expand_enabled":false,"lesson_type_label":null,"lesson_type_icon":null,"default_lesson_type_label":"Video","default_lesson_type_icon":"video","under_construction":false},{"id":5942916,"position":3,"chapter_id":1636667,"name":"Alignment Rod Takeaway Drill","contentable_type":"Lesson","slug":"5942916-alignment-rod-takeaway-drill","is_free_trial":false,"next_content_id":5942917,"next_content_slug":"5942917-stick-in-ground-takeaway-drill","next_content_type":"Lesson","display_name":"Video","contentable":2064003,"contentable_id":2064003,"payment_required":false,"draft":false,"is_released":true,"release_date":null,"prerequisite":false,"total_post_count":0,"discussions_enabled":true,"meta_data":{"duration_in_seconds":105},"expand_enabled":false,"lesson_type_label":null,"lesson_type_icon":null,"default_lesson_type_label":"Video","default_lesson_type_icon":"video","under_construction":false},{"id":5942917,"position":4,"chapter_id":1636667,"name":"Stick-In-Ground Takeaway Drill","contentable_type":"Lesson","slug":"5942917-stick-in-ground-takeaway-drill","is_free_trial":false,"next_content_id":5944476,"next_content_slug":"5944476-tee-in-grip-takeaway-drill","next_content_type":"Lesson","display_name":"Video","contentable":2064004,"contentable_id":2064004,"payment_required":false,"draft":false,"is_released":true,"release_date":null,"prerequisite":false,"total_post_count":0,"discussions_enabled":true,"meta_data":{"duration_in_seconds":103},"expand_enabled":false,"lesson_type_label":null,"lesson_type_icon":null,"default_lesson_type_label":"Video","default_lesson_type_icon":"video","under_construction":false},{"id":5944476,"position":5,"chapter_id":1636667,"name":"Tee-In-Grip Takeaway Drill","contentable_type":"Lesson","slug":"5944476-tee-in-grip-takeaway-drill","is_free_trial":false,"next_content_id":5944482,"next_content_slug":"5944482-thumbs-off-takeaway-drill","next_content_type":"Lesson","display_name":"Video","contentable":2064620,"contentable_id":2064620,"payment_required":false,"draft":false,"is_released":true,"release_date":null,"prerequisite":false,"total_post_count":0,"discussions_enabled":true,"meta_data":{"duration_in_seconds":84},"expand_enabled":false,"lesson_type_label":null,"lesson_type_icon":null,"default_lesson_type_label":"Video","default_lesson_type_icon":"video","under_construction":false},{"id":5944482,"position":6,"chapter_id":1636667,"name":"Thumbs Off Takeaway Drill","contentable_type":"Lesson","slug":"5944482-thumbs-off-takeaway-drill","is_free_trial":false,"next_content_id":5942918,"next_content_slug":"5942918-2nd-ball-takeaway-feel","next_content_type":"Lesson","display_name":"Video","contentable":2064624,"contentable_id":2064624,"payment_required":false,"draft":false,"is_released":true,"release_date":null,"prerequisite":false,"total_post_count":0,"discussions_enabled":true,"meta_data":{"duration_in_seconds":81},"expand_enabled":false,"lesson_type_label":null,"lesson_type_icon":null,"default_lesson_type_label":"Video","default_lesson_type_icon":"video","under_construction":false},{"id":5942918,"position":2,"chapter_id":1636668,"name":"2nd Ball Takeaway Feel","contentable_type":"Lesson","slug":"5942918-2nd-ball-takeaway-feel","is_free_trial":false,"next_content_id":5942919,"next_content_slug":"5942919-inside-elbows-takeway-feel","next_content_type":"Lesson","display_name":"Video","contentable":2064005,"contentable_id":2064005,"payment_required":false,"draft":false,"is_released":true,"release_date":null,"prerequisite":false,"total_post_count":0,"discussions_enabled":true,"meta_data":{"duration_in_seconds":103},"expand_enabled":false,"lesson_type_label":null,"lesson_type_icon":null,"default_lesson_type_label":"Video","default_lesson_type_icon":"video","under_construction":false},{"id":5942919,"position":3,"chapter_id":1636668,"name":"Inside Elbows Takeway Feel","contentable_type":"Lesson","slug":"5942919-inside-elbows-takeway-feel","is_free_trial":false,"next_content_id":null,"next_content_slug":null,"next_content_type":null,"display_name":"Video","contentable":2064006,"contentable_id":2064006,"payment_required":false,"draft":false,"is_released":true,"release_date":null,"prerequisite":false,"total_post_count":0,"discussions_enabled":true,"meta_data":{"duration_in_seconds":53},"expand_enabled":false,"lesson_type_label":null,"lesson_type_icon":null,"default_lesson_type_label":"Video","default_lesson_type_icon":"video","under_construction":false}],"chapters":[{"id":1636667,"name":"Drills","position":2,"course_id":402750,"content_ids":[5942915,5942916,5942917,5944476,5944482]},{"id":1636668,"name":"Feels","position":3,"course_id":402750,"content_ids":[5942918,5942919]}]}