{"course":{"id":402745,"name":"Push Drills \u0026 Feels","slug":"drills-feels-push","landing_page_url":"https://www.cogornogolf.com/courses/drills-feels-push","checkout_page_url":"https://www.cogornogolf.com/enroll/424804","site_twitter_handle":"","support_email":"service@cogornogolf.com","subdomain":"cogornogolf","product_id":424804,"use_linkedin_profile_certification":false,"completion_page_html":"","use_custom_completion_page_html":false,"reviews_enabled":false,"goals_enabled":false,"autoplay_all_videos":true,"require_video_completion":false,"video_completion_percentage":"100","disable_chapter_completed_modal":false,"theme":"course_player_white","primary_color":null,"font":null,"logo":null,"show_logo":true,"disable_text_selection":false,"hide_lesson_type_label_and_icon":false,"hide_lesson_type_icon":false,"is_onboarding_demo_course":false,"social_share_course_completion_overridden":false,"social_share_chapter_completion_overridden":false,"social_share_message":null,"facebook_shared_landing_page_url":"https://www.cogornogolf.com/ndh3l","linkedin_shared_landing_page_url":"https://www.cogornogolf.com/48xys","twitter_shared_landing_page_url":"https://www.cogornogolf.com/161tk","shared_landing_page_url":"https://www.cogornogolf.com/ef3le","chapter_ids":[1636657,1636658]},"contents":[{"id":5942881,"position":2,"chapter_id":1636657,"name":"Anti-Push Fade Flip Drill","contentable_type":"Lesson","slug":"5942881-anti-push-fade-flip-drill","is_free_trial":false,"next_content_id":5942882,"next_content_slug":"5942882-anti-push-start-line-drill","next_content_type":"Lesson","display_name":"Video","contentable":2063971,"contentable_id":2063971,"payment_required":false,"draft":false,"is_released":true,"release_date":null,"prerequisite":false,"total_post_count":0,"discussions_enabled":true,"meta_data":{"duration_in_seconds":95},"expand_enabled":false,"lesson_type_label":null,"lesson_type_icon":null,"default_lesson_type_label":"Video","default_lesson_type_icon":"video","under_construction":false},{"id":5942882,"position":3,"chapter_id":1636657,"name":"Anti-Push Start Line Drill","contentable_type":"Lesson","slug":"5942882-anti-push-start-line-drill","is_free_trial":false,"next_content_id":5942883,"next_content_slug":"5942883-lead-wrist-wall-drill","next_content_type":"Lesson","display_name":"Video","contentable":2063972,"contentable_id":2063972,"payment_required":false,"draft":false,"is_released":true,"release_date":null,"prerequisite":false,"total_post_count":0,"discussions_enabled":true,"meta_data":{"duration_in_seconds":114},"expand_enabled":false,"lesson_type_label":null,"lesson_type_icon":null,"default_lesson_type_label":"Video","default_lesson_type_icon":"video","under_construction":false},{"id":5942883,"position":4,"chapter_id":1636657,"name":"Lead Wrist Wall Drill","contentable_type":"Lesson","slug":"5942883-lead-wrist-wall-drill","is_free_trial":false,"next_content_id":5942884,"next_content_slug":"5942884-trail-knee-quad-to-target-feel","next_content_type":"Lesson","display_name":"Video","contentable":2063973,"contentable_id":2063973,"payment_required":false,"draft":false,"is_released":true,"release_date":null,"prerequisite":false,"total_post_count":0,"discussions_enabled":true,"meta_data":{"duration_in_seconds":113},"expand_enabled":false,"lesson_type_label":null,"lesson_type_icon":null,"default_lesson_type_label":"Video","default_lesson_type_icon":"video","under_construction":false},{"id":5942884,"position":2,"chapter_id":1636658,"name":"Trail Knee/Quad To Target Feel","contentable_type":"Lesson","slug":"5942884-trail-knee-quad-to-target-feel","is_free_trial":false,"next_content_id":5944168,"next_content_slug":"5944168-rip-hands-left-feel","next_content_type":"Lesson","display_name":"Video","contentable":2063974,"contentable_id":2063974,"payment_required":false,"draft":false,"is_released":true,"release_date":null,"prerequisite":false,"total_post_count":0,"discussions_enabled":true,"meta_data":{"duration_in_seconds":84},"expand_enabled":false,"lesson_type_label":null,"lesson_type_icon":null,"default_lesson_type_label":"Video","default_lesson_type_icon":"video","under_construction":false},{"id":5944168,"position":3,"chapter_id":1636658,"name":"Rip Hands Left Feel","contentable_type":"Lesson","slug":"5944168-rip-hands-left-feel","is_free_trial":false,"next_content_id":null,"next_content_slug":null,"next_content_type":null,"display_name":"Video","contentable":2064511,"contentable_id":2064511,"payment_required":false,"draft":false,"is_released":true,"release_date":null,"prerequisite":false,"total_post_count":0,"discussions_enabled":true,"meta_data":{"duration_in_seconds":111},"expand_enabled":false,"lesson_type_label":null,"lesson_type_icon":null,"default_lesson_type_label":"Video","default_lesson_type_icon":"video","under_construction":false}],"chapters":[{"id":1636657,"name":"Drills","position":2,"course_id":402745,"content_ids":[5942881,5942882,5942883]},{"id":1636658,"name":"Feels","position":3,"course_id":402745,"content_ids":[5942884,5944168]}]}