{"course":{"id":402753,"name":"Over The Top Drills \u0026 Feels","slug":"drills-feels-over-the-top","landing_page_url":"https://www.cogornogolf.com/courses/drills-feels-over-the-top","checkout_page_url":"https://www.cogornogolf.com/enroll/424812","site_twitter_handle":"","support_email":"service@cogornogolf.com","subdomain":"cogornogolf","product_id":424812,"use_linkedin_profile_certification":false,"completion_page_html":"","use_custom_completion_page_html":false,"reviews_enabled":false,"goals_enabled":false,"autoplay_all_videos":true,"require_video_completion":false,"video_completion_percentage":"100","disable_chapter_completed_modal":false,"theme":"course_player_white","primary_color":null,"font":null,"logo":null,"show_logo":true,"disable_text_selection":false,"hide_lesson_type_label_and_icon":false,"hide_lesson_type_icon":false,"is_onboarding_demo_course":false,"social_share_course_completion_overridden":false,"social_share_chapter_completion_overridden":false,"social_share_message":null,"facebook_shared_landing_page_url":"https://www.cogornogolf.com/hl8oi","linkedin_shared_landing_page_url":"https://www.cogornogolf.com/2lycs","twitter_shared_landing_page_url":"https://www.cogornogolf.com/wg2du","shared_landing_page_url":"https://www.cogornogolf.com/fy0ap","chapter_ids":[1636673,1636674]},"contents":[{"id":5942937,"position":2,"chapter_id":1636673,"name":"Backswing Checkpoints Drill","contentable_type":"Lesson","slug":"5942937-backswing-checkpoints-drill","is_free_trial":false,"next_content_id":5942938,"next_content_slug":"5942938-trail-elbow-alignment-rod-drill","next_content_type":"Lesson","display_name":"Video","contentable":2064022,"contentable_id":2064022,"payment_required":false,"draft":false,"is_released":true,"release_date":null,"prerequisite":false,"total_post_count":0,"discussions_enabled":true,"meta_data":{"duration_in_seconds":117},"expand_enabled":false,"lesson_type_label":null,"lesson_type_icon":null,"default_lesson_type_label":"Video","default_lesson_type_icon":"video","under_construction":false},{"id":5942938,"position":3,"chapter_id":1636673,"name":"Trail Elbow Alignment Rod Drill","contentable_type":"Lesson","slug":"5942938-trail-elbow-alignment-rod-drill","is_free_trial":false,"next_content_id":5942939,"next_content_slug":"5942939-alignment-rod-shallowing-drill","next_content_type":"Lesson","display_name":"Video","contentable":2064023,"contentable_id":2064023,"payment_required":false,"draft":false,"is_released":true,"release_date":null,"prerequisite":false,"total_post_count":0,"discussions_enabled":true,"meta_data":{"duration_in_seconds":110},"expand_enabled":false,"lesson_type_label":null,"lesson_type_icon":null,"default_lesson_type_label":"Video","default_lesson_type_icon":"video","under_construction":false},{"id":5942939,"position":4,"chapter_id":1636673,"name":"Alignment Rod Shallowing Drill","contentable_type":"Lesson","slug":"5942939-alignment-rod-shallowing-drill","is_free_trial":false,"next_content_id":5944651,"next_content_slug":"5944651-inside-out-path-drill","next_content_type":"Lesson","display_name":"Video","contentable":2064024,"contentable_id":2064024,"payment_required":false,"draft":false,"is_released":true,"release_date":null,"prerequisite":false,"total_post_count":0,"discussions_enabled":true,"meta_data":{"duration_in_seconds":104},"expand_enabled":false,"lesson_type_label":null,"lesson_type_icon":null,"default_lesson_type_label":"Video","default_lesson_type_icon":"video","under_construction":false},{"id":5944651,"position":5,"chapter_id":1636673,"name":"Inside Out Path Drill","contentable_type":"Lesson","slug":"5944651-inside-out-path-drill","is_free_trial":false,"next_content_id":5944652,"next_content_slug":"5944652-hanger-drill","next_content_type":"Lesson","display_name":"Video","contentable":2064698,"contentable_id":2064698,"payment_required":false,"draft":false,"is_released":true,"release_date":null,"prerequisite":false,"total_post_count":0,"discussions_enabled":true,"meta_data":{"duration_in_seconds":123},"expand_enabled":false,"lesson_type_label":null,"lesson_type_icon":null,"default_lesson_type_label":"Video","default_lesson_type_icon":"video","under_construction":false},{"id":5944652,"position":6,"chapter_id":1636673,"name":"Hanger Drill","contentable_type":"Lesson","slug":"5944652-hanger-drill","is_free_trial":false,"next_content_id":5942940,"next_content_slug":"5942940-widen-the-club-arch-feel","next_content_type":"Lesson","display_name":"Video","contentable":2064699,"contentable_id":2064699,"payment_required":false,"draft":false,"is_released":true,"release_date":null,"prerequisite":false,"total_post_count":0,"discussions_enabled":true,"meta_data":{"duration_in_seconds":142},"expand_enabled":false,"lesson_type_label":null,"lesson_type_icon":null,"default_lesson_type_label":"Video","default_lesson_type_icon":"video","under_construction":false},{"id":5942940,"position":2,"chapter_id":1636674,"name":"Widen The Club Arch Feel","contentable_type":"Lesson","slug":"5942940-widen-the-club-arch-feel","is_free_trial":false,"next_content_id":5942941,"next_content_slug":"5942941-hands-on-object-downswing-feel","next_content_type":"Lesson","display_name":"Video","contentable":2064025,"contentable_id":2064025,"payment_required":false,"draft":false,"is_released":true,"release_date":null,"prerequisite":false,"total_post_count":0,"discussions_enabled":true,"meta_data":{"duration_in_seconds":79},"expand_enabled":false,"lesson_type_label":null,"lesson_type_icon":null,"default_lesson_type_label":"Video","default_lesson_type_icon":"video","under_construction":false},{"id":5942941,"position":3,"chapter_id":1636674,"name":"Hands On Object Downswing Feel","contentable_type":"Lesson","slug":"5942941-hands-on-object-downswing-feel","is_free_trial":false,"next_content_id":null,"next_content_slug":null,"next_content_type":null,"display_name":"Video","contentable":2064026,"contentable_id":2064026,"payment_required":false,"draft":false,"is_released":true,"release_date":null,"prerequisite":false,"total_post_count":0,"discussions_enabled":true,"meta_data":{"duration_in_seconds":61},"expand_enabled":false,"lesson_type_label":null,"lesson_type_icon":null,"default_lesson_type_label":"Video","default_lesson_type_icon":"video","under_construction":false}],"chapters":[{"id":1636673,"name":"Drills","position":2,"course_id":402753,"content_ids":[5942937,5942938,5942939,5944651,5944652]},{"id":1636674,"name":"Feels","position":3,"course_id":402753,"content_ids":[5942940,5942941]}]}