{"course":{"id":402752,"name":"Early Extension Drills \u0026 Feels","slug":"drills-feels-early-extension","landing_page_url":"https://www.cogornogolf.com/courses/drills-feels-early-extension","checkout_page_url":"https://www.cogornogolf.com/enroll/424811","site_twitter_handle":"","support_email":"service@cogornogolf.com","subdomain":"cogornogolf","product_id":424811,"use_linkedin_profile_certification":false,"completion_page_html":"","use_custom_completion_page_html":false,"reviews_enabled":false,"goals_enabled":false,"autoplay_all_videos":true,"require_video_completion":false,"video_completion_percentage":"100","disable_chapter_completed_modal":false,"theme":"course_player_white","primary_color":null,"font":null,"logo":null,"show_logo":true,"disable_text_selection":false,"hide_lesson_type_label_and_icon":false,"hide_lesson_type_icon":false,"is_onboarding_demo_course":false,"social_share_course_completion_overridden":false,"social_share_chapter_completion_overridden":false,"social_share_message":null,"facebook_shared_landing_page_url":"https://www.cogornogolf.com/sjmia","linkedin_shared_landing_page_url":"https://www.cogornogolf.com/32ief","twitter_shared_landing_page_url":"https://www.cogornogolf.com/dbqvy","shared_landing_page_url":"https://www.cogornogolf.com/szl1o","chapter_ids":[1636671,1636672]},"contents":[{"id":5942929,"position":2,"chapter_id":1636671,"name":"Trail Knee To Target Drill","contentable_type":"Lesson","slug":"5942929-trail-knee-to-target-drill","is_free_trial":false,"next_content_id":5942930,"next_content_slug":"5942930-lead-hip-down-rotation-drill","next_content_type":"Lesson","display_name":"Video","contentable":2064015,"contentable_id":2064015,"payment_required":false,"draft":false,"is_released":true,"release_date":null,"prerequisite":false,"total_post_count":0,"discussions_enabled":true,"meta_data":{"duration_in_seconds":97},"expand_enabled":false,"lesson_type_label":null,"lesson_type_icon":null,"default_lesson_type_label":"Video","default_lesson_type_icon":"video","under_construction":false},{"id":5942930,"position":3,"chapter_id":1636671,"name":"Lead Hip Down Rotation Drill","contentable_type":"Lesson","slug":"5942930-lead-hip-down-rotation-drill","is_free_trial":false,"next_content_id":5942932,"next_content_slug":"5942932-pressure-shift-in-transition-feel","next_content_type":"Lesson","display_name":"Video","contentable":2064016,"contentable_id":2064016,"payment_required":false,"draft":false,"is_released":true,"release_date":null,"prerequisite":false,"total_post_count":0,"discussions_enabled":true,"meta_data":{"duration_in_seconds":102},"expand_enabled":false,"lesson_type_label":null,"lesson_type_icon":null,"default_lesson_type_label":"Video","default_lesson_type_icon":"video","under_construction":false},{"id":5942932,"position":2,"chapter_id":1636672,"name":"Pressure Shift In Transition Feel","contentable_type":"Lesson","slug":"5942932-pressure-shift-in-transition-feel","is_free_trial":false,"next_content_id":5942933,"next_content_slug":"5942933-right-side-bend-downswing-feel","next_content_type":"Lesson","display_name":"Video","contentable":2064018,"contentable_id":2064018,"payment_required":false,"draft":false,"is_released":true,"release_date":null,"prerequisite":false,"total_post_count":0,"discussions_enabled":true,"meta_data":{"duration_in_seconds":54},"expand_enabled":false,"lesson_type_label":null,"lesson_type_icon":null,"default_lesson_type_label":"Video","default_lesson_type_icon":"video","under_construction":false},{"id":5942933,"position":3,"chapter_id":1636672,"name":"Right Side Bend Downswing Feel","contentable_type":"Lesson","slug":"5942933-right-side-bend-downswing-feel","is_free_trial":false,"next_content_id":5942934,"next_content_slug":"5942934-lead-hip-to-ankle-rotation-feel","next_content_type":"Lesson","display_name":"Video","contentable":2064019,"contentable_id":2064019,"payment_required":false,"draft":false,"is_released":true,"release_date":null,"prerequisite":false,"total_post_count":1,"discussions_enabled":true,"meta_data":{"duration_in_seconds":79},"expand_enabled":false,"lesson_type_label":null,"lesson_type_icon":null,"default_lesson_type_label":"Video","default_lesson_type_icon":"video","under_construction":false},{"id":5942934,"position":4,"chapter_id":1636672,"name":"Lead Hip To Ankle Rotation Feel","contentable_type":"Lesson","slug":"5942934-lead-hip-to-ankle-rotation-feel","is_free_trial":false,"next_content_id":null,"next_content_slug":null,"next_content_type":null,"display_name":"Video","contentable":2064020,"contentable_id":2064020,"payment_required":false,"draft":false,"is_released":true,"release_date":null,"prerequisite":false,"total_post_count":0,"discussions_enabled":true,"meta_data":{"duration_in_seconds":56},"expand_enabled":false,"lesson_type_label":null,"lesson_type_icon":null,"default_lesson_type_label":"Video","default_lesson_type_icon":"video","under_construction":false}],"chapters":[{"id":1636671,"name":"Drills","position":2,"course_id":402752,"content_ids":[5942929,5942930]},{"id":1636672,"name":"Feels","position":3,"course_id":402752,"content_ids":[5942932,5942933,5942934]}]}