{"course":{"id":402741,"name":"Slice Drills \u0026 Feels","slug":"drills-feels-slice","landing_page_url":"https://www.cogornogolf.com/courses/drills-feels-slice","checkout_page_url":"https://www.cogornogolf.com/enroll/424800","site_twitter_handle":"","support_email":"service@cogornogolf.com","subdomain":"cogornogolf","product_id":424800,"use_linkedin_profile_certification":false,"completion_page_html":"","use_custom_completion_page_html":false,"reviews_enabled":false,"goals_enabled":false,"autoplay_all_videos":true,"require_video_completion":false,"video_completion_percentage":"100","disable_chapter_completed_modal":false,"theme":"course_player_white","primary_color":null,"font":null,"logo":null,"show_logo":true,"disable_text_selection":false,"hide_lesson_type_label_and_icon":false,"hide_lesson_type_icon":false,"is_onboarding_demo_course":false,"social_share_course_completion_overridden":false,"social_share_chapter_completion_overridden":false,"social_share_message":null,"facebook_shared_landing_page_url":"https://www.cogornogolf.com/6e35j","linkedin_shared_landing_page_url":"https://www.cogornogolf.com/a9qia","twitter_shared_landing_page_url":"https://www.cogornogolf.com/3twap","shared_landing_page_url":"https://www.cogornogolf.com/wmpxa","chapter_ids":[1636641,1636642]},"contents":[{"id":5942774,"position":2,"chapter_id":1636641,"name":"Anti-Push Fade Flip Drill","contentable_type":"Lesson","slug":"5942774-anti-push-fade-flip-drill","is_free_trial":false,"next_content_id":5942775,"next_content_slug":"5942775-anti-pull-start-line-drill","next_content_type":"Lesson","display_name":"Video","contentable":2063891,"contentable_id":2063891,"payment_required":false,"draft":false,"is_released":true,"release_date":null,"prerequisite":false,"total_post_count":0,"discussions_enabled":true,"meta_data":{"duration_in_seconds":95},"expand_enabled":false,"lesson_type_label":null,"lesson_type_icon":null,"default_lesson_type_label":"Video","default_lesson_type_icon":"video","under_construction":false},{"id":5942775,"position":3,"chapter_id":1636641,"name":"Anti-Pull Start Line Drill","contentable_type":"Lesson","slug":"5942775-anti-pull-start-line-drill","is_free_trial":false,"next_content_id":5942776,"next_content_slug":"5942776-inside-out-path-drill","next_content_type":"Lesson","display_name":"Video","contentable":2063892,"contentable_id":2063892,"payment_required":false,"draft":false,"is_released":true,"release_date":null,"prerequisite":false,"total_post_count":0,"discussions_enabled":true,"meta_data":{"duration_in_seconds":117},"expand_enabled":false,"lesson_type_label":null,"lesson_type_icon":null,"default_lesson_type_label":"Video","default_lesson_type_icon":"video","under_construction":false},{"id":5942776,"position":4,"chapter_id":1636641,"name":"Inside Out Path Drill","contentable_type":"Lesson","slug":"5942776-inside-out-path-drill","is_free_trial":false,"next_content_id":5942777,"next_content_slug":"5942777-widen-the-club-arch-feel","next_content_type":"Lesson","display_name":"Video","contentable":2063893,"contentable_id":2063893,"payment_required":false,"draft":false,"is_released":true,"release_date":null,"prerequisite":false,"total_post_count":0,"discussions_enabled":true,"meta_data":{"duration_in_seconds":123},"expand_enabled":false,"lesson_type_label":null,"lesson_type_icon":null,"default_lesson_type_label":"Video","default_lesson_type_icon":"video","under_construction":false},{"id":5942777,"position":2,"chapter_id":1636642,"name":"Widen The Club Arch Feel","contentable_type":"Lesson","slug":"5942777-widen-the-club-arch-feel","is_free_trial":false,"next_content_id":5942778,"next_content_slug":"5942778-right-side-bend-downswing-feel","next_content_type":"Lesson","display_name":"Video","contentable":2063894,"contentable_id":2063894,"payment_required":false,"draft":false,"is_released":true,"release_date":null,"prerequisite":false,"total_post_count":0,"discussions_enabled":true,"meta_data":{"duration_in_seconds":79},"expand_enabled":false,"lesson_type_label":null,"lesson_type_icon":null,"default_lesson_type_label":"Video","default_lesson_type_icon":"video","under_construction":false},{"id":5942778,"position":3,"chapter_id":1636642,"name":"Right Side Bend Downswing Feel","contentable_type":"Lesson","slug":"5942778-right-side-bend-downswing-feel","is_free_trial":false,"next_content_id":null,"next_content_slug":null,"next_content_type":null,"display_name":"Video","contentable":2063895,"contentable_id":2063895,"payment_required":false,"draft":false,"is_released":true,"release_date":null,"prerequisite":false,"total_post_count":0,"discussions_enabled":true,"meta_data":{"duration_in_seconds":79},"expand_enabled":false,"lesson_type_label":null,"lesson_type_icon":null,"default_lesson_type_label":"Video","default_lesson_type_icon":"video","under_construction":false}],"chapters":[{"id":1636641,"name":"Drills","position":2,"course_id":402741,"content_ids":[5942774,5942775,5942776]},{"id":1636642,"name":"Feels","position":3,"course_id":402741,"content_ids":[5942777,5942778]}]}