{"course":{"id":402754,"name":"Adding Rotation Drills \u0026 Feels","slug":"drills-feels-rotation","landing_page_url":"https://www.cogornogolf.com/courses/drills-feels-rotation","checkout_page_url":"https://www.cogornogolf.com/enroll/424813","site_twitter_handle":"","support_email":"service@cogornogolf.com","subdomain":"cogornogolf","product_id":424813,"use_linkedin_profile_certification":false,"completion_page_html":"","use_custom_completion_page_html":false,"reviews_enabled":false,"goals_enabled":false,"autoplay_all_videos":true,"require_video_completion":false,"video_completion_percentage":"100","disable_chapter_completed_modal":false,"theme":"course_player_white","primary_color":null,"font":null,"logo":null,"show_logo":true,"disable_text_selection":false,"hide_lesson_type_label_and_icon":false,"hide_lesson_type_icon":false,"is_onboarding_demo_course":false,"social_share_course_completion_overridden":false,"social_share_chapter_completion_overridden":false,"social_share_message":null,"facebook_shared_landing_page_url":"https://www.cogornogolf.com/s0ckx","linkedin_shared_landing_page_url":"https://www.cogornogolf.com/tvdhq","twitter_shared_landing_page_url":"https://www.cogornogolf.com/q0535","shared_landing_page_url":"https://www.cogornogolf.com/092cf","chapter_ids":[1636675,1636676]},"contents":[{"id":5942944,"position":2,"chapter_id":1636675,"name":"Alignment Rod Belt Rotation Drill","contentable_type":"Lesson","slug":"5942944-alignment-rod-belt-rotation-drill","is_free_trial":false,"next_content_id":5942945,"next_content_slug":"5942945-chip-stix-rotation-drill","next_content_type":"Lesson","display_name":"Video","contentable":2064028,"contentable_id":2064028,"payment_required":false,"draft":false,"is_released":true,"release_date":null,"prerequisite":false,"total_post_count":0,"discussions_enabled":true,"meta_data":{"duration_in_seconds":104},"expand_enabled":false,"lesson_type_label":null,"lesson_type_icon":null,"default_lesson_type_label":"Video","default_lesson_type_icon":"video","under_construction":false},{"id":5942945,"position":3,"chapter_id":1636675,"name":"Chip Stix Rotation Drill","contentable_type":"Lesson","slug":"5942945-chip-stix-rotation-drill","is_free_trial":false,"next_content_id":5942946,"next_content_slug":"5942946-lead-hip-down-rotation-drill","next_content_type":"Lesson","display_name":"Video","contentable":2064029,"contentable_id":2064029,"payment_required":false,"draft":false,"is_released":true,"release_date":null,"prerequisite":false,"total_post_count":0,"discussions_enabled":true,"meta_data":{"duration_in_seconds":56},"expand_enabled":false,"lesson_type_label":null,"lesson_type_icon":null,"default_lesson_type_label":"Video","default_lesson_type_icon":"video","under_construction":false},{"id":5942946,"position":4,"chapter_id":1636675,"name":"Lead Hip Down Rotation Drill","contentable_type":"Lesson","slug":"5942946-lead-hip-down-rotation-drill","is_free_trial":false,"next_content_id":5944676,"next_content_slug":"5944676-object-throw-hanger-combo-drill","next_content_type":"Lesson","display_name":"Video","contentable":2064030,"contentable_id":2064030,"payment_required":false,"draft":false,"is_released":true,"release_date":null,"prerequisite":false,"total_post_count":0,"discussions_enabled":true,"meta_data":{"duration_in_seconds":102},"expand_enabled":false,"lesson_type_label":null,"lesson_type_icon":null,"default_lesson_type_label":"Video","default_lesson_type_icon":"video","under_construction":false},{"id":5944676,"position":5,"chapter_id":1636675,"name":"Object Throw \u0026 Hanger Combo Drill","contentable_type":"Lesson","slug":"5944676-object-throw-hanger-combo-drill","is_free_trial":false,"next_content_id":5944679,"next_content_slug":"5944679-hanger-drill","next_content_type":"Lesson","display_name":"Video","contentable":2064708,"contentable_id":2064708,"payment_required":false,"draft":false,"is_released":true,"release_date":null,"prerequisite":false,"total_post_count":0,"discussions_enabled":true,"meta_data":{"duration_in_seconds":82},"expand_enabled":false,"lesson_type_label":null,"lesson_type_icon":null,"default_lesson_type_label":"Video","default_lesson_type_icon":"video","under_construction":false},{"id":5944679,"position":6,"chapter_id":1636675,"name":"Hanger Drill","contentable_type":"Lesson","slug":"5944679-hanger-drill","is_free_trial":false,"next_content_id":5942947,"next_content_slug":"5942947-buckle-to-target-downswing-feel","next_content_type":"Lesson","display_name":"Video","contentable":2064710,"contentable_id":2064710,"payment_required":false,"draft":false,"is_released":true,"release_date":null,"prerequisite":false,"total_post_count":0,"discussions_enabled":true,"meta_data":{"duration_in_seconds":142},"expand_enabled":false,"lesson_type_label":null,"lesson_type_icon":null,"default_lesson_type_label":"Video","default_lesson_type_icon":"video","under_construction":false},{"id":5942947,"position":2,"chapter_id":1636676,"name":"Buckle To Target Downswing Feel","contentable_type":"Lesson","slug":"5942947-buckle-to-target-downswing-feel","is_free_trial":false,"next_content_id":5942948,"next_content_slug":"5942948-chest-buttons-to-target-feel","next_content_type":"Lesson","display_name":"Video","contentable":2064031,"contentable_id":2064031,"payment_required":false,"draft":false,"is_released":true,"release_date":null,"prerequisite":false,"total_post_count":0,"discussions_enabled":true,"meta_data":{"duration_in_seconds":53},"expand_enabled":false,"lesson_type_label":null,"lesson_type_icon":null,"default_lesson_type_label":"Video","default_lesson_type_icon":"video","under_construction":false},{"id":5942948,"position":3,"chapter_id":1636676,"name":"Chest/Buttons To Target Feel","contentable_type":"Lesson","slug":"5942948-chest-buttons-to-target-feel","is_free_trial":false,"next_content_id":5942949,"next_content_slug":"5942949-hands-on-object-downswing-feel","next_content_type":"Lesson","display_name":"Video","contentable":2064032,"contentable_id":2064032,"payment_required":false,"draft":false,"is_released":true,"release_date":null,"prerequisite":false,"total_post_count":0,"discussions_enabled":true,"meta_data":{"duration_in_seconds":88},"expand_enabled":false,"lesson_type_label":null,"lesson_type_icon":null,"default_lesson_type_label":"Video","default_lesson_type_icon":"video","under_construction":false},{"id":5942949,"position":4,"chapter_id":1636676,"name":"Hands On Object Downswing Feel","contentable_type":"Lesson","slug":"5942949-hands-on-object-downswing-feel","is_free_trial":false,"next_content_id":5944690,"next_content_slug":"5944690-lead-hip-to-ankle-rotation-feel","next_content_type":"Lesson","display_name":"Video","contentable":2064033,"contentable_id":2064033,"payment_required":false,"draft":false,"is_released":true,"release_date":null,"prerequisite":false,"total_post_count":0,"discussions_enabled":true,"meta_data":{"duration_in_seconds":61},"expand_enabled":false,"lesson_type_label":null,"lesson_type_icon":null,"default_lesson_type_label":"Video","default_lesson_type_icon":"video","under_construction":false},{"id":5944690,"position":5,"chapter_id":1636676,"name":"Lead Hip To Ankle Rotation Feel","contentable_type":"Lesson","slug":"5944690-lead-hip-to-ankle-rotation-feel","is_free_trial":false,"next_content_id":5944697,"next_content_slug":"5944697-trail-shoulder-to-target-feel","next_content_type":"Lesson","display_name":"Video","contentable":2064715,"contentable_id":2064715,"payment_required":false,"draft":false,"is_released":true,"release_date":null,"prerequisite":false,"total_post_count":0,"discussions_enabled":true,"meta_data":{"duration_in_seconds":56},"expand_enabled":false,"lesson_type_label":null,"lesson_type_icon":null,"default_lesson_type_label":"Video","default_lesson_type_icon":"video","under_construction":false},{"id":5944697,"position":6,"chapter_id":1636676,"name":"Trail Shoulder To Target Feel","contentable_type":"Lesson","slug":"5944697-trail-shoulder-to-target-feel","is_free_trial":false,"next_content_id":null,"next_content_slug":null,"next_content_type":null,"display_name":"Video","contentable":2064718,"contentable_id":2064718,"payment_required":false,"draft":false,"is_released":true,"release_date":null,"prerequisite":false,"total_post_count":0,"discussions_enabled":true,"meta_data":{"duration_in_seconds":63},"expand_enabled":false,"lesson_type_label":null,"lesson_type_icon":null,"default_lesson_type_label":"Video","default_lesson_type_icon":"video","under_construction":false}],"chapters":[{"id":1636675,"name":"Drills","position":2,"course_id":402754,"content_ids":[5942944,5942945,5942946,5944676,5944679]},{"id":1636676,"name":"Feels","position":3,"course_id":402754,"content_ids":[5942947,5942948,5942949,5944690,5944697]}]}