{"course":{"id":660381,"name":"Early Extension Master Class","slug":"early-extension-master-class","landing_page_url":"https://www.cogornogolf.com/courses/early-extension-master-class","checkout_page_url":"https://www.cogornogolf.com/enroll/695034","site_twitter_handle":"","support_email":"service@cogornogolf.com","subdomain":"cogornogolf","product_id":695034,"use_linkedin_profile_certification":false,"completion_page_html":"","use_custom_completion_page_html":false,"reviews_enabled":false,"goals_enabled":false,"autoplay_all_videos":true,"require_video_completion":false,"video_completion_percentage":"100","disable_chapter_completed_modal":false,"theme":null,"primary_color":null,"font":null,"logo":null,"show_logo":true,"disable_text_selection":false,"hide_lesson_type_label_and_icon":false,"hide_lesson_type_icon":false,"is_onboarding_demo_course":false,"social_share_course_completion_overridden":false,"social_share_chapter_completion_overridden":false,"social_share_message":null,"facebook_shared_landing_page_url":"https://www.cogornogolf.com/chuet","linkedin_shared_landing_page_url":"https://www.cogornogolf.com/rfkiy","twitter_shared_landing_page_url":"https://www.cogornogolf.com/g3zre","shared_landing_page_url":"https://www.cogornogolf.com/rr9pz","chapter_ids":[2960781]},"contents":[{"id":11418809,"position":2,"chapter_id":2960781,"name":"Early Extension Master Class Video 1-Introduction","contentable_type":"Lesson","slug":"11418809-early-extension-master-class-video-1-introduction","is_free_trial":false,"next_content_id":11418819,"next_content_slug":"11418819-early-extension-master-class-video-2-what-is-early-extension","next_content_type":"Lesson","display_name":"Video","contentable":4338753,"contentable_id":4338753,"payment_required":false,"draft":false,"is_released":true,"release_date":null,"prerequisite":false,"total_post_count":0,"discussions_enabled":false,"meta_data":{"duration_in_seconds":44},"expand_enabled":false,"lesson_type_label":null,"lesson_type_icon":null,"default_lesson_type_label":"Video","default_lesson_type_icon":"video","under_construction":false},{"id":11418819,"position":3,"chapter_id":2960781,"name":"Early Extension Master Class Video 2-What Is Early Extension?","contentable_type":"Lesson","slug":"11418819-early-extension-master-class-video-2-what-is-early-extension","is_free_trial":false,"next_content_id":11418828,"next_content_slug":"11418828-early-extension-master-class-video-3-extending-vs-rotation","next_content_type":"Lesson","display_name":"Video","contentable":4338757,"contentable_id":4338757,"payment_required":false,"draft":false,"is_released":true,"release_date":null,"prerequisite":false,"total_post_count":0,"discussions_enabled":false,"meta_data":{"duration_in_seconds":82},"expand_enabled":false,"lesson_type_label":null,"lesson_type_icon":null,"default_lesson_type_label":"Video","default_lesson_type_icon":"video","under_construction":false},{"id":11418828,"position":4,"chapter_id":2960781,"name":"Early Extension Master Class Video 3-Extending Vs. Rotation","contentable_type":"Lesson","slug":"11418828-early-extension-master-class-video-3-extending-vs-rotation","is_free_trial":false,"next_content_id":11418837,"next_content_slug":"11418837-early-extension-master-class-video-4-setup-pieces","next_content_type":"Lesson","display_name":"Video","contentable":4338761,"contentable_id":4338761,"payment_required":false,"draft":false,"is_released":true,"release_date":null,"prerequisite":false,"total_post_count":0,"discussions_enabled":false,"meta_data":{"duration_in_seconds":184},"expand_enabled":false,"lesson_type_label":null,"lesson_type_icon":null,"default_lesson_type_label":"Video","default_lesson_type_icon":"video","under_construction":false},{"id":11418837,"position":5,"chapter_id":2960781,"name":"Early Extension Master Class Video 4-Setup Pieces","contentable_type":"Lesson","slug":"11418837-early-extension-master-class-video-4-setup-pieces","is_free_trial":false,"next_content_id":11428044,"next_content_slug":"11428044-early-extension-master-class-video-5-backswing","next_content_type":"Lesson","display_name":"Video","contentable":4338766,"contentable_id":4338766,"payment_required":false,"draft":false,"is_released":true,"release_date":null,"prerequisite":false,"total_post_count":0,"discussions_enabled":false,"meta_data":{"duration_in_seconds":290},"expand_enabled":false,"lesson_type_label":null,"lesson_type_icon":null,"default_lesson_type_label":"Video","default_lesson_type_icon":"video","under_construction":false},{"id":11428044,"position":6,"chapter_id":2960781,"name":"Early Extension Master Class Video 5-Backswing","contentable_type":"Lesson","slug":"11428044-early-extension-master-class-video-5-backswing","is_free_trial":false,"next_content_id":11428246,"next_content_slug":"11428246-early-extension-master-class-video-6-downswing","next_content_type":"Lesson","display_name":"Video","contentable":4342809,"contentable_id":4342809,"payment_required":false,"draft":false,"is_released":true,"release_date":null,"prerequisite":false,"total_post_count":0,"discussions_enabled":false,"meta_data":{"duration_in_seconds":338},"expand_enabled":false,"lesson_type_label":null,"lesson_type_icon":null,"default_lesson_type_label":"Video","default_lesson_type_icon":"video","under_construction":false},{"id":11428246,"position":7,"chapter_id":2960781,"name":"Early Extension Master Class Video 6-Downswing","contentable_type":"Lesson","slug":"11428246-early-extension-master-class-video-6-downswing","is_free_trial":false,"next_content_id":11428255,"next_content_slug":"11428255-early-extension-master-class-video-7-feet","next_content_type":"Lesson","display_name":"Video","contentable":4342909,"contentable_id":4342909,"payment_required":false,"draft":false,"is_released":true,"release_date":null,"prerequisite":false,"total_post_count":0,"discussions_enabled":false,"meta_data":{"duration_in_seconds":88},"expand_enabled":false,"lesson_type_label":null,"lesson_type_icon":null,"default_lesson_type_label":"Video","default_lesson_type_icon":"video","under_construction":false},{"id":11428255,"position":8,"chapter_id":2960781,"name":"Early Extension Master Class Video 7-Feet","contentable_type":"Lesson","slug":"11428255-early-extension-master-class-video-7-feet","is_free_trial":false,"next_content_id":11428693,"next_content_slug":"11428693-early-extension-master-class-video-8-legs","next_content_type":"Lesson","display_name":"Video","contentable":4342914,"contentable_id":4342914,"payment_required":false,"draft":false,"is_released":true,"release_date":null,"prerequisite":false,"total_post_count":0,"discussions_enabled":false,"meta_data":{"duration_in_seconds":190},"expand_enabled":false,"lesson_type_label":null,"lesson_type_icon":null,"default_lesson_type_label":"Video","default_lesson_type_icon":"video","under_construction":false},{"id":11428693,"position":10,"chapter_id":2960781,"name":"Early Extension Master Class Video 8-Legs","contentable_type":"Lesson","slug":"11428693-early-extension-master-class-video-8-legs","is_free_trial":false,"next_content_id":11428707,"next_content_slug":"11428707-early-extension-master-class-video-9-hips","next_content_type":"Lesson","display_name":"Video","contentable":4343121,"contentable_id":4343121,"payment_required":false,"draft":false,"is_released":true,"release_date":null,"prerequisite":false,"total_post_count":0,"discussions_enabled":false,"meta_data":{"duration_in_seconds":217},"expand_enabled":false,"lesson_type_label":null,"lesson_type_icon":null,"default_lesson_type_label":"Video","default_lesson_type_icon":"video","under_construction":false},{"id":11428707,"position":11,"chapter_id":2960781,"name":"Early Extension Master Class Video 9-Hips","contentable_type":"Lesson","slug":"11428707-early-extension-master-class-video-9-hips","is_free_trial":false,"next_content_id":11428717,"next_content_slug":"11428717-early-extension-master-class-video-10-torso-upper-body-motions","next_content_type":"Lesson","display_name":"Video","contentable":4343129,"contentable_id":4343129,"payment_required":false,"draft":false,"is_released":true,"release_date":null,"prerequisite":false,"total_post_count":0,"discussions_enabled":false,"meta_data":{"duration_in_seconds":256},"expand_enabled":false,"lesson_type_label":null,"lesson_type_icon":null,"default_lesson_type_label":"Video","default_lesson_type_icon":"video","under_construction":false},{"id":11428717,"position":12,"chapter_id":2960781,"name":"Early Extension Master Class Video  10-Torso-Upper Body Motions","contentable_type":"Lesson","slug":"11428717-early-extension-master-class-video-10-torso-upper-body-motions","is_free_trial":false,"next_content_id":11428741,"next_content_slug":"11428741-early-extension-master-class-video-11-matching-arms-body","next_content_type":"Lesson","display_name":"Video","contentable":4343134,"contentable_id":4343134,"payment_required":false,"draft":false,"is_released":true,"release_date":null,"prerequisite":false,"total_post_count":0,"discussions_enabled":false,"meta_data":{"duration_in_seconds":275},"expand_enabled":false,"lesson_type_label":null,"lesson_type_icon":null,"default_lesson_type_label":"Video","default_lesson_type_icon":"video","under_construction":false},{"id":11428741,"position":13,"chapter_id":2960781,"name":"Early Extension Master Class Video 11-Matching Arms \u0026 Body","contentable_type":"Lesson","slug":"11428741-early-extension-master-class-video-11-matching-arms-body","is_free_trial":false,"next_content_id":11428814,"next_content_slug":"11428814-early-extension-master-class-video-12-feedback-drill-1","next_content_type":"Lesson","display_name":"Video","contentable":4343147,"contentable_id":4343147,"payment_required":false,"draft":false,"is_released":true,"release_date":null,"prerequisite":false,"total_post_count":0,"discussions_enabled":false,"meta_data":{"duration_in_seconds":283},"expand_enabled":false,"lesson_type_label":null,"lesson_type_icon":null,"default_lesson_type_label":"Video","default_lesson_type_icon":"video","under_construction":false},{"id":11428814,"position":14,"chapter_id":2960781,"name":"Early Extension Master Class Video 12-Feedback Drill #1","contentable_type":"Lesson","slug":"11428814-early-extension-master-class-video-12-feedback-drill-1","is_free_trial":false,"next_content_id":11428899,"next_content_slug":"11428899-early-extension-master-class-video-13-feedback-drill-2","next_content_type":"Lesson","display_name":"Video","contentable":4343181,"contentable_id":4343181,"payment_required":false,"draft":false,"is_released":true,"release_date":null,"prerequisite":false,"total_post_count":0,"discussions_enabled":false,"meta_data":{"duration_in_seconds":210},"expand_enabled":false,"lesson_type_label":null,"lesson_type_icon":null,"default_lesson_type_label":"Video","default_lesson_type_icon":"video","under_construction":false},{"id":11428899,"position":15,"chapter_id":2960781,"name":"Early Extension Master Class Video 13-Feedback Drill #2","contentable_type":"Lesson","slug":"11428899-early-extension-master-class-video-13-feedback-drill-2","is_free_trial":false,"next_content_id":11428999,"next_content_slug":"11428999-early-extension-master-class-video-14-feedback-drill-3","next_content_type":"Lesson","display_name":"Video","contentable":4343236,"contentable_id":4343236,"payment_required":false,"draft":false,"is_released":true,"release_date":null,"prerequisite":false,"total_post_count":0,"discussions_enabled":false,"meta_data":{"duration_in_seconds":188},"expand_enabled":false,"lesson_type_label":null,"lesson_type_icon":null,"default_lesson_type_label":"Video","default_lesson_type_icon":"video","under_construction":false},{"id":11428999,"position":16,"chapter_id":2960781,"name":"Early Extension Master Class Video 14-Feedback Drill #3","contentable_type":"Lesson","slug":"11428999-early-extension-master-class-video-14-feedback-drill-3","is_free_trial":false,"next_content_id":11429018,"next_content_slug":"11429018-early-extension-master-class-video-15-driver","next_content_type":"Lesson","display_name":"Video","contentable":4343290,"contentable_id":4343290,"payment_required":false,"draft":false,"is_released":true,"release_date":null,"prerequisite":false,"total_post_count":0,"discussions_enabled":false,"meta_data":{"duration_in_seconds":192},"expand_enabled":false,"lesson_type_label":null,"lesson_type_icon":null,"default_lesson_type_label":"Video","default_lesson_type_icon":"video","under_construction":false},{"id":11429018,"position":17,"chapter_id":2960781,"name":"Early Extension Master Class Video 15-Driver","contentable_type":"Lesson","slug":"11429018-early-extension-master-class-video-15-driver","is_free_trial":false,"next_content_id":11429028,"next_content_slug":"11429028-early-extension-master-class-video-16-about-practice","next_content_type":"Lesson","display_name":"Video","contentable":4343294,"contentable_id":4343294,"payment_required":false,"draft":false,"is_released":true,"release_date":null,"prerequisite":false,"total_post_count":0,"discussions_enabled":false,"meta_data":{"duration_in_seconds":176},"expand_enabled":false,"lesson_type_label":null,"lesson_type_icon":null,"default_lesson_type_label":"Video","default_lesson_type_icon":"video","under_construction":false},{"id":11429028,"position":18,"chapter_id":2960781,"name":"Early Extension Master Class Video 16-About Practice","contentable_type":"Lesson","slug":"11429028-early-extension-master-class-video-16-about-practice","is_free_trial":false,"next_content_id":11429035,"next_content_slug":"11429035-early-extension-master-class-video-17-where-to-start","next_content_type":"Lesson","display_name":"Video","contentable":4343298,"contentable_id":4343298,"payment_required":false,"draft":false,"is_released":true,"release_date":null,"prerequisite":false,"total_post_count":0,"discussions_enabled":false,"meta_data":{"duration_in_seconds":252},"expand_enabled":false,"lesson_type_label":null,"lesson_type_icon":null,"default_lesson_type_label":"Video","default_lesson_type_icon":"video","under_construction":false},{"id":11429035,"position":19,"chapter_id":2960781,"name":"Early Extension Master Class Video 17-Where To Start","contentable_type":"Lesson","slug":"11429035-early-extension-master-class-video-17-where-to-start","is_free_trial":false,"next_content_id":11429040,"next_content_slug":"11429040-early-extension-master-class-video-18-30-day-practice-plan-phase-1","next_content_type":"Lesson","display_name":"Video","contentable":4343304,"contentable_id":4343304,"payment_required":false,"draft":false,"is_released":true,"release_date":null,"prerequisite":false,"total_post_count":0,"discussions_enabled":false,"meta_data":{"duration_in_seconds":139},"expand_enabled":false,"lesson_type_label":null,"lesson_type_icon":null,"default_lesson_type_label":"Video","default_lesson_type_icon":"video","under_construction":false},{"id":11429040,"position":20,"chapter_id":2960781,"name":"Early Extension Master Class Video 18-30 Day Practice Plan-Phase 1","contentable_type":"Lesson","slug":"11429040-early-extension-master-class-video-18-30-day-practice-plan-phase-1","is_free_trial":false,"next_content_id":11429048,"next_content_slug":"11429048-early-extension-master-class-video-19-30-day-practice-plan-phase-2","next_content_type":"Lesson","display_name":"Video","contentable":4343308,"contentable_id":4343308,"payment_required":false,"draft":false,"is_released":true,"release_date":null,"prerequisite":false,"total_post_count":0,"discussions_enabled":false,"meta_data":{"duration_in_seconds":388},"expand_enabled":false,"lesson_type_label":null,"lesson_type_icon":null,"default_lesson_type_label":"Video","default_lesson_type_icon":"video","under_construction":false},{"id":11429048,"position":21,"chapter_id":2960781,"name":"Early Extension Master Class Video 19-30 Day Practice Plan-Phase 2","contentable_type":"Lesson","slug":"11429048-early-extension-master-class-video-19-30-day-practice-plan-phase-2","is_free_trial":false,"next_content_id":11429064,"next_content_slug":"11429064-early-extension-master-class-video-20-30-day-practice-plan-phase-3","next_content_type":"Lesson","display_name":"Video","contentable":4343313,"contentable_id":4343313,"payment_required":false,"draft":false,"is_released":true,"release_date":null,"prerequisite":false,"total_post_count":0,"discussions_enabled":false,"meta_data":{"duration_in_seconds":157},"expand_enabled":false,"lesson_type_label":null,"lesson_type_icon":null,"default_lesson_type_label":"Video","default_lesson_type_icon":"video","under_construction":false},{"id":11429064,"position":22,"chapter_id":2960781,"name":"Early Extension Master Class Video 20-30 Day Practice Plan-Phase 3","contentable_type":"Lesson","slug":"11429064-early-extension-master-class-video-20-30-day-practice-plan-phase-3","is_free_trial":false,"next_content_id":11429115,"next_content_slug":"11429115-early-extension-master-class-video-21-30-day-practice-plan-phase-4","next_content_type":"Lesson","display_name":"Video","contentable":4343316,"contentable_id":4343316,"payment_required":false,"draft":false,"is_released":true,"release_date":null,"prerequisite":false,"total_post_count":0,"discussions_enabled":false,"meta_data":{"duration_in_seconds":203},"expand_enabled":false,"lesson_type_label":null,"lesson_type_icon":null,"default_lesson_type_label":"Video","default_lesson_type_icon":"video","under_construction":false},{"id":11429115,"position":23,"chapter_id":2960781,"name":"Early Extension Master Class Video 21-30 Day Practice Plan-Phase 4","contentable_type":"Lesson","slug":"11429115-early-extension-master-class-video-21-30-day-practice-plan-phase-4","is_free_trial":false,"next_content_id":11429227,"next_content_slug":"11429227-early-extension-master-class-video-22-summary","next_content_type":"Lesson","display_name":"Video","contentable":4343346,"contentable_id":4343346,"payment_required":false,"draft":false,"is_released":true,"release_date":null,"prerequisite":false,"total_post_count":0,"discussions_enabled":false,"meta_data":{"duration_in_seconds":145},"expand_enabled":false,"lesson_type_label":null,"lesson_type_icon":null,"default_lesson_type_label":"Video","default_lesson_type_icon":"video","under_construction":false},{"id":11429227,"position":24,"chapter_id":2960781,"name":"Early Extension Master Class Video 22-Summary","contentable_type":"Lesson","slug":"11429227-early-extension-master-class-video-22-summary","is_free_trial":false,"next_content_id":null,"next_content_slug":null,"next_content_type":null,"display_name":"Video","contentable":4343394,"contentable_id":4343394,"payment_required":false,"draft":false,"is_released":true,"release_date":null,"prerequisite":false,"total_post_count":0,"discussions_enabled":false,"meta_data":{"duration_in_seconds":28},"expand_enabled":false,"lesson_type_label":null,"lesson_type_icon":null,"default_lesson_type_label":"Video","default_lesson_type_icon":"video","under_construction":false}],"chapters":[{"id":2960781,"name":"Early Extension Master Class","position":2,"course_id":660381,"content_ids":[11418809,11418819,11418828,11418837,11428044,11428246,11428255,11428693,11428707,11428717,11428741,11428814,11428899,11428999,11429018,11429028,11429035,11429040,11429048,11429064,11429115,11429227]}]}