{
    "chapters":
    [
        {
            "content_ids":
            [
                14471481,
                14471488,
                14471514,
                14471533,
                14485046,
                14485092,
                14485128,
                14485148,
                14485173,
                14485181,
                14485203,
                14485214,
                14485220,
                14485225,
                14485240,
                14485259,
                14485271,
                14485276,
                14485283,
                14485319,
                14485354,
                14485368,
                14485381,
                14485396,
                14485453,
                14485466,
                14485481,
                14485658,
                14485663,
                14485669,
                14485672,
                14485674,
                14485683,
                14485691,
                14485699,
                14485704
            ],
            "course_id": 831886,
            "id": 3719669,
            "name": "Eric Cogorno's Ultimate Full Swing Blueprint",
            "position": 2
        }
    ],
    "contents":
    [
        {
            "chapter_id": 3719669,
            "contentable": 5710147,
            "contentable_id": 5710147,
            "contentable_type": "Lesson",
            "default_lesson_type_icon": "video",
            "default_lesson_type_label": "Video",
            "discussions_enabled": false,
            "display_name": "Video",
            "draft": false,
            "expand_enabled": false,
            "id": 14471481,
            "is_free_trial": false,
            "is_released": true,
            "lesson_type_icon": null,
            "lesson_type_label": null,
            "meta_data":
            {
                "duration_in_seconds": 51
            },
            "name": "Full Swing Blueprint Video 1-Introduction",
            "next_content_id": 14471488,
            "next_content_slug": "14471488-full-swing-blueprint-video-2-practicing-properly",
            "next_content_type": "Lesson",
            "payment_required": false,
            "position": 2,
            "prerequisite": false,
            "release_date": null,
            "slug": "14471481-full-swing-blueprint-video-1-introduction",
            "total_post_count": 0,
            "under_construction": false
        },
        {
            "chapter_id": 3719669,
            "contentable": 5710150,
            "contentable_id": 5710150,
            "contentable_type": "Lesson",
            "default_lesson_type_icon": "video",
            "default_lesson_type_label": "Video",
            "discussions_enabled": false,
            "display_name": "Video",
            "draft": false,
            "expand_enabled": false,
            "id": 14471488,
            "is_free_trial": false,
            "is_released": true,
            "lesson_type_icon": null,
            "lesson_type_label": null,
            "meta_data":
            {
                "duration_in_seconds": 91
            },
            "name": "Full Swing Blueprint Video 2-Practicing Properly",
            "next_content_id": 14471514,
            "next_content_slug": "14471514-full-swing-blueprint-video-3-setup-checkpoints",
            "next_content_type": "Lesson",
            "payment_required": false,
            "position": 3,
            "prerequisite": false,
            "release_date": null,
            "slug": "14471488-full-swing-blueprint-video-2-practicing-properly",
            "total_post_count": 0,
            "under_construction": false
        },
        {
            "chapter_id": 3719669,
            "contentable": 5710164,
            "contentable_id": 5710164,
            "contentable_type": "Lesson",
            "default_lesson_type_icon": "video",
            "default_lesson_type_label": "Video",
            "discussions_enabled": false,
            "display_name": "Video",
            "draft": false,
            "expand_enabled": false,
            "id": 14471514,
            "is_free_trial": false,
            "is_released": true,
            "lesson_type_icon": null,
            "lesson_type_label": null,
            "meta_data":
            {
                "duration_in_seconds": 221
            },
            "name": "Full Swing Blueprint Video 3-Setup Checkpoints",
            "next_content_id": 14471533,
            "next_content_slug": "14471533-full-swing-blueprint-video-4-setup-checkpoints-down-the-line",
            "next_content_type": "Lesson",
            "payment_required": false,
            "position": 4,
            "prerequisite": false,
            "release_date": null,
            "slug": "14471514-full-swing-blueprint-video-3-setup-checkpoints",
            "total_post_count": 0,
            "under_construction": false
        },
        {
            "chapter_id": 3719669,
            "contentable": 5710173,
            "contentable_id": 5710173,
            "contentable_type": "Lesson",
            "default_lesson_type_icon": "video",
            "default_lesson_type_label": "Video",
            "discussions_enabled": false,
            "display_name": "Video",
            "draft": false,
            "expand_enabled": false,
            "id": 14471533,
            "is_free_trial": false,
            "is_released": true,
            "lesson_type_icon": null,
            "lesson_type_label": null,
            "meta_data":
            {
                "duration_in_seconds": 118
            },
            "name": "Full Swing Blueprint Video 4-Setup Checkpoints-Down The Line",
            "next_content_id": 14485046,
            "next_content_slug": "14485046-full-swing-blueprint-video-5-takeaway-checkpoints",
            "next_content_type": "Lesson",
            "payment_required": false,
            "position": 5,
            "prerequisite": false,
            "release_date": null,
            "slug": "14471533-full-swing-blueprint-video-4-setup-checkpoints-down-the-line",
            "total_post_count": 0,
            "under_construction": false
        },
        {
            "chapter_id": 3719669,
            "contentable": 5716752,
            "contentable_id": 5716752,
            "contentable_type": "Lesson",
            "default_lesson_type_icon": "video",
            "default_lesson_type_label": "Video",
            "discussions_enabled": false,
            "display_name": "Video",
            "draft": false,
            "expand_enabled": false,
            "id": 14485046,
            "is_free_trial": false,
            "is_released": true,
            "lesson_type_icon": null,
            "lesson_type_label": null,
            "meta_data":
            {
                "duration_in_seconds": 92
            },
            "name": "Full Swing Blueprint Video 5-Takeaway Checkpoints",
            "next_content_id": 14485092,
            "next_content_slug": "14485092-full-swing-blueprint-video-6-takeaway-errors",
            "next_content_type": "Lesson",
            "payment_required": false,
            "position": 6,
            "prerequisite": false,
            "release_date": null,
            "slug": "14485046-full-swing-blueprint-video-5-takeaway-checkpoints",
            "total_post_count": 0,
            "under_construction": false
        },
        {
            "chapter_id": 3719669,
            "contentable": 5716772,
            "contentable_id": 5716772,
            "contentable_type": "Lesson",
            "default_lesson_type_icon": "video",
            "default_lesson_type_label": "Video",
            "discussions_enabled": false,
            "display_name": "Video",
            "draft": false,
            "expand_enabled": false,
            "id": 14485092,
            "is_free_trial": false,
            "is_released": true,
            "lesson_type_icon": null,
            "lesson_type_label": null,
            "meta_data":
            {
                "duration_in_seconds": 173
            },
            "name": "Full Swing Blueprint Video 6-Takeaway Errors",
            "next_content_id": 14485128,
            "next_content_slug": "14485128-full-swing-blueprint-video-7-clubface-angle",
            "next_content_type": "Lesson",
            "payment_required": false,
            "position": 7,
            "prerequisite": false,
            "release_date": null,
            "slug": "14485092-full-swing-blueprint-video-6-takeaway-errors",
            "total_post_count": 0,
            "under_construction": false
        },
        {
            "chapter_id": 3719669,
            "contentable": 5716779,
            "contentable_id": 5716779,
            "contentable_type": "Lesson",
            "default_lesson_type_icon": "video",
            "default_lesson_type_label": "Video",
            "discussions_enabled": false,
            "display_name": "Video",
            "draft": false,
            "expand_enabled": false,
            "id": 14485128,
            "is_free_trial": false,
            "is_released": true,
            "lesson_type_icon": null,
            "lesson_type_label": null,
            "meta_data":
            {
                "duration_in_seconds": 101
            },
            "name": "Full Swing Blueprint Video 7-Clubface Angle",
            "next_content_id": 14485148,
            "next_content_slug": "14485148-full-swing-blueprint-video-8-clubface-corrections",
            "next_content_type": "Lesson",
            "payment_required": false,
            "position": 8,
            "prerequisite": false,
            "release_date": null,
            "slug": "14485128-full-swing-blueprint-video-7-clubface-angle",
            "total_post_count": 0,
            "under_construction": false
        },
        {
            "chapter_id": 3719669,
            "contentable": 5716792,
            "contentable_id": 5716792,
            "contentable_type": "Lesson",
            "default_lesson_type_icon": "video",
            "default_lesson_type_label": "Video",
            "discussions_enabled": false,
            "display_name": "Video",
            "draft": false,
            "expand_enabled": false,
            "id": 14485148,
            "is_free_trial": false,
            "is_released": true,
            "lesson_type_icon": null,
            "lesson_type_label": null,
            "meta_data":
            {
                "duration_in_seconds": 238
            },
            "name": "Full Swing Blueprint Video 8-Clubface Corrections",
            "next_content_id": 14485173,
            "next_content_slug": "14485173-full-swing-blueprint-video-9-body-motions-takeaway",
            "next_content_type": "Lesson",
            "payment_required": false,
            "position": 9,
            "prerequisite": false,
            "release_date": null,
            "slug": "14485148-full-swing-blueprint-video-8-clubface-corrections",
            "total_post_count": 0,
            "under_construction": false
        },
        {
            "chapter_id": 3719669,
            "contentable": 5716808,
            "contentable_id": 5716808,
            "contentable_type": "Lesson",
            "default_lesson_type_icon": "video",
            "default_lesson_type_label": "Video",
            "discussions_enabled": false,
            "display_name": "Video",
            "draft": false,
            "expand_enabled": false,
            "id": 14485173,
            "is_free_trial": false,
            "is_released": true,
            "lesson_type_icon": null,
            "lesson_type_label": null,
            "meta_data":
            {
                "duration_in_seconds": 125
            },
            "name": "Full Swing Blueprint Video 9-Body Motions Takeaway",
            "next_content_id": 14485181,
            "next_content_slug": "14485181-full-swing-blueprint-video-10-backswing-correctionss-part-1",
            "next_content_type": "Lesson",
            "payment_required": false,
            "position": 10,
            "prerequisite": false,
            "release_date": null,
            "slug": "14485173-full-swing-blueprint-video-9-body-motions-takeaway",
            "total_post_count": 0,
            "under_construction": false
        },
        {
            "chapter_id": 3719669,
            "contentable": 5716811,
            "contentable_id": 5716811,
            "contentable_type": "Lesson",
            "default_lesson_type_icon": "video",
            "default_lesson_type_label": "Video",
            "discussions_enabled": false,
            "display_name": "Video",
            "draft": false,
            "expand_enabled": false,
            "id": 14485181,
            "is_free_trial": false,
            "is_released": true,
            "lesson_type_icon": null,
            "lesson_type_label": null,
            "meta_data":
            {
                "duration_in_seconds": 133
            },
            "name": "Full Swing Blueprint Video 10-Backswing Correctionss Part 1",
            "next_content_id": 14485203,
            "next_content_slug": "14485203-full-swing-blueprint-video-11-backswing-faults",
            "next_content_type": "Lesson",
            "payment_required": false,
            "position": 11,
            "prerequisite": false,
            "release_date": null,
            "slug": "14485181-full-swing-blueprint-video-10-backswing-correctionss-part-1",
            "total_post_count": 0,
            "under_construction": false
        },
        {
            "chapter_id": 3719669,
            "contentable": 5716817,
            "contentable_id": 5716817,
            "contentable_type": "Lesson",
            "default_lesson_type_icon": "video",
            "default_lesson_type_label": "Video",
            "discussions_enabled": false,
            "display_name": "Video",
            "draft": false,
            "expand_enabled": false,
            "id": 14485203,
            "is_free_trial": false,
            "is_released": true,
            "lesson_type_icon": null,
            "lesson_type_label": null,
            "meta_data":
            {
                "duration_in_seconds": 103
            },
            "name": "Full Swing Blueprint Video 11-Backswing Faults",
            "next_content_id": 14485214,
            "next_content_slug": "14485214-full-swing-blueprint-video-12-backswing-faults-part-2",
            "next_content_type": "Lesson",
            "payment_required": false,
            "position": 12,
            "prerequisite": false,
            "release_date": null,
            "slug": "14485203-full-swing-blueprint-video-11-backswing-faults",
            "total_post_count": 0,
            "under_construction": false
        },
        {
            "chapter_id": 3719669,
            "contentable": 5716820,
            "contentable_id": 5716820,
            "contentable_type": "Lesson",
            "default_lesson_type_icon": "video",
            "default_lesson_type_label": "Video",
            "discussions_enabled": false,
            "display_name": "Video",
            "draft": false,
            "expand_enabled": false,
            "id": 14485214,
            "is_free_trial": false,
            "is_released": true,
            "lesson_type_icon": null,
            "lesson_type_label": null,
            "meta_data":
            {
                "duration_in_seconds": 97
            },
            "name": "Full Swing Blueprint Video 12-Backswing Faults Part 2",
            "next_content_id": 14485220,
            "next_content_slug": "14485220-full-swing-blueprint-video-13-backswing-body-motions",
            "next_content_type": "Lesson",
            "payment_required": false,
            "position": 13,
            "prerequisite": false,
            "release_date": null,
            "slug": "14485214-full-swing-blueprint-video-12-backswing-faults-part-2",
            "total_post_count": 0,
            "under_construction": false
        },
        {
            "chapter_id": 3719669,
            "contentable": 5716821,
            "contentable_id": 5716821,
            "contentable_type": "Lesson",
            "default_lesson_type_icon": "video",
            "default_lesson_type_label": "Video",
            "discussions_enabled": false,
            "display_name": "Video",
            "draft": false,
            "expand_enabled": false,
            "id": 14485220,
            "is_free_trial": false,
            "is_released": true,
            "lesson_type_icon": null,
            "lesson_type_label": null,
            "meta_data":
            {
                "duration_in_seconds": 149
            },
            "name": "Full Swing Blueprint Video 13-Backswing Body Motions",
            "next_content_id": 14485225,
            "next_content_slug": "14485225-full-swing-blueprint-video-14-body-motions-upper-body",
            "next_content_type": "Lesson",
            "payment_required": false,
            "position": 14,
            "prerequisite": false,
            "release_date": null,
            "slug": "14485220-full-swing-blueprint-video-13-backswing-body-motions",
            "total_post_count": 0,
            "under_construction": false
        },
        {
            "chapter_id": 3719669,
            "contentable": 5716823,
            "contentable_id": 5716823,
            "contentable_type": "Lesson",
            "default_lesson_type_icon": "video",
            "default_lesson_type_label": "Video",
            "discussions_enabled": false,
            "display_name": "Video",
            "draft": false,
            "expand_enabled": false,
            "id": 14485225,
            "is_free_trial": false,
            "is_released": true,
            "lesson_type_icon": null,
            "lesson_type_label": null,
            "meta_data":
            {
                "duration_in_seconds": 153
            },
            "name": "Full Swing Blueprint Video 14-Body Motions (Upper Body)",
            "next_content_id": 14485240,
            "next_content_slug": "14485240-full-swing-blueprint-video-15-backswing-checkpoints",
            "next_content_type": "Lesson",
            "payment_required": false,
            "position": 15,
            "prerequisite": false,
            "release_date": null,
            "slug": "14485225-full-swing-blueprint-video-14-body-motions-upper-body",
            "total_post_count": 0,
            "under_construction": false
        },
        {
            "chapter_id": 3719669,
            "contentable": 5716831,
            "contentable_id": 5716831,
            "contentable_type": "Lesson",
            "default_lesson_type_icon": "video",
            "default_lesson_type_label": "Video",
            "discussions_enabled": false,
            "display_name": "Video",
            "draft": false,
            "expand_enabled": false,
            "id": 14485240,
            "is_free_trial": false,
            "is_released": true,
            "lesson_type_icon": null,
            "lesson_type_label": null,
            "meta_data":
            {
                "duration_in_seconds": 160
            },
            "name": "Full Swing Blueprint Video 15-Backswing Checkpoints",
            "next_content_id": 14485259,
            "next_content_slug": "14485259-full-swing-blueprint-video-16-wrist-conditions",
            "next_content_type": "Lesson",
            "payment_required": false,
            "position": 16,
            "prerequisite": false,
            "release_date": null,
            "slug": "14485240-full-swing-blueprint-video-15-backswing-checkpoints",
            "total_post_count": 0,
            "under_construction": false
        },
        {
            "chapter_id": 3719669,
            "contentable": 5716839,
            "contentable_id": 5716839,
            "contentable_type": "Lesson",
            "default_lesson_type_icon": "video",
            "default_lesson_type_label": "Video",
            "discussions_enabled": false,
            "display_name": "Video",
            "draft": false,
            "expand_enabled": false,
            "id": 14485259,
            "is_free_trial": false,
            "is_released": true,
            "lesson_type_icon": null,
            "lesson_type_label": null,
            "meta_data":
            {
                "duration_in_seconds": 201
            },
            "name": "Full Swing Blueprint Video 16-Wrist Conditions",
            "next_content_id": 14485271,
            "next_content_slug": "14485271-full-swing-blueprint-video-17-downswing-transition-to-impact",
            "next_content_type": "Lesson",
            "payment_required": false,
            "position": 17,
            "prerequisite": false,
            "release_date": null,
            "slug": "14485259-full-swing-blueprint-video-16-wrist-conditions",
            "total_post_count": 0,
            "under_construction": false
        },
        {
            "chapter_id": 3719669,
            "contentable": 5716846,
            "contentable_id": 5716846,
            "contentable_type": "Lesson",
            "default_lesson_type_icon": "video",
            "default_lesson_type_label": "Video",
            "discussions_enabled": false,
            "display_name": "Video",
            "draft": false,
            "expand_enabled": false,
            "id": 14485271,
            "is_free_trial": false,
            "is_released": true,
            "lesson_type_icon": null,
            "lesson_type_label": null,
            "meta_data":
            {
                "duration_in_seconds": 112
            },
            "name": "Full Swing Blueprint Video 17-Downswing Transition To Impact",
            "next_content_id": 14485276,
            "next_content_slug": "14485276-full-swing-blueprint-video-18-downswing-clubface-checkpoints",
            "next_content_type": "Lesson",
            "payment_required": false,
            "position": 18,
            "prerequisite": false,
            "release_date": null,
            "slug": "14485271-full-swing-blueprint-video-17-downswing-transition-to-impact",
            "total_post_count": 0,
            "under_construction": false
        },
        {
            "chapter_id": 3719669,
            "contentable": 5716848,
            "contentable_id": 5716848,
            "contentable_type": "Lesson",
            "default_lesson_type_icon": "video",
            "default_lesson_type_label": "Video",
            "discussions_enabled": false,
            "display_name": "Video",
            "draft": false,
            "expand_enabled": false,
            "id": 14485276,
            "is_free_trial": false,
            "is_released": true,
            "lesson_type_icon": null,
            "lesson_type_label": null,
            "meta_data":
            {
                "duration_in_seconds": 94
            },
            "name": "Full Swing Blueprint Video 18-Downswing Clubface Checkpoints",
            "next_content_id": 14485283,
            "next_content_slug": "14485283-full-swing-blueprint-video-19-downswing-corrections",
            "next_content_type": "Lesson",
            "payment_required": false,
            "position": 19,
            "prerequisite": false,
            "release_date": null,
            "slug": "14485276-full-swing-blueprint-video-18-downswing-clubface-checkpoints",
            "total_post_count": 0,
            "under_construction": false
        },
        {
            "chapter_id": 3719669,
            "contentable": 5716855,
            "contentable_id": 5716855,
            "contentable_type": "Lesson",
            "default_lesson_type_icon": "video",
            "default_lesson_type_label": "Video",
            "discussions_enabled": false,
            "display_name": "Video",
            "draft": false,
            "expand_enabled": false,
            "id": 14485283,
            "is_free_trial": false,
            "is_released": true,
            "lesson_type_icon": null,
            "lesson_type_label": null,
            "meta_data":
            {
                "duration_in_seconds": 182
            },
            "name": "Full Swing Blueprint Video 19-Downswing Corrections",
            "next_content_id": 14485319,
            "next_content_slug": "14485319-full-swing-blueprint-video-20-downswing-corrections-part-2",
            "next_content_type": "Lesson",
            "payment_required": false,
            "position": 20,
            "prerequisite": false,
            "release_date": null,
            "slug": "14485283-full-swing-blueprint-video-19-downswing-corrections",
            "total_post_count": 0,
            "under_construction": false
        },
        {
            "chapter_id": 3719669,
            "contentable": 5716869,
            "contentable_id": 5716869,
            "contentable_type": "Lesson",
            "default_lesson_type_icon": "video",
            "default_lesson_type_label": "Video",
            "discussions_enabled": false,
            "display_name": "Video",
            "draft": false,
            "expand_enabled": false,
            "id": 14485319,
            "is_free_trial": false,
            "is_released": true,
            "lesson_type_icon": null,
            "lesson_type_label": null,
            "meta_data":
            {
                "duration_in_seconds": 204
            },
            "name": "Full Swing Blueprint Video 20-Downswing Corrections Part 2",
            "next_content_id": 14485354,
            "next_content_slug": "14485354-full-swing-blueprint-video-21-correcting-an-open-clubface",
            "next_content_type": "Lesson",
            "payment_required": false,
            "position": 21,
            "prerequisite": false,
            "release_date": null,
            "slug": "14485319-full-swing-blueprint-video-20-downswing-corrections-part-2",
            "total_post_count": 0,
            "under_construction": false
        },
        {
            "chapter_id": 3719669,
            "contentable": 5716891,
            "contentable_id": 5716891,
            "contentable_type": "Lesson",
            "default_lesson_type_icon": "video",
            "default_lesson_type_label": "Video",
            "discussions_enabled": false,
            "display_name": "Video",
            "draft": false,
            "expand_enabled": false,
            "id": 14485354,
            "is_free_trial": false,
            "is_released": true,
            "lesson_type_icon": null,
            "lesson_type_label": null,
            "meta_data":
            {
                "duration_in_seconds": 180
            },
            "name": "Full Swing Blueprint Video 21-Correcting An Open Clubface",
            "next_content_id": 14485368,
            "next_content_slug": "14485368-full-swing-blueprint-video-22-downswing-body-motion-checkpoints",
            "next_content_type": "Lesson",
            "payment_required": false,
            "position": 22,
            "prerequisite": false,
            "release_date": null,
            "slug": "14485354-full-swing-blueprint-video-21-correcting-an-open-clubface",
            "total_post_count": 0,
            "under_construction": false
        },
        {
            "chapter_id": 3719669,
            "contentable": 5716899,
            "contentable_id": 5716899,
            "contentable_type": "Lesson",
            "default_lesson_type_icon": "video",
            "default_lesson_type_label": "Video",
            "discussions_enabled": false,
            "display_name": "Video",
            "draft": false,
            "expand_enabled": false,
            "id": 14485368,
            "is_free_trial": false,
            "is_released": true,
            "lesson_type_icon": null,
            "lesson_type_label": null,
            "meta_data":
            {
                "duration_in_seconds": 97
            },
            "name": "Full Swing Blueprint Video 22-Downswing Body Motion Checkpoints",
            "next_content_id": 14485381,
            "next_content_slug": "14485381-full-swing-blueprint-video-23-impact-checkpoints",
            "next_content_type": "Lesson",
            "payment_required": false,
            "position": 23,
            "prerequisite": false,
            "release_date": null,
            "slug": "14485368-full-swing-blueprint-video-22-downswing-body-motion-checkpoints",
            "total_post_count": 0,
            "under_construction": false
        },
        {
            "chapter_id": 3719669,
            "contentable": 5716905,
            "contentable_id": 5716905,
            "contentable_type": "Lesson",
            "default_lesson_type_icon": "video",
            "default_lesson_type_label": "Video",
            "discussions_enabled": false,
            "display_name": "Video",
            "draft": false,
            "expand_enabled": false,
            "id": 14485381,
            "is_free_trial": false,
            "is_released": true,
            "lesson_type_icon": null,
            "lesson_type_label": null,
            "meta_data":
            {
                "duration_in_seconds": 131
            },
            "name": "Full Swing Blueprint Video 23-Impact Checkpoints",
            "next_content_id": 14485396,
            "next_content_slug": "14485396-full-swing-blueprint-video-24-optimizing-lower-body-rotation",
            "next_content_type": "Lesson",
            "payment_required": false,
            "position": 24,
            "prerequisite": false,
            "release_date": null,
            "slug": "14485381-full-swing-blueprint-video-23-impact-checkpoints",
            "total_post_count": 0,
            "under_construction": false
        },
        {
            "chapter_id": 3719669,
            "contentable": 5716912,
            "contentable_id": 5716912,
            "contentable_type": "Lesson",
            "default_lesson_type_icon": "video",
            "default_lesson_type_label": "Video",
            "discussions_enabled": false,
            "display_name": "Video",
            "draft": false,
            "expand_enabled": false,
            "id": 14485396,
            "is_free_trial": false,
            "is_released": true,
            "lesson_type_icon": null,
            "lesson_type_label": null,
            "meta_data":
            {
                "duration_in_seconds": 188
            },
            "name": "Full Swing Blueprint Video 24-Optimizing Lower Body Rotation",
            "next_content_id": 14485453,
            "next_content_slug": "14485453-full-swing-blueprint-video-25-body-rotation-faults-and-fixes",
            "next_content_type": "Lesson",
            "payment_required": false,
            "position": 25,
            "prerequisite": false,
            "release_date": null,
            "slug": "14485396-full-swing-blueprint-video-24-optimizing-lower-body-rotation",
            "total_post_count": 0,
            "under_construction": false
        },
        {
            "chapter_id": 3719669,
            "contentable": 5716933,
            "contentable_id": 5716933,
            "contentable_type": "Lesson",
            "default_lesson_type_icon": "video",
            "default_lesson_type_label": "Video",
            "discussions_enabled": false,
            "display_name": "Video",
            "draft": false,
            "expand_enabled": false,
            "id": 14485453,
            "is_free_trial": false,
            "is_released": true,
            "lesson_type_icon": null,
            "lesson_type_label": null,
            "meta_data":
            {
                "duration_in_seconds": 189
            },
            "name": "Full Swing Blueprint Video 25-Body Rotation Faults And Fixes",
            "next_content_id": 14485466,
            "next_content_slug": "14485466-full-swing-blueprint-video-26-body-shifts-part-1",
            "next_content_type": "Lesson",
            "payment_required": false,
            "position": 26,
            "prerequisite": false,
            "release_date": null,
            "slug": "14485453-full-swing-blueprint-video-25-body-rotation-faults-and-fixes",
            "total_post_count": 0,
            "under_construction": false
        },
        {
            "chapter_id": 3719669,
            "contentable": 5716940,
            "contentable_id": 5716940,
            "contentable_type": "Lesson",
            "default_lesson_type_icon": "video",
            "default_lesson_type_label": "Video",
            "discussions_enabled": false,
            "display_name": "Video",
            "draft": false,
            "expand_enabled": false,
            "id": 14485466,
            "is_free_trial": false,
            "is_released": true,
            "lesson_type_icon": null,
            "lesson_type_label": null,
            "meta_data":
            {
                "duration_in_seconds": 174
            },
            "name": "Full Swing Blueprint Video 26-Body Shifts Part 1",
            "next_content_id": 14485481,
            "next_content_slug": "14485481-full-swing-blueprint-video-27-body-shifts-part-2",
            "next_content_type": "Lesson",
            "payment_required": false,
            "position": 27,
            "prerequisite": false,
            "release_date": null,
            "slug": "14485466-full-swing-blueprint-video-26-body-shifts-part-1",
            "total_post_count": 0,
            "under_construction": false
        },
        {
            "chapter_id": 3719669,
            "contentable": 5716945,
            "contentable_id": 5716945,
            "contentable_type": "Lesson",
            "default_lesson_type_icon": "video",
            "default_lesson_type_label": "Video",
            "discussions_enabled": false,
            "display_name": "Video",
            "draft": false,
            "expand_enabled": false,
            "id": 14485481,
            "is_free_trial": false,
            "is_released": true,
            "lesson_type_icon": null,
            "lesson_type_label": null,
            "meta_data":
            {
                "duration_in_seconds": 126
            },
            "name": "Full Swing Blueprint Video 27-Body Shifts Part 2",
            "next_content_id": 14485658,
            "next_content_slug": "14485658-full-swing-blueprint-video-28-follow-through",
            "next_content_type": "Lesson",
            "payment_required": false,
            "position": 28,
            "prerequisite": false,
            "release_date": null,
            "slug": "14485481-full-swing-blueprint-video-27-body-shifts-part-2",
            "total_post_count": 0,
            "under_construction": false
        },
        {
            "chapter_id": 3719669,
            "contentable": 5716978,
            "contentable_id": 5716978,
            "contentable_type": "Lesson",
            "default_lesson_type_icon": "video",
            "default_lesson_type_label": "Video",
            "discussions_enabled": false,
            "display_name": "Video",
            "draft": false,
            "expand_enabled": false,
            "id": 14485658,
            "is_free_trial": false,
            "is_released": true,
            "lesson_type_icon": null,
            "lesson_type_label": null,
            "meta_data":
            {
                "duration_in_seconds": 180
            },
            "name": "Full Swing Blueprint Video 28-Follow Through",
            "next_content_id": 14485663,
            "next_content_slug": "14485663-full-swing-blueprint-video-29-correcting-pushes-and-hooks-fat-and-thin-shots",
            "next_content_type": "Lesson",
            "payment_required": false,
            "position": 29,
            "prerequisite": false,
            "release_date": null,
            "slug": "14485658-full-swing-blueprint-video-28-follow-through",
            "total_post_count": 0,
            "under_construction": false
        },
        {
            "chapter_id": 3719669,
            "contentable": 5716981,
            "contentable_id": 5716981,
            "contentable_type": "Lesson",
            "default_lesson_type_icon": "video",
            "default_lesson_type_label": "Video",
            "discussions_enabled": false,
            "display_name": "Video",
            "draft": false,
            "expand_enabled": false,
            "id": 14485663,
            "is_free_trial": false,
            "is_released": true,
            "lesson_type_icon": null,
            "lesson_type_label": null,
            "meta_data":
            {
                "duration_in_seconds": 81
            },
            "name": "Full Swing Blueprint Video 29-Correcting Pushes and Hooks, Fat and Thin Shots",
            "next_content_id": 14485669,
            "next_content_slug": "14485669-full-swing-blueprint-video-30-body-tilts",
            "next_content_type": "Lesson",
            "payment_required": false,
            "position": 30,
            "prerequisite": false,
            "release_date": null,
            "slug": "14485663-full-swing-blueprint-video-29-correcting-pushes-and-hooks-fat-and-thin-shots",
            "total_post_count": 0,
            "under_construction": false
        },
        {
            "chapter_id": 3719669,
            "contentable": 5716986,
            "contentable_id": 5716986,
            "contentable_type": "Lesson",
            "default_lesson_type_icon": "video",
            "default_lesson_type_label": "Video",
            "discussions_enabled": false,
            "display_name": "Video",
            "draft": false,
            "expand_enabled": false,
            "id": 14485669,
            "is_free_trial": false,
            "is_released": true,
            "lesson_type_icon": null,
            "lesson_type_label": null,
            "meta_data":
            {
                "duration_in_seconds": 231
            },
            "name": "Full Swing Blueprint Video 30-Body Tilts",
            "next_content_id": 14485672,
            "next_content_slug": "14485672-full-swing-blueprint-video-31-optimizing-compression-contact",
            "next_content_type": "Lesson",
            "payment_required": false,
            "position": 31,
            "prerequisite": false,
            "release_date": null,
            "slug": "14485669-full-swing-blueprint-video-30-body-tilts",
            "total_post_count": 0,
            "under_construction": false
        },
        {
            "chapter_id": 3719669,
            "contentable": 5716988,
            "contentable_id": 5716988,
            "contentable_type": "Lesson",
            "default_lesson_type_icon": "video",
            "default_lesson_type_label": "Video",
            "discussions_enabled": false,
            "display_name": "Video",
            "draft": false,
            "expand_enabled": false,
            "id": 14485672,
            "is_free_trial": false,
            "is_released": true,
            "lesson_type_icon": null,
            "lesson_type_label": null,
            "meta_data":
            {
                "duration_in_seconds": 166
            },
            "name": "Full Swing Blueprint Video 31-Optimizing Compression (Contact)",
            "next_content_id": 14485674,
            "next_content_slug": "14485674-full-swing-blueprint-video-32-wedge-shots",
            "next_content_type": "Lesson",
            "payment_required": false,
            "position": 32,
            "prerequisite": false,
            "release_date": null,
            "slug": "14485672-full-swing-blueprint-video-31-optimizing-compression-contact",
            "total_post_count": 0,
            "under_construction": false
        },
        {
            "chapter_id": 3719669,
            "contentable": 5716989,
            "contentable_id": 5716989,
            "contentable_type": "Lesson",
            "default_lesson_type_icon": "video",
            "default_lesson_type_label": "Video",
            "discussions_enabled": false,
            "display_name": "Video",
            "draft": false,
            "expand_enabled": false,
            "id": 14485674,
            "is_free_trial": false,
            "is_released": true,
            "lesson_type_icon": null,
            "lesson_type_label": null,
            "meta_data":
            {
                "duration_in_seconds": 217
            },
            "name": "Full Swing Blueprint Video 32-Wedge Shots",
            "next_content_id": 14485683,
            "next_content_slug": "14485683-full-swing-blueprint-video-33-wedges-and-developing-backswing",
            "next_content_type": "Lesson",
            "payment_required": false,
            "position": 33,
            "prerequisite": false,
            "release_date": null,
            "slug": "14485674-full-swing-blueprint-video-32-wedge-shots",
            "total_post_count": 0,
            "under_construction": false
        },
        {
            "chapter_id": 3719669,
            "contentable": 5716992,
            "contentable_id": 5716992,
            "contentable_type": "Lesson",
            "default_lesson_type_icon": "video",
            "default_lesson_type_label": "Video",
            "discussions_enabled": false,
            "display_name": "Video",
            "draft": false,
            "expand_enabled": false,
            "id": 14485683,
            "is_free_trial": false,
            "is_released": true,
            "lesson_type_icon": null,
            "lesson_type_label": null,
            "meta_data":
            {
                "duration_in_seconds": 222
            },
            "name": "Full Swing Blueprint Video 33-Wedges And Developing Backswing",
            "next_content_id": 14485691,
            "next_content_slug": "14485691-full-swing-blueprint-video-34-jack-nicklaus-drill",
            "next_content_type": "Lesson",
            "payment_required": false,
            "position": 34,
            "prerequisite": false,
            "release_date": null,
            "slug": "14485683-full-swing-blueprint-video-33-wedges-and-developing-backswing",
            "total_post_count": 0,
            "under_construction": false
        },
        {
            "chapter_id": 3719669,
            "contentable": 5716995,
            "contentable_id": 5716995,
            "contentable_type": "Lesson",
            "default_lesson_type_icon": "video",
            "default_lesson_type_label": "Video",
            "discussions_enabled": false,
            "display_name": "Video",
            "draft": false,
            "expand_enabled": false,
            "id": 14485691,
            "is_free_trial": false,
            "is_released": true,
            "lesson_type_icon": null,
            "lesson_type_label": null,
            "meta_data":
            {
                "duration_in_seconds": 229
            },
            "name": "Full Swing Blueprint Video 34-Jack Nicklaus Drill",
            "next_content_id": 14485699,
            "next_content_slug": "14485699-full-swing-blueprint-video-35-hitting-the-driver",
            "next_content_type": "Lesson",
            "payment_required": false,
            "position": 35,
            "prerequisite": false,
            "release_date": null,
            "slug": "14485691-full-swing-blueprint-video-34-jack-nicklaus-drill",
            "total_post_count": 0,
            "under_construction": false
        },
        {
            "chapter_id": 3719669,
            "contentable": 5717000,
            "contentable_id": 5717000,
            "contentable_type": "Lesson",
            "default_lesson_type_icon": "video",
            "default_lesson_type_label": "Video",
            "discussions_enabled": false,
            "display_name": "Video",
            "draft": false,
            "expand_enabled": false,
            "id": 14485699,
            "is_free_trial": false,
            "is_released": true,
            "lesson_type_icon": null,
            "lesson_type_label": null,
            "meta_data":
            {
                "duration_in_seconds": 286
            },
            "name": "Full Swing Blueprint Video 35-Hitting The Driver",
            "next_content_id": 14485704,
            "next_content_slug": "14485704-full-swing-blueprint-video-36-recap",
            "next_content_type": "Lesson",
            "payment_required": false,
            "position": 36,
            "prerequisite": false,
            "release_date": null,
            "slug": "14485699-full-swing-blueprint-video-35-hitting-the-driver",
            "total_post_count": 0,
            "under_construction": false
        },
        {
            "chapter_id": 3719669,
            "contentable": 5717003,
            "contentable_id": 5717003,
            "contentable_type": "Lesson",
            "default_lesson_type_icon": "video",
            "default_lesson_type_label": "Video",
            "discussions_enabled": false,
            "display_name": "Video",
            "draft": false,
            "expand_enabled": false,
            "id": 14485704,
            "is_free_trial": false,
            "is_released": true,
            "lesson_type_icon": null,
            "lesson_type_label": null,
            "meta_data":
            {
                "duration_in_seconds": 98
            },
            "name": "Full Swing Blueprint Video 36-Recap",
            "next_content_id": null,
            "next_content_slug": null,
            "next_content_type": null,
            "payment_required": false,
            "position": 37,
            "prerequisite": false,
            "release_date": null,
            "slug": "14485704-full-swing-blueprint-video-36-recap",
            "total_post_count": 0,
            "under_construction": false
        }
    ],
    "course":
    {
        "autoplay_all_videos": true,
        "chapter_ids":
        [
            3719669
        ],
        "checkout_page_url": "https://www.cogornogolf.com/enroll/874170",
        "completion_page_html": "",
        "disable_chapter_completed_modal": false,
        "disable_text_selection": false,
        "facebook_shared_landing_page_url": "https://www.cogornogolf.com/14zuf",
        "font": null,
        "goals_enabled": false,
        "hide_lesson_type_icon": false,
        "hide_lesson_type_label_and_icon": false,
        "id": 831886,
        "is_onboarding_demo_course": false,
        "landing_page_url": "https://www.cogornogolf.com/courses/eric-s-ultimate-full-swing-blueprint",
        "linkedin_shared_landing_page_url": "https://www.cogornogolf.com/yelgj",
        "logo": null,
        "name": "Eric's Ultimate Full Swing Blueprint",
        "primary_color": null,
        "product_id": 874170,
        "require_video_completion": false,
        "reviews_enabled": false,
        "shared_landing_page_url": "https://www.cogornogolf.com/79y3u",
        "show_logo": true,
        "site_twitter_handle": "",
        "slug": "eric-s-ultimate-full-swing-blueprint",
        "social_share_chapter_completion_overridden": false,
        "social_share_course_completion_overridden": false,
        "social_share_message": null,
        "subdomain": "cogornogolf",
        "support_email": "service@cogornogolf.com",
        "theme": null,
        "twitter_shared_landing_page_url": "https://www.cogornogolf.com/91tz9",
        "use_custom_completion_page_html": false,
        "use_linkedin_profile_certification": false,
        "video_completion_percentage": "100"
    }
}