{"course":{"id":874038,"name":"Eric Cogorno's Ultimate Chipping Practice Plan","slug":"eric-cogorno-s-ultimate-chipping-practice-plan","landing_page_url":"https://www.cogornogolf.com/courses/eric-cogorno-s-ultimate-chipping-practice-plan","checkout_page_url":"https://www.cogornogolf.com/enroll/918510","site_twitter_handle":"","support_email":"service@cogornogolf.com","subdomain":"cogornogolf","product_id":918510,"use_linkedin_profile_certification":false,"completion_page_html":"","use_custom_completion_page_html":false,"reviews_enabled":false,"goals_enabled":false,"autoplay_all_videos":true,"require_video_completion":false,"video_completion_percentage":"100","disable_chapter_completed_modal":false,"theme":null,"primary_color":null,"font":null,"logo":null,"show_logo":true,"disable_text_selection":false,"hide_lesson_type_label_and_icon":false,"hide_lesson_type_icon":false,"is_onboarding_demo_course":false,"social_share_course_completion_overridden":false,"social_share_chapter_completion_overridden":false,"social_share_message":null,"facebook_shared_landing_page_url":"https://www.cogornogolf.com/vkmhi","linkedin_shared_landing_page_url":"https://www.cogornogolf.com/i1e5p","twitter_shared_landing_page_url":"https://www.cogornogolf.com/0rhsj","shared_landing_page_url":"https://www.cogornogolf.com/14da8","chapter_ids":[3910836]},"contents":[{"id":15250220,"position":2,"chapter_id":3910836,"name":"Eric Cogorno's Ultimate Chipping Practice Plan-VIDEO 1-Introduction","contentable_type":"Lesson","slug":"15250220-eric-cogorno-s-ultimate-chipping-practice-plan-video-1-introduction","is_free_trial":false,"next_content_id":15250224,"next_content_slug":"15250224-eric-cogorno-s-ultimate-chipping-practice-plan-video-2-warm-up","next_content_type":"Lesson","display_name":"Video","contentable":6042872,"contentable_id":6042872,"payment_required":false,"draft":false,"is_released":true,"release_date":null,"prerequisite":false,"total_post_count":0,"discussions_enabled":false,"meta_data":{"duration_in_seconds":70},"expand_enabled":false,"lesson_type_label":null,"lesson_type_icon":null,"default_lesson_type_label":"Video","default_lesson_type_icon":"video","under_construction":false},{"id":15250224,"position":3,"chapter_id":3910836,"name":"Eric Cogorno's Ultimate Chipping Practice Plan-VIDEO 2-Warm Up","contentable_type":"Lesson","slug":"15250224-eric-cogorno-s-ultimate-chipping-practice-plan-video-2-warm-up","is_free_trial":false,"next_content_id":15250243,"next_content_slug":"15250243-eric-cogorno-s-ultimate-chipping-practice-plan-video-3-landing-zones","next_content_type":"Lesson","display_name":"Video","contentable":6042874,"contentable_id":6042874,"payment_required":false,"draft":false,"is_released":true,"release_date":null,"prerequisite":false,"total_post_count":0,"discussions_enabled":false,"meta_data":{"duration_in_seconds":140},"expand_enabled":false,"lesson_type_label":null,"lesson_type_icon":null,"default_lesson_type_label":"Video","default_lesson_type_icon":"video","under_construction":false},{"id":15250243,"position":4,"chapter_id":3910836,"name":"Eric Cogorno's Ultimate Chipping Practice Plan-VIDEO 3-Landing Zones","contentable_type":"Lesson","slug":"15250243-eric-cogorno-s-ultimate-chipping-practice-plan-video-3-landing-zones","is_free_trial":false,"next_content_id":15250248,"next_content_slug":"15250248-eric-cogorno-s-ultimate-chipping-practice-plan-video-4-trajectories","next_content_type":"Lesson","display_name":"Video","contentable":6042886,"contentable_id":6042886,"payment_required":false,"draft":false,"is_released":true,"release_date":null,"prerequisite":false,"total_post_count":0,"discussions_enabled":false,"meta_data":{"duration_in_seconds":291},"expand_enabled":false,"lesson_type_label":null,"lesson_type_icon":null,"default_lesson_type_label":"Video","default_lesson_type_icon":"video","under_construction":false},{"id":15250248,"position":5,"chapter_id":3910836,"name":"Eric Cogorno's Ultimate Chipping Practice Plan-VIDEO 4-Trajectories","contentable_type":"Lesson","slug":"15250248-eric-cogorno-s-ultimate-chipping-practice-plan-video-4-trajectories","is_free_trial":false,"next_content_id":15250254,"next_content_slug":"15250254-eric-cogorno-s-ultimate-chipping-practice-plan-video-5-bump-run","next_content_type":"Lesson","display_name":"Video","contentable":6042888,"contentable_id":6042888,"payment_required":false,"draft":false,"is_released":true,"release_date":null,"prerequisite":false,"total_post_count":0,"discussions_enabled":false,"meta_data":{"duration_in_seconds":218},"expand_enabled":false,"lesson_type_label":null,"lesson_type_icon":null,"default_lesson_type_label":"Video","default_lesson_type_icon":"video","under_construction":false},{"id":15250254,"position":6,"chapter_id":3910836,"name":"Eric Cogorno's Ultimate Chipping Practice Plan-VIDEO 5-Bump \u0026 Run","contentable_type":"Lesson","slug":"15250254-eric-cogorno-s-ultimate-chipping-practice-plan-video-5-bump-run","is_free_trial":false,"next_content_id":15250257,"next_content_slug":"15250257-eric-cogorno-s-ultimate-chipping-practice-plan-video-6-up-downs","next_content_type":"Lesson","display_name":"Video","contentable":6042893,"contentable_id":6042893,"payment_required":false,"draft":false,"is_released":true,"release_date":null,"prerequisite":false,"total_post_count":0,"discussions_enabled":false,"meta_data":{"duration_in_seconds":229},"expand_enabled":false,"lesson_type_label":null,"lesson_type_icon":null,"default_lesson_type_label":"Video","default_lesson_type_icon":"video","under_construction":false},{"id":15250257,"position":7,"chapter_id":3910836,"name":"Eric Cogorno's Ultimate Chipping Practice Plan-VIDEO 6-Up \u0026 Downs","contentable_type":"Lesson","slug":"15250257-eric-cogorno-s-ultimate-chipping-practice-plan-video-6-up-downs","is_free_trial":false,"next_content_id":15250288,"next_content_slug":"15250288-eric-cogorno-s-ultimate-chipping-practice-plan-video-7-practice-recap","next_content_type":"Lesson","display_name":"Video","contentable":6042895,"contentable_id":6042895,"payment_required":false,"draft":false,"is_released":true,"release_date":null,"prerequisite":false,"total_post_count":0,"discussions_enabled":false,"meta_data":{"duration_in_seconds":216},"expand_enabled":false,"lesson_type_label":null,"lesson_type_icon":null,"default_lesson_type_label":"Video","default_lesson_type_icon":"video","under_construction":false},{"id":15250288,"position":8,"chapter_id":3910836,"name":"Eric Cogorno's Ultimate Chipping Practice Plan-VIDEO 7-Practice Recap","contentable_type":"Lesson","slug":"15250288-eric-cogorno-s-ultimate-chipping-practice-plan-video-7-practice-recap","is_free_trial":false,"next_content_id":15250316,"next_content_slug":"15250316-eric-cogorno-s-ultimate-chipping-practice-plan-video-8-setup-fundamentals-face-on","next_content_type":"Lesson","display_name":"Video","contentable":6042897,"contentable_id":6042897,"payment_required":false,"draft":false,"is_released":true,"release_date":null,"prerequisite":false,"total_post_count":0,"discussions_enabled":false,"meta_data":{"duration_in_seconds":66},"expand_enabled":false,"lesson_type_label":null,"lesson_type_icon":null,"default_lesson_type_label":"Video","default_lesson_type_icon":"video","under_construction":false},{"id":15250316,"position":9,"chapter_id":3910836,"name":"Eric Cogorno's Ultimate Chipping Practice Plan-VIDEO 8-Setup Fundamentals Face On","contentable_type":"Lesson","slug":"15250316-eric-cogorno-s-ultimate-chipping-practice-plan-video-8-setup-fundamentals-face-on","is_free_trial":false,"next_content_id":15250335,"next_content_slug":"15250335-eric-cogorno-s-ultimate-chipping-practice-plan-video-9-setup-fundamentals-down-the-line","next_content_type":"Lesson","display_name":"Video","contentable":6042910,"contentable_id":6042910,"payment_required":false,"draft":false,"is_released":true,"release_date":null,"prerequisite":false,"total_post_count":0,"discussions_enabled":false,"meta_data":{"duration_in_seconds":281},"expand_enabled":false,"lesson_type_label":null,"lesson_type_icon":null,"default_lesson_type_label":"Video","default_lesson_type_icon":"video","under_construction":false},{"id":15250335,"position":10,"chapter_id":3910836,"name":"Eric Cogorno's Ultimate Chipping Practice Plan-VIDEO 9-Setup Fundamentals Down The Line","contentable_type":"Lesson","slug":"15250335-eric-cogorno-s-ultimate-chipping-practice-plan-video-9-setup-fundamentals-down-the-line","is_free_trial":false,"next_content_id":15250340,"next_content_slug":"15250340-eric-cogorno-s-ultimate-chipping-practice-plan-video-10-backswing-fundamentals-face-on","next_content_type":"Lesson","display_name":"Video","contentable":6042914,"contentable_id":6042914,"payment_required":false,"draft":false,"is_released":true,"release_date":null,"prerequisite":false,"total_post_count":0,"discussions_enabled":false,"meta_data":{"duration_in_seconds":195},"expand_enabled":false,"lesson_type_label":null,"lesson_type_icon":null,"default_lesson_type_label":"Video","default_lesson_type_icon":"video","under_construction":false},{"id":15250340,"position":11,"chapter_id":3910836,"name":"Eric Cogorno's Ultimate Chipping Practice Plan-VIDEO 10-Backswing Fundamentals Face On","contentable_type":"Lesson","slug":"15250340-eric-cogorno-s-ultimate-chipping-practice-plan-video-10-backswing-fundamentals-face-on","is_free_trial":false,"next_content_id":15250344,"next_content_slug":"15250344-eric-cogorno-s-ultimate-chipping-practice-plan-video-11-backswing-fundamentals-down-the-line","next_content_type":"Lesson","display_name":"Video","contentable":6042918,"contentable_id":6042918,"payment_required":false,"draft":false,"is_released":true,"release_date":null,"prerequisite":false,"total_post_count":0,"discussions_enabled":false,"meta_data":{"duration_in_seconds":259},"expand_enabled":false,"lesson_type_label":null,"lesson_type_icon":null,"default_lesson_type_label":"Video","default_lesson_type_icon":"video","under_construction":false},{"id":15250344,"position":12,"chapter_id":3910836,"name":"Eric Cogorno's Ultimate Chipping Practice Plan-VIDEO 11-Backswing Fundamentals Down The Line","contentable_type":"Lesson","slug":"15250344-eric-cogorno-s-ultimate-chipping-practice-plan-video-11-backswing-fundamentals-down-the-line","is_free_trial":false,"next_content_id":15250371,"next_content_slug":"15250371-eric-cogorno-s-ultimate-chipping-practice-plan-video-12-downswing-follow-through-fundamentals-face-on","next_content_type":"Lesson","display_name":"Video","contentable":6042919,"contentable_id":6042919,"payment_required":false,"draft":false,"is_released":true,"release_date":null,"prerequisite":false,"total_post_count":0,"discussions_enabled":false,"meta_data":{"duration_in_seconds":170},"expand_enabled":false,"lesson_type_label":null,"lesson_type_icon":null,"default_lesson_type_label":"Video","default_lesson_type_icon":"video","under_construction":false},{"id":15250371,"position":13,"chapter_id":3910836,"name":"Eric Cogorno's Ultimate Chipping Practice Plan-VIDEO 12-Downswing/Follow Through Fundamentals Face On","contentable_type":"Lesson","slug":"15250371-eric-cogorno-s-ultimate-chipping-practice-plan-video-12-downswing-follow-through-fundamentals-face-on","is_free_trial":false,"next_content_id":15250375,"next_content_slug":"15250375-eric-cogorno-s-ultimate-chipping-practice-plan-video-13-downswing-follow-through-fundamentals-down-the-line","next_content_type":"Lesson","display_name":"Video","contentable":6042932,"contentable_id":6042932,"payment_required":false,"draft":false,"is_released":true,"release_date":null,"prerequisite":false,"total_post_count":0,"discussions_enabled":false,"meta_data":{"duration_in_seconds":205},"expand_enabled":false,"lesson_type_label":null,"lesson_type_icon":null,"default_lesson_type_label":"Video","default_lesson_type_icon":"video","under_construction":false},{"id":15250375,"position":14,"chapter_id":3910836,"name":"Eric Cogorno's Ultimate Chipping Practice Plan-VIDEO 13-Downswing/Follow Through Fundamentals Down The Line","contentable_type":"Lesson","slug":"15250375-eric-cogorno-s-ultimate-chipping-practice-plan-video-13-downswing-follow-through-fundamentals-down-the-line","is_free_trial":false,"next_content_id":15250398,"next_content_slug":"15250398-eric-cogorno-s-ultimate-chipping-practice-plan-video-14-how-to-hit-a-low-trajectory-shot","next_content_type":"Lesson","display_name":"Video","contentable":6042934,"contentable_id":6042934,"payment_required":false,"draft":false,"is_released":true,"release_date":null,"prerequisite":false,"total_post_count":0,"discussions_enabled":false,"meta_data":{"duration_in_seconds":152},"expand_enabled":false,"lesson_type_label":null,"lesson_type_icon":null,"default_lesson_type_label":"Video","default_lesson_type_icon":"video","under_construction":false},{"id":15250398,"position":15,"chapter_id":3910836,"name":"Eric Cogorno's Ultimate Chipping Practice Plan-VIDEO 14-How To Hit A Low Trajectory Shot","contentable_type":"Lesson","slug":"15250398-eric-cogorno-s-ultimate-chipping-practice-plan-video-14-how-to-hit-a-low-trajectory-shot","is_free_trial":false,"next_content_id":15250404,"next_content_slug":"15250404-eric-cogorno-s-ultimate-chipping-practice-plan-video-15-how-to-hit-a-medium-trajectory-shot","next_content_type":"Lesson","display_name":"Video","contentable":6042955,"contentable_id":6042955,"payment_required":false,"draft":false,"is_released":true,"release_date":null,"prerequisite":false,"total_post_count":0,"discussions_enabled":false,"meta_data":{"duration_in_seconds":316},"expand_enabled":false,"lesson_type_label":null,"lesson_type_icon":null,"default_lesson_type_label":"Video","default_lesson_type_icon":"video","under_construction":false},{"id":15250404,"position":16,"chapter_id":3910836,"name":"Eric Cogorno's Ultimate Chipping Practice Plan-VIDEO 15-How To Hit A Medium Trajectory Shot","contentable_type":"Lesson","slug":"15250404-eric-cogorno-s-ultimate-chipping-practice-plan-video-15-how-to-hit-a-medium-trajectory-shot","is_free_trial":false,"next_content_id":15250412,"next_content_slug":"15250412-eric-cogorno-s-ultimate-chipping-practice-plan-video-16-how-to-hit-a-high-trajectory-shot","next_content_type":"Lesson","display_name":"Video","contentable":6042957,"contentable_id":6042957,"payment_required":false,"draft":false,"is_released":true,"release_date":null,"prerequisite":false,"total_post_count":0,"discussions_enabled":false,"meta_data":{"duration_in_seconds":116},"expand_enabled":false,"lesson_type_label":null,"lesson_type_icon":null,"default_lesson_type_label":"Video","default_lesson_type_icon":"video","under_construction":false},{"id":15250412,"position":17,"chapter_id":3910836,"name":"Eric Cogorno's Ultimate Chipping Practice Plan-VIDEO 16-How To Hit A High Trajectory Shot","contentable_type":"Lesson","slug":"15250412-eric-cogorno-s-ultimate-chipping-practice-plan-video-16-how-to-hit-a-high-trajectory-shot","is_free_trial":false,"next_content_id":15250461,"next_content_slug":"15250461-eric-cogorno-s-ultimate-chipping-practice-plan-video-17-how-to-hit-the-bump-run","next_content_type":"Lesson","display_name":"Video","contentable":6042961,"contentable_id":6042961,"payment_required":false,"draft":false,"is_released":true,"release_date":null,"prerequisite":false,"total_post_count":0,"discussions_enabled":false,"meta_data":{"duration_in_seconds":289},"expand_enabled":false,"lesson_type_label":null,"lesson_type_icon":null,"default_lesson_type_label":"Video","default_lesson_type_icon":"video","under_construction":false},{"id":15250461,"position":18,"chapter_id":3910836,"name":"Eric Cogorno's Ultimate Chipping Practice Plan-VIDEO 17-How To Hit The Bump \u0026 Run","contentable_type":"Lesson","slug":"15250461-eric-cogorno-s-ultimate-chipping-practice-plan-video-17-how-to-hit-the-bump-run","is_free_trial":false,"next_content_id":15250469,"next_content_slug":"15250469-eric-cogorno-s-ultimate-chipping-practice-plan-video-18-matching-the-body-with-the-arms-hands","next_content_type":"Lesson","display_name":"Video","contentable":6043000,"contentable_id":6043000,"payment_required":false,"draft":false,"is_released":true,"release_date":null,"prerequisite":false,"total_post_count":0,"discussions_enabled":false,"meta_data":{"duration_in_seconds":300},"expand_enabled":false,"lesson_type_label":null,"lesson_type_icon":null,"default_lesson_type_label":"Video","default_lesson_type_icon":"video","under_construction":false},{"id":15250469,"position":19,"chapter_id":3910836,"name":"Eric Cogorno's Ultimate Chipping Practice Plan-VIDEO 18-Matching The Body With The Arms \u0026 Hands","contentable_type":"Lesson","slug":"15250469-eric-cogorno-s-ultimate-chipping-practice-plan-video-18-matching-the-body-with-the-arms-hands","is_free_trial":false,"next_content_id":15250474,"next_content_slug":"15250474-eric-cogorno-s-ultimate-chipping-practice-plan-video-19-how-much-to-hinge","next_content_type":"Lesson","display_name":"Video","contentable":6043001,"contentable_id":6043001,"payment_required":false,"draft":false,"is_released":true,"release_date":null,"prerequisite":false,"total_post_count":0,"discussions_enabled":false,"meta_data":{"duration_in_seconds":198},"expand_enabled":false,"lesson_type_label":null,"lesson_type_icon":null,"default_lesson_type_label":"Video","default_lesson_type_icon":"video","under_construction":false},{"id":15250474,"position":20,"chapter_id":3910836,"name":"Eric Cogorno's Ultimate Chipping Practice Plan-VIDEO 19-How Much To Hinge","contentable_type":"Lesson","slug":"15250474-eric-cogorno-s-ultimate-chipping-practice-plan-video-19-how-much-to-hinge","is_free_trial":false,"next_content_id":15250478,"next_content_slug":"15250478-eric-cogorno-s-ultimate-chipping-practice-plan-video-20-common-faults-fixes-setup","next_content_type":"Lesson","display_name":"Video","contentable":6043003,"contentable_id":6043003,"payment_required":false,"draft":false,"is_released":true,"release_date":null,"prerequisite":false,"total_post_count":0,"discussions_enabled":false,"meta_data":{"duration_in_seconds":210},"expand_enabled":false,"lesson_type_label":null,"lesson_type_icon":null,"default_lesson_type_label":"Video","default_lesson_type_icon":"video","under_construction":false},{"id":15250478,"position":21,"chapter_id":3910836,"name":"Eric Cogorno's Ultimate Chipping Practice Plan-VIDEO 20-Common Faults \u0026 Fixes-Setup","contentable_type":"Lesson","slug":"15250478-eric-cogorno-s-ultimate-chipping-practice-plan-video-20-common-faults-fixes-setup","is_free_trial":false,"next_content_id":15250482,"next_content_slug":"15250482-eric-cogorno-s-ultimate-chipping-practice-plan-video-21-common-faults-fixes-backswing","next_content_type":"Lesson","display_name":"Video","contentable":6043006,"contentable_id":6043006,"payment_required":false,"draft":false,"is_released":true,"release_date":null,"prerequisite":false,"total_post_count":0,"discussions_enabled":false,"meta_data":{"duration_in_seconds":295},"expand_enabled":false,"lesson_type_label":null,"lesson_type_icon":null,"default_lesson_type_label":"Video","default_lesson_type_icon":"video","under_construction":false},{"id":15250482,"position":22,"chapter_id":3910836,"name":"Eric Cogorno's Ultimate Chipping Practice Plan-VIDEO 21-Common Faults \u0026 Fixes-Backswing","contentable_type":"Lesson","slug":"15250482-eric-cogorno-s-ultimate-chipping-practice-plan-video-21-common-faults-fixes-backswing","is_free_trial":false,"next_content_id":15250485,"next_content_slug":"15250485-eric-cogorno-s-ultimate-chipping-practice-plan-video-22-faults-fixes-follow-through","next_content_type":"Lesson","display_name":"Video","contentable":6043008,"contentable_id":6043008,"payment_required":false,"draft":false,"is_released":true,"release_date":null,"prerequisite":false,"total_post_count":0,"discussions_enabled":false,"meta_data":{"duration_in_seconds":335},"expand_enabled":false,"lesson_type_label":null,"lesson_type_icon":null,"default_lesson_type_label":"Video","default_lesson_type_icon":"video","under_construction":false},{"id":15250485,"position":23,"chapter_id":3910836,"name":"Eric Cogorno's Ultimate Chipping Practice Plan-VIDEO 22-Faults \u0026 Fixes-Follow Through","contentable_type":"Lesson","slug":"15250485-eric-cogorno-s-ultimate-chipping-practice-plan-video-22-faults-fixes-follow-through","is_free_trial":false,"next_content_id":15250505,"next_content_slug":"15250505-eric-cogorno-s-ultimate-chipping-practice-plan-video-23-how-to-chip-like-the-pros","next_content_type":"Lesson","display_name":"Video","contentable":6043011,"contentable_id":6043011,"payment_required":false,"draft":false,"is_released":true,"release_date":null,"prerequisite":false,"total_post_count":0,"discussions_enabled":false,"meta_data":{"duration_in_seconds":297},"expand_enabled":false,"lesson_type_label":null,"lesson_type_icon":null,"default_lesson_type_label":"Video","default_lesson_type_icon":"video","under_construction":false},{"id":15250505,"position":24,"chapter_id":3910836,"name":"Eric Cogorno's Ultimate Chipping Practice Plan-VIDEO 23-How To Chip Like The Pros","contentable_type":"Lesson","slug":"15250505-eric-cogorno-s-ultimate-chipping-practice-plan-video-23-how-to-chip-like-the-pros","is_free_trial":false,"next_content_id":15250694,"next_content_slug":"15250694-eric-cogorno-s-ultimate-chipping-practice-plan-video-24-chipping-vs-pitching","next_content_type":"Lesson","display_name":"Video","contentable":6043020,"contentable_id":6043020,"payment_required":false,"draft":false,"is_released":true,"release_date":null,"prerequisite":false,"total_post_count":0,"discussions_enabled":false,"meta_data":{"duration_in_seconds":810},"expand_enabled":false,"lesson_type_label":null,"lesson_type_icon":null,"default_lesson_type_label":"Video","default_lesson_type_icon":"video","under_construction":false},{"id":15250694,"position":25,"chapter_id":3910836,"name":"Eric Cogorno's Ultimate Chipping Practice Plan-VIDEO 24-Chipping Vs Pitching","contentable_type":"Lesson","slug":"15250694-eric-cogorno-s-ultimate-chipping-practice-plan-video-24-chipping-vs-pitching","is_free_trial":false,"next_content_id":15250698,"next_content_slug":"15250698-eric-cogorno-s-ultimate-chipping-practice-plan-video-25-why-the-pros-are-so-good-at-chipping","next_content_type":"Lesson","display_name":"Video","contentable":6043091,"contentable_id":6043091,"payment_required":false,"draft":false,"is_released":true,"release_date":null,"prerequisite":false,"total_post_count":0,"discussions_enabled":false,"meta_data":{"duration_in_seconds":555},"expand_enabled":false,"lesson_type_label":null,"lesson_type_icon":null,"default_lesson_type_label":"Video","default_lesson_type_icon":"video","under_construction":false},{"id":15250698,"position":26,"chapter_id":3910836,"name":"Eric Cogorno's Ultimate Chipping Practice Plan-VIDEO 25-Why The Pros Are So Good At Chipping","contentable_type":"Lesson","slug":"15250698-eric-cogorno-s-ultimate-chipping-practice-plan-video-25-why-the-pros-are-so-good-at-chipping","is_free_trial":false,"next_content_id":15250702,"next_content_slug":"15250702-eric-cogorno-s-ultimate-chipping-practice-plan-video-26-three-key-checkpoints-for-the-bump-and-run","next_content_type":"Lesson","display_name":"Video","contentable":6043092,"contentable_id":6043092,"payment_required":false,"draft":false,"is_released":true,"release_date":null,"prerequisite":false,"total_post_count":0,"discussions_enabled":false,"meta_data":{"duration_in_seconds":438},"expand_enabled":false,"lesson_type_label":null,"lesson_type_icon":null,"default_lesson_type_label":"Video","default_lesson_type_icon":"video","under_construction":false},{"id":15250702,"position":27,"chapter_id":3910836,"name":"Eric Cogorno's Ultimate Chipping Practice Plan-VIDEO 26-Three Key Checkpoints For The Bump And Run","contentable_type":"Lesson","slug":"15250702-eric-cogorno-s-ultimate-chipping-practice-plan-video-26-three-key-checkpoints-for-the-bump-and-run","is_free_trial":false,"next_content_id":null,"next_content_slug":null,"next_content_type":null,"display_name":"Video","contentable":6043094,"contentable_id":6043094,"payment_required":false,"draft":false,"is_released":true,"release_date":null,"prerequisite":false,"total_post_count":0,"discussions_enabled":false,"meta_data":{"duration_in_seconds":1262},"expand_enabled":false,"lesson_type_label":null,"lesson_type_icon":null,"default_lesson_type_label":"Video","default_lesson_type_icon":"video","under_construction":false}],"chapters":[{"id":3910836,"name":"Eric Cogorno's Ultimate Chipping Practice Plan","position":2,"course_id":874038,"content_ids":[15250220,15250224,15250243,15250248,15250254,15250257,15250288,15250316,15250335,15250340,15250344,15250371,15250375,15250398,15250404,15250412,15250461,15250469,15250474,15250478,15250482,15250485,15250505,15250694,15250698,15250702]}]}