{"course":{"id":895406,"name":"Eric Cogorno's Ultimate Full Swing Range Practice Plan","slug":"eric-cogorno-s-ultimate-full-swing-range-practice-plan","landing_page_url":"https://www.cogornogolf.com/courses/eric-cogorno-s-ultimate-full-swing-range-practice-plan","checkout_page_url":"https://www.cogornogolf.com/enroll/940876","site_twitter_handle":"","support_email":"service@cogornogolf.com","subdomain":"cogornogolf","product_id":940876,"use_linkedin_profile_certification":false,"completion_page_html":"","use_custom_completion_page_html":false,"reviews_enabled":false,"goals_enabled":false,"autoplay_all_videos":true,"require_video_completion":false,"video_completion_percentage":"100","disable_chapter_completed_modal":false,"theme":null,"primary_color":null,"font":null,"logo":null,"show_logo":true,"disable_text_selection":false,"hide_lesson_type_label_and_icon":false,"hide_lesson_type_icon":false,"is_onboarding_demo_course":false,"social_share_course_completion_overridden":false,"social_share_chapter_completion_overridden":false,"social_share_message":null,"facebook_shared_landing_page_url":"https://www.cogornogolf.com/rp3x4","linkedin_shared_landing_page_url":"https://www.cogornogolf.com/yzx9n","twitter_shared_landing_page_url":"https://www.cogornogolf.com/cfxje","shared_landing_page_url":"https://www.cogornogolf.com/wzwtl","chapter_ids":[4010440]},"contents":[{"id":15678798,"position":2,"chapter_id":4010440,"name":"ERIC COGORNO'S ULTIMATE FULL SWING RANGE PRACTICE-VIDEO 1-INTRODUCTION","contentable_type":"Lesson","slug":"15678798-eric-cogorno-s-ultimate-full-swing-range-practice-video-1-introduction","is_free_trial":false,"next_content_id":15678802,"next_content_slug":"15678802-eric-cogorno-s-ultimate-full-swing-range-practice-video-2-practice-overview","next_content_type":"Lesson","display_name":"Video","contentable":6240965,"contentable_id":6240965,"payment_required":false,"draft":false,"is_released":true,"release_date":null,"prerequisite":false,"total_post_count":0,"discussions_enabled":false,"meta_data":{"duration_in_seconds":101},"expand_enabled":false,"lesson_type_label":null,"lesson_type_icon":null,"default_lesson_type_label":"Video","default_lesson_type_icon":"video","under_construction":false},{"id":15678802,"position":3,"chapter_id":4010440,"name":"ERIC COGORNO'S ULTIMATE FULL SWING RANGE PRACTICE-VIDEO 2-PRACTICE OVERVIEW","contentable_type":"Lesson","slug":"15678802-eric-cogorno-s-ultimate-full-swing-range-practice-video-2-practice-overview","is_free_trial":false,"next_content_id":15678809,"next_content_slug":"15678809-eric-cogorno-s-ultimate-full-swing-range-practice-video-3-wedges-warm-up","next_content_type":"Lesson","display_name":"Video","contentable":6240967,"contentable_id":6240967,"payment_required":false,"draft":false,"is_released":true,"release_date":null,"prerequisite":false,"total_post_count":0,"discussions_enabled":false,"meta_data":{"duration_in_seconds":62},"expand_enabled":false,"lesson_type_label":null,"lesson_type_icon":null,"default_lesson_type_label":"Video","default_lesson_type_icon":"video","under_construction":false},{"id":15678809,"position":4,"chapter_id":4010440,"name":"ERIC COGORNO'S ULTIMATE FULL SWING RANGE PRACTICE-VIDEO 3-WEDGES WARM UP","contentable_type":"Lesson","slug":"15678809-eric-cogorno-s-ultimate-full-swing-range-practice-video-3-wedges-warm-up","is_free_trial":false,"next_content_id":15678830,"next_content_slug":"15678830-eric-cogorno-s-ultimate-full-swing-range-practice-video-4-mechanics","next_content_type":"Lesson","display_name":"Video","contentable":6240970,"contentable_id":6240970,"payment_required":false,"draft":false,"is_released":true,"release_date":null,"prerequisite":false,"total_post_count":0,"discussions_enabled":false,"meta_data":{"duration_in_seconds":304},"expand_enabled":false,"lesson_type_label":null,"lesson_type_icon":null,"default_lesson_type_label":"Video","default_lesson_type_icon":"video","under_construction":false},{"id":15678830,"position":5,"chapter_id":4010440,"name":"ERIC COGORNO'S ULTIMATE FULL SWING RANGE PRACTICE-VIDEO 4-MECHANICS","contentable_type":"Lesson","slug":"15678830-eric-cogorno-s-ultimate-full-swing-range-practice-video-4-mechanics","is_free_trial":false,"next_content_id":15678835,"next_content_slug":"15678835-eric-cogorno-s-ultimate-full-swing-range-practice-video-5-iron-grid","next_content_type":"Lesson","display_name":"Video","contentable":6240973,"contentable_id":6240973,"payment_required":false,"draft":false,"is_released":true,"release_date":null,"prerequisite":false,"total_post_count":0,"discussions_enabled":false,"meta_data":{"duration_in_seconds":339},"expand_enabled":false,"lesson_type_label":null,"lesson_type_icon":null,"default_lesson_type_label":"Video","default_lesson_type_icon":"video","under_construction":false},{"id":15678835,"position":6,"chapter_id":4010440,"name":"ERIC COGORNO'S ULTIMATE FULL SWING RANGE PRACTICE-VIDEO 5-IRON GRID","contentable_type":"Lesson","slug":"15678835-eric-cogorno-s-ultimate-full-swing-range-practice-video-5-iron-grid","is_free_trial":false,"next_content_id":15679348,"next_content_slug":"15679348-eric-cogorno-s-ultimate-full-swing-range-practice-video-6-driver-grid","next_content_type":"Lesson","display_name":"Video","contentable":6240975,"contentable_id":6240975,"payment_required":false,"draft":false,"is_released":true,"release_date":null,"prerequisite":false,"total_post_count":0,"discussions_enabled":false,"meta_data":{"duration_in_seconds":366},"expand_enabled":false,"lesson_type_label":null,"lesson_type_icon":null,"default_lesson_type_label":"Video","default_lesson_type_icon":"video","under_construction":false},{"id":15679348,"position":7,"chapter_id":4010440,"name":"ERIC COGORNO'S ULTIMATE FULL SWING RANGE PRACTICE-VIDEO 6-DRIVER GRID","contentable_type":"Lesson","slug":"15679348-eric-cogorno-s-ultimate-full-swing-range-practice-video-6-driver-grid","is_free_trial":false,"next_content_id":15679351,"next_content_slug":"15679351-eric-cogorno-s-ultimate-full-swing-range-practice-video-7-practice-adjustments","next_content_type":"Lesson","display_name":"Video","contentable":6241196,"contentable_id":6241196,"payment_required":false,"draft":false,"is_released":true,"release_date":null,"prerequisite":false,"total_post_count":0,"discussions_enabled":false,"meta_data":{"duration_in_seconds":245},"expand_enabled":false,"lesson_type_label":null,"lesson_type_icon":null,"default_lesson_type_label":"Video","default_lesson_type_icon":"video","under_construction":false},{"id":15679351,"position":8,"chapter_id":4010440,"name":"ERIC COGORNO'S ULTIMATE FULL SWING RANGE PRACTICE-VIDEO 7-PRACTICE ADJUSTMENTS","contentable_type":"Lesson","slug":"15679351-eric-cogorno-s-ultimate-full-swing-range-practice-video-7-practice-adjustments","is_free_trial":false,"next_content_id":15679359,"next_content_slug":"15679359-eric-cogorno-s-ultimate-full-swing-range-practice-video-8-advanced-wedges","next_content_type":"Lesson","display_name":"Video","contentable":6241198,"contentable_id":6241198,"payment_required":false,"draft":false,"is_released":true,"release_date":null,"prerequisite":false,"total_post_count":0,"discussions_enabled":false,"meta_data":{"duration_in_seconds":167},"expand_enabled":false,"lesson_type_label":null,"lesson_type_icon":null,"default_lesson_type_label":"Video","default_lesson_type_icon":"video","under_construction":false},{"id":15679359,"position":9,"chapter_id":4010440,"name":"ERIC COGORNO'S ULTIMATE FULL SWING RANGE PRACTICE-VIDEO 8-ADVANCED WEDGES","contentable_type":"Lesson","slug":"15679359-eric-cogorno-s-ultimate-full-swing-range-practice-video-8-advanced-wedges","is_free_trial":false,"next_content_id":15679361,"next_content_slug":"15679361-eric-cogorno-s-ultimate-full-swing-range-practice-video-9-advanced-irons","next_content_type":"Lesson","display_name":"Video","contentable":6241202,"contentable_id":6241202,"payment_required":false,"draft":false,"is_released":true,"release_date":null,"prerequisite":false,"total_post_count":0,"discussions_enabled":false,"meta_data":{"duration_in_seconds":265},"expand_enabled":false,"lesson_type_label":null,"lesson_type_icon":null,"default_lesson_type_label":"Video","default_lesson_type_icon":"video","under_construction":false},{"id":15679361,"position":10,"chapter_id":4010440,"name":"ERIC COGORNO'S ULTIMATE FULL SWING RANGE PRACTICE-VIDEO 9-ADVANCED IRONS","contentable_type":"Lesson","slug":"15679361-eric-cogorno-s-ultimate-full-swing-range-practice-video-9-advanced-irons","is_free_trial":false,"next_content_id":15679370,"next_content_slug":"15679370-eric-cogorno-s-ultimate-full-swing-range-practice-video-10-advanced-irons-trajectories","next_content_type":"Lesson","display_name":"Video","contentable":6241203,"contentable_id":6241203,"payment_required":false,"draft":false,"is_released":true,"release_date":null,"prerequisite":false,"total_post_count":0,"discussions_enabled":false,"meta_data":{"duration_in_seconds":249},"expand_enabled":false,"lesson_type_label":null,"lesson_type_icon":null,"default_lesson_type_label":"Video","default_lesson_type_icon":"video","under_construction":false},{"id":15679370,"position":11,"chapter_id":4010440,"name":"ERIC COGORNO'S ULTIMATE FULL SWING RANGE PRACTICE-VIDEO 10-ADVANCED IRONS-TRAJECTORIES","contentable_type":"Lesson","slug":"15679370-eric-cogorno-s-ultimate-full-swing-range-practice-video-10-advanced-irons-trajectories","is_free_trial":false,"next_content_id":15679378,"next_content_slug":"15679378-eric-cogorno-s-ultimate-full-swing-range-practice-video-11-advanced-irons-direction-control-curves","next_content_type":"Lesson","display_name":"Video","contentable":6241207,"contentable_id":6241207,"payment_required":false,"draft":false,"is_released":true,"release_date":null,"prerequisite":false,"total_post_count":0,"discussions_enabled":false,"meta_data":{"duration_in_seconds":175},"expand_enabled":false,"lesson_type_label":null,"lesson_type_icon":null,"default_lesson_type_label":"Video","default_lesson_type_icon":"video","under_construction":false},{"id":15679378,"position":12,"chapter_id":4010440,"name":"ERIC COGORNO'S ULTIMATE FULL SWING RANGE PRACTICE-VIDEO 11-ADVANCED IRONS-DIRECTION CONTROL-CURVES","contentable_type":"Lesson","slug":"15679378-eric-cogorno-s-ultimate-full-swing-range-practice-video-11-advanced-irons-direction-control-curves","is_free_trial":false,"next_content_id":15679388,"next_content_slug":"15679388-eric-cogorno-s-ultimate-full-swing-range-practice-video-12-course-like-practice","next_content_type":"Lesson","display_name":"Video","contentable":6241211,"contentable_id":6241211,"payment_required":false,"draft":false,"is_released":true,"release_date":null,"prerequisite":false,"total_post_count":0,"discussions_enabled":false,"meta_data":{"duration_in_seconds":211},"expand_enabled":false,"lesson_type_label":null,"lesson_type_icon":null,"default_lesson_type_label":"Video","default_lesson_type_icon":"video","under_construction":false},{"id":15679388,"position":13,"chapter_id":4010440,"name":"ERIC COGORNO'S ULTIMATE FULL SWING RANGE PRACTICE-VIDEO 12-COURSE-LIKE PRACTICE","contentable_type":"Lesson","slug":"15679388-eric-cogorno-s-ultimate-full-swing-range-practice-video-12-course-like-practice","is_free_trial":false,"next_content_id":null,"next_content_slug":null,"next_content_type":null,"display_name":"Video","contentable":6241217,"contentable_id":6241217,"payment_required":false,"draft":false,"is_released":true,"release_date":null,"prerequisite":false,"total_post_count":0,"discussions_enabled":false,"meta_data":{"duration_in_seconds":186},"expand_enabled":false,"lesson_type_label":null,"lesson_type_icon":null,"default_lesson_type_label":"Video","default_lesson_type_icon":"video","under_construction":false}],"chapters":[{"id":4010440,"name":"Eric Cogorno's Ultimate Full Swing Range Practice Plan","position":2,"course_id":895406,"content_ids":[15678798,15678802,15678809,15678830,15678835,15679348,15679351,15679359,15679361,15679370,15679378,15679388]}]}