{"course":{"id":384478,"name":"Effortless  Speed And Distance","slug":"Generating-Speed-Distance","landing_page_url":"https://www.cogornogolf.com/courses/Generating-Speed-Distance","checkout_page_url":"https://www.cogornogolf.com/enroll/405507","site_twitter_handle":"","support_email":"service@cogornogolf.com","subdomain":"cogornogolf","product_id":405507,"use_linkedin_profile_certification":false,"completion_page_html":"","use_custom_completion_page_html":false,"reviews_enabled":false,"goals_enabled":false,"autoplay_all_videos":true,"require_video_completion":false,"video_completion_percentage":"100","disable_chapter_completed_modal":false,"theme":"course_player_white","primary_color":null,"font":null,"logo":null,"show_logo":true,"disable_text_selection":false,"hide_lesson_type_label_and_icon":false,"hide_lesson_type_icon":false,"is_onboarding_demo_course":false,"social_share_course_completion_overridden":false,"social_share_chapter_completion_overridden":false,"social_share_message":null,"facebook_shared_landing_page_url":"https://www.cogornogolf.com/zvq2y","linkedin_shared_landing_page_url":"https://www.cogornogolf.com/5699r","twitter_shared_landing_page_url":"https://www.cogornogolf.com/9mgye","shared_landing_page_url":"https://www.cogornogolf.com/knzx4","chapter_ids":[1538435]},"contents":[{"id":5556171,"position":2,"chapter_id":1538435,"name":"Optimizing Driver Distance","contentable_type":"Lesson","slug":"5556171-optimizing-driver-distance","is_free_trial":false,"next_content_id":5556172,"next_content_slug":"5556172-generating-effortless-power","next_content_type":"Lesson","display_name":"Video","contentable":1906853,"contentable_id":1906853,"payment_required":false,"draft":false,"is_released":true,"release_date":null,"prerequisite":false,"total_post_count":0,"discussions_enabled":true,"meta_data":{"duration_in_seconds":314},"expand_enabled":false,"lesson_type_label":null,"lesson_type_icon":null,"default_lesson_type_label":"Video","default_lesson_type_icon":"video","under_construction":false},{"id":5556172,"position":3,"chapter_id":1538435,"name":"Generating Effortless Power","contentable_type":"Lesson","slug":"5556172-generating-effortless-power","is_free_trial":false,"next_content_id":5556173,"next_content_slug":"5556173-downswing-leg-work-for-distance","next_content_type":"Lesson","display_name":"Video","contentable":1906854,"contentable_id":1906854,"payment_required":false,"draft":false,"is_released":true,"release_date":null,"prerequisite":false,"total_post_count":0,"discussions_enabled":true,"meta_data":{"duration_in_seconds":800},"expand_enabled":false,"lesson_type_label":null,"lesson_type_icon":null,"default_lesson_type_label":"Video","default_lesson_type_icon":"video","under_construction":false},{"id":5556173,"position":4,"chapter_id":1538435,"name":"Downswing Leg Work For Distance","contentable_type":"Lesson","slug":"5556173-downswing-leg-work-for-distance","is_free_trial":false,"next_content_id":5556174,"next_content_slug":"5556174-increasing-driver-clubhead-speed","next_content_type":"Lesson","display_name":"Video","contentable":1906855,"contentable_id":1906855,"payment_required":false,"draft":false,"is_released":true,"release_date":null,"prerequisite":false,"total_post_count":0,"discussions_enabled":true,"meta_data":{"duration_in_seconds":726},"expand_enabled":false,"lesson_type_label":null,"lesson_type_icon":null,"default_lesson_type_label":"Video","default_lesson_type_icon":"video","under_construction":false},{"id":5556174,"position":5,"chapter_id":1538435,"name":"Increasing Driver Clubhead Speed","contentable_type":"Lesson","slug":"5556174-increasing-driver-clubhead-speed","is_free_trial":false,"next_content_id":5556175,"next_content_slug":"5556175-adding-distance-to-your-driver","next_content_type":"Lesson","display_name":"Video","contentable":1906856,"contentable_id":1906856,"payment_required":false,"draft":false,"is_released":true,"release_date":null,"prerequisite":false,"total_post_count":1,"discussions_enabled":true,"meta_data":{"duration_in_seconds":518},"expand_enabled":false,"lesson_type_label":null,"lesson_type_icon":null,"default_lesson_type_label":"Video","default_lesson_type_icon":"video","under_construction":false},{"id":5556175,"position":6,"chapter_id":1538435,"name":"Adding Distance To Your Driver","contentable_type":"Lesson","slug":"5556175-adding-distance-to-your-driver","is_free_trial":false,"next_content_id":5556176,"next_content_slug":"5556176-hitting-further-without-swinging-faster","next_content_type":"Lesson","display_name":"Video","contentable":1906857,"contentable_id":1906857,"payment_required":false,"draft":false,"is_released":true,"release_date":null,"prerequisite":false,"total_post_count":0,"discussions_enabled":true,"meta_data":{"duration_in_seconds":250},"expand_enabled":false,"lesson_type_label":null,"lesson_type_icon":null,"default_lesson_type_label":"Video","default_lesson_type_icon":"video","under_construction":false},{"id":5556176,"position":7,"chapter_id":1538435,"name":"Hitting Further Without Swinging Faster","contentable_type":"Lesson","slug":"5556176-hitting-further-without-swinging-faster","is_free_trial":false,"next_content_id":null,"next_content_slug":null,"next_content_type":null,"display_name":"Video","contentable":1906858,"contentable_id":1906858,"payment_required":false,"draft":false,"is_released":true,"release_date":null,"prerequisite":false,"total_post_count":1,"discussions_enabled":true,"meta_data":{"duration_in_seconds":584},"expand_enabled":false,"lesson_type_label":null,"lesson_type_icon":null,"default_lesson_type_label":"Video","default_lesson_type_icon":"video","under_construction":false}],"chapters":[{"id":1538435,"name":"Generating Speed and Effortless Distance","position":4,"course_id":384478,"content_ids":[5556171,5556172,5556173,5556174,5556175,5556176]}]}