{"course":{"id":541872,"name":"Golf Swing For Seniors Master Class","slug":"golf-swing-for-seniors-master-class","landing_page_url":"https://www.cogornogolf.com/courses/golf-swing-for-seniors-master-class","checkout_page_url":"https://www.cogornogolf.com/enroll/570908","site_twitter_handle":"","support_email":"service@cogornogolf.com","subdomain":"cogornogolf","product_id":570908,"use_linkedin_profile_certification":false,"completion_page_html":"","use_custom_completion_page_html":false,"reviews_enabled":false,"goals_enabled":false,"autoplay_all_videos":true,"require_video_completion":false,"video_completion_percentage":"100","disable_chapter_completed_modal":false,"theme":null,"primary_color":null,"font":null,"logo":null,"show_logo":true,"disable_text_selection":false,"hide_lesson_type_label_and_icon":false,"hide_lesson_type_icon":false,"is_onboarding_demo_course":false,"social_share_course_completion_overridden":false,"social_share_chapter_completion_overridden":false,"social_share_message":null,"facebook_shared_landing_page_url":"https://www.cogornogolf.com/bbn9g","linkedin_shared_landing_page_url":"https://www.cogornogolf.com/af4jq","twitter_shared_landing_page_url":"https://www.cogornogolf.com/9oo86","shared_landing_page_url":"https://www.cogornogolf.com/3ybsp","chapter_ids":[2362379]},"contents":[{"id":8926942,"position":2,"chapter_id":2362379,"name":"Golf Swing For Seniors Video 1 - Introduction","contentable_type":"Lesson","slug":"8926942-golf-swing-for-seniors-video-1-introduction","is_free_trial":false,"next_content_id":10684978,"next_content_slug":"10684978-golf-swing-for-seniors-video-2-what-s-different-for-senior-golfers","next_content_type":"Lesson","display_name":"Video","contentable":3278325,"contentable_id":3278325,"payment_required":false,"draft":false,"is_released":true,"release_date":null,"prerequisite":false,"total_post_count":0,"discussions_enabled":false,"meta_data":{"duration_in_seconds":70},"expand_enabled":false,"lesson_type_label":null,"lesson_type_icon":null,"default_lesson_type_label":"Video","default_lesson_type_icon":"video","under_construction":false},{"id":10684978,"position":3,"chapter_id":2362379,"name":"Golf Swing For Seniors Video 2 - What's Different For Senior Golfers","contentable_type":"Lesson","slug":"10684978-golf-swing-for-seniors-video-2-what-s-different-for-senior-golfers","is_free_trial":false,"next_content_id":10684981,"next_content_slug":"10684981-golf-swing-for-seniors-video-3-stock-setup","next_content_type":"Lesson","display_name":"Video","contentable":4010914,"contentable_id":4010914,"payment_required":false,"draft":false,"is_released":true,"release_date":null,"prerequisite":false,"total_post_count":0,"discussions_enabled":false,"meta_data":{"duration_in_seconds":180},"expand_enabled":false,"lesson_type_label":null,"lesson_type_icon":null,"default_lesson_type_label":"Video","default_lesson_type_icon":"video","under_construction":false},{"id":10684981,"position":4,"chapter_id":2362379,"name":"Golf Swing For Seniors Video 3 - Stock Setup","contentable_type":"Lesson","slug":"10684981-golf-swing-for-seniors-video-3-stock-setup","is_free_trial":false,"next_content_id":10684983,"next_content_slug":"10684983-golf-swing-for-seniors-video-4-setup-for-seniors","next_content_type":"Lesson","display_name":"Video","contentable":4010916,"contentable_id":4010916,"payment_required":false,"draft":false,"is_released":true,"release_date":null,"prerequisite":false,"total_post_count":0,"discussions_enabled":false,"meta_data":{"duration_in_seconds":319},"expand_enabled":false,"lesson_type_label":null,"lesson_type_icon":null,"default_lesson_type_label":"Video","default_lesson_type_icon":"video","under_construction":false},{"id":10684983,"position":5,"chapter_id":2362379,"name":"Golf Swing For Seniors Video 4 - Setup For Seniors","contentable_type":"Lesson","slug":"10684983-golf-swing-for-seniors-video-4-setup-for-seniors","is_free_trial":false,"next_content_id":10684985,"next_content_slug":"10684985-golf-swing-for-seniors-video-5-stock-backswing","next_content_type":"Lesson","display_name":"Video","contentable":4010918,"contentable_id":4010918,"payment_required":false,"draft":false,"is_released":true,"release_date":null,"prerequisite":false,"total_post_count":0,"discussions_enabled":false,"meta_data":{"duration_in_seconds":274},"expand_enabled":false,"lesson_type_label":null,"lesson_type_icon":null,"default_lesson_type_label":"Video","default_lesson_type_icon":"video","under_construction":false},{"id":10684985,"position":6,"chapter_id":2362379,"name":"Golf Swing For Seniors Video 5 - Stock Backswing","contentable_type":"Lesson","slug":"10684985-golf-swing-for-seniors-video-5-stock-backswing","is_free_trial":false,"next_content_id":10684988,"next_content_slug":"10684988-golf-swing-for-seniors-video-6-backswing-for-seniors","next_content_type":"Lesson","display_name":"Video","contentable":4010920,"contentable_id":4010920,"payment_required":false,"draft":false,"is_released":true,"release_date":null,"prerequisite":false,"total_post_count":0,"discussions_enabled":false,"meta_data":{"duration_in_seconds":244},"expand_enabled":false,"lesson_type_label":null,"lesson_type_icon":null,"default_lesson_type_label":"Video","default_lesson_type_icon":"video","under_construction":false},{"id":10684988,"position":7,"chapter_id":2362379,"name":"Golf Swing For Seniors Video 6 - Backswing For Seniors","contentable_type":"Lesson","slug":"10684988-golf-swing-for-seniors-video-6-backswing-for-seniors","is_free_trial":false,"next_content_id":10684993,"next_content_slug":"10684993-golf-swing-for-seniors-video-7-downswing-for-seniors-part-1","next_content_type":"Lesson","display_name":"Video","contentable":4010922,"contentable_id":4010922,"payment_required":false,"draft":false,"is_released":true,"release_date":null,"prerequisite":false,"total_post_count":0,"discussions_enabled":false,"meta_data":{"duration_in_seconds":426},"expand_enabled":false,"lesson_type_label":null,"lesson_type_icon":null,"default_lesson_type_label":"Video","default_lesson_type_icon":"video","under_construction":false},{"id":10684993,"position":8,"chapter_id":2362379,"name":"Golf Swing For Seniors Video 7 - Downswing For Seniors Part 1","contentable_type":"Lesson","slug":"10684993-golf-swing-for-seniors-video-7-downswing-for-seniors-part-1","is_free_trial":false,"next_content_id":10684999,"next_content_slug":"10684999-golf-swing-for-seniors-video-8-downswing-for-seniors-part-2","next_content_type":"Lesson","display_name":"Video","contentable":4010924,"contentable_id":4010924,"payment_required":false,"draft":false,"is_released":true,"release_date":null,"prerequisite":false,"total_post_count":0,"discussions_enabled":false,"meta_data":{"duration_in_seconds":319},"expand_enabled":false,"lesson_type_label":null,"lesson_type_icon":null,"default_lesson_type_label":"Video","default_lesson_type_icon":"video","under_construction":false},{"id":10684999,"position":9,"chapter_id":2362379,"name":"Golf Swing For Seniors Video 8 - Downswing For Seniors Part 2","contentable_type":"Lesson","slug":"10684999-golf-swing-for-seniors-video-8-downswing-for-seniors-part-2","is_free_trial":false,"next_content_id":10685002,"next_content_slug":"10685002-golf-swing-for-seniors-video-9-follow-through-for-seniors","next_content_type":"Lesson","display_name":"Video","contentable":4010929,"contentable_id":4010929,"payment_required":false,"draft":false,"is_released":true,"release_date":null,"prerequisite":false,"total_post_count":0,"discussions_enabled":false,"meta_data":{"duration_in_seconds":426},"expand_enabled":false,"lesson_type_label":null,"lesson_type_icon":null,"default_lesson_type_label":"Video","default_lesson_type_icon":"video","under_construction":false},{"id":10685002,"position":10,"chapter_id":2362379,"name":"Golf Swing For Seniors Video 9 - Follow Through For Seniors","contentable_type":"Lesson","slug":"10685002-golf-swing-for-seniors-video-9-follow-through-for-seniors","is_free_trial":false,"next_content_id":10685011,"next_content_slug":"10685011-golf-swing-for-seniors-video-10-follow-through-body-motions","next_content_type":"Lesson","display_name":"Video","contentable":4010931,"contentable_id":4010931,"payment_required":false,"draft":false,"is_released":true,"release_date":null,"prerequisite":false,"total_post_count":0,"discussions_enabled":false,"meta_data":{"duration_in_seconds":317},"expand_enabled":false,"lesson_type_label":null,"lesson_type_icon":null,"default_lesson_type_label":"Video","default_lesson_type_icon":"video","under_construction":false},{"id":10685011,"position":11,"chapter_id":2362379,"name":"Golf Swing For Seniors Video 10 - Follow Through Body Motions","contentable_type":"Lesson","slug":"10685011-golf-swing-for-seniors-video-10-follow-through-body-motions","is_free_trial":false,"next_content_id":10685014,"next_content_slug":"10685014-golf-swing-for-seniors-video-11-driver-distance","next_content_type":"Lesson","display_name":"Video","contentable":4010935,"contentable_id":4010935,"payment_required":false,"draft":false,"is_released":true,"release_date":null,"prerequisite":false,"total_post_count":0,"discussions_enabled":false,"meta_data":{"duration_in_seconds":431},"expand_enabled":false,"lesson_type_label":null,"lesson_type_icon":null,"default_lesson_type_label":"Video","default_lesson_type_icon":"video","under_construction":false},{"id":10685014,"position":12,"chapter_id":2362379,"name":"Golf Swing For Seniors Video 11 - Driver Distance","contentable_type":"Lesson","slug":"10685014-golf-swing-for-seniors-video-11-driver-distance","is_free_trial":false,"next_content_id":10685015,"next_content_slug":"10685015-golf-swing-for-seniors-video-12-driver-angle-of-attack","next_content_type":"Lesson","display_name":"Video","contentable":4010937,"contentable_id":4010937,"payment_required":false,"draft":false,"is_released":true,"release_date":null,"prerequisite":false,"total_post_count":0,"discussions_enabled":false,"meta_data":{"duration_in_seconds":325},"expand_enabled":false,"lesson_type_label":null,"lesson_type_icon":null,"default_lesson_type_label":"Video","default_lesson_type_icon":"video","under_construction":false},{"id":10685015,"position":13,"chapter_id":2362379,"name":"Golf Swing For Seniors Video 12 - Driver Angle Of Attack","contentable_type":"Lesson","slug":"10685015-golf-swing-for-seniors-video-12-driver-angle-of-attack","is_free_trial":false,"next_content_id":10685017,"next_content_slug":"10685017-golf-swing-for-seniors-video-13-wedges-for-seniors","next_content_type":"Lesson","display_name":"Video","contentable":4010938,"contentable_id":4010938,"payment_required":false,"draft":false,"is_released":true,"release_date":null,"prerequisite":false,"total_post_count":0,"discussions_enabled":false,"meta_data":{"duration_in_seconds":321},"expand_enabled":false,"lesson_type_label":null,"lesson_type_icon":null,"default_lesson_type_label":"Video","default_lesson_type_icon":"video","under_construction":false},{"id":10685017,"position":14,"chapter_id":2362379,"name":"Golf Swing For Seniors Video 13 - Wedges For Seniors","contentable_type":"Lesson","slug":"10685017-golf-swing-for-seniors-video-13-wedges-for-seniors","is_free_trial":false,"next_content_id":10685025,"next_content_slug":"10685025-golf-swing-for-seniors-video-14-general-practice-principles","next_content_type":"Lesson","display_name":"Video","contentable":4010940,"contentable_id":4010940,"payment_required":false,"draft":false,"is_released":true,"release_date":null,"prerequisite":false,"total_post_count":0,"discussions_enabled":false,"meta_data":{"duration_in_seconds":462},"expand_enabled":false,"lesson_type_label":null,"lesson_type_icon":null,"default_lesson_type_label":"Video","default_lesson_type_icon":"video","under_construction":false},{"id":10685025,"position":15,"chapter_id":2362379,"name":"Golf Swing For Seniors Video 14 - General Practice Principles","contentable_type":"Lesson","slug":"10685025-golf-swing-for-seniors-video-14-general-practice-principles","is_free_trial":false,"next_content_id":10685028,"next_content_slug":"10685028-golf-swing-for-seniors-video-15-14-day-practice-plan","next_content_type":"Lesson","display_name":"Video","contentable":4010942,"contentable_id":4010942,"payment_required":false,"draft":false,"is_released":true,"release_date":null,"prerequisite":false,"total_post_count":0,"discussions_enabled":false,"meta_data":{"duration_in_seconds":332},"expand_enabled":false,"lesson_type_label":null,"lesson_type_icon":null,"default_lesson_type_label":"Video","default_lesson_type_icon":"video","under_construction":false},{"id":10685028,"position":16,"chapter_id":2362379,"name":"Golf Swing For Seniors Video 15 - 14-Day Practice Plan","contentable_type":"Lesson","slug":"10685028-golf-swing-for-seniors-video-15-14-day-practice-plan","is_free_trial":false,"next_content_id":10685035,"next_content_slug":"10685035-golf-swing-for-seniors-video-16-summary","next_content_type":"Lesson","display_name":"Video","contentable":4010943,"contentable_id":4010943,"payment_required":false,"draft":false,"is_released":true,"release_date":null,"prerequisite":false,"total_post_count":0,"discussions_enabled":false,"meta_data":{"duration_in_seconds":540},"expand_enabled":false,"lesson_type_label":null,"lesson_type_icon":null,"default_lesson_type_label":"Video","default_lesson_type_icon":"video","under_construction":false},{"id":10685035,"position":17,"chapter_id":2362379,"name":"Golf Swing For Seniors Video 16 - Summary","contentable_type":"Lesson","slug":"10685035-golf-swing-for-seniors-video-16-summary","is_free_trial":false,"next_content_id":null,"next_content_slug":null,"next_content_type":null,"display_name":"Video","contentable":4010947,"contentable_id":4010947,"payment_required":false,"draft":false,"is_released":true,"release_date":null,"prerequisite":false,"total_post_count":0,"discussions_enabled":false,"meta_data":{"duration_in_seconds":95},"expand_enabled":false,"lesson_type_label":null,"lesson_type_icon":null,"default_lesson_type_label":"Video","default_lesson_type_icon":"video","under_construction":false}],"chapters":[{"id":2362379,"name":"Golf Swing For Seniors Master Class","position":2,"course_id":541872,"content_ids":[8926942,10684978,10684981,10684983,10684985,10684988,10684993,10684999,10685002,10685011,10685014,10685015,10685017,10685025,10685028,10685035]}]}