{"course":{"id":384432,"name":"Grip","slug":"Grip","landing_page_url":"https://www.cogornogolf.com/courses/Grip","checkout_page_url":"https://www.cogornogolf.com/enroll/405461","site_twitter_handle":"","support_email":"service@cogornogolf.com","subdomain":"cogornogolf","product_id":405461,"use_linkedin_profile_certification":false,"completion_page_html":"","use_custom_completion_page_html":false,"reviews_enabled":false,"goals_enabled":false,"autoplay_all_videos":true,"require_video_completion":false,"video_completion_percentage":"100","disable_chapter_completed_modal":false,"theme":"course_player_white","primary_color":null,"font":null,"logo":null,"show_logo":true,"disable_text_selection":false,"hide_lesson_type_label_and_icon":false,"hide_lesson_type_icon":false,"is_onboarding_demo_course":false,"social_share_course_completion_overridden":false,"social_share_chapter_completion_overridden":false,"social_share_message":null,"facebook_shared_landing_page_url":"https://www.cogornogolf.com/95yfz","linkedin_shared_landing_page_url":"https://www.cogornogolf.com/7ujd3","twitter_shared_landing_page_url":"https://www.cogornogolf.com/dqfp9","shared_landing_page_url":"https://www.cogornogolf.com/hl82d","chapter_ids":[1538140]},"contents":[{"id":5561478,"position":0,"chapter_id":1538140,"name":"Course Overview","contentable_type":"HtmlItem","slug":"5561478-course-overview","is_free_trial":false,"next_content_id":5554859,"next_content_slug":"5554859-introduction","next_content_type":"Lesson","display_name":"Text","contentable":1520419,"contentable_id":1520419,"payment_required":false,"draft":false,"is_released":true,"release_date":null,"prerequisite":false,"total_post_count":0,"discussions_enabled":false,"meta_data":null,"expand_enabled":false,"lesson_type_label":null,"lesson_type_icon":null,"default_lesson_type_label":"Text","default_lesson_type_icon":"text","under_construction":false},{"id":5554859,"position":1,"chapter_id":1538140,"name":"Introduction","contentable_type":"Lesson","slug":"5554859-introduction","is_free_trial":false,"next_content_id":5554860,"next_content_slug":"5554860-stock-grip","next_content_type":"Lesson","display_name":"Video","contentable":1905668,"contentable_id":1905668,"payment_required":false,"draft":false,"is_released":true,"release_date":null,"prerequisite":false,"total_post_count":1,"discussions_enabled":true,"meta_data":{"duration_in_seconds":65},"expand_enabled":false,"lesson_type_label":null,"lesson_type_icon":null,"default_lesson_type_label":"Video","default_lesson_type_icon":"video","under_construction":false},{"id":5554860,"position":2,"chapter_id":1538140,"name":"Stock Grip","contentable_type":"Lesson","slug":"5554860-stock-grip","is_free_trial":false,"next_content_id":5554861,"next_content_slug":"5554861-grip-faults-and-fixes-weak-grip","next_content_type":"Lesson","display_name":"Video","contentable":1905669,"contentable_id":1905669,"payment_required":false,"draft":false,"is_released":true,"release_date":null,"prerequisite":false,"total_post_count":1,"discussions_enabled":true,"meta_data":{"duration_in_seconds":353},"expand_enabled":false,"lesson_type_label":null,"lesson_type_icon":null,"default_lesson_type_label":"Video","default_lesson_type_icon":"video","under_construction":false},{"id":5554861,"position":3,"chapter_id":1538140,"name":"Grip Faults and Fixes - Weak Grip","contentable_type":"Lesson","slug":"5554861-grip-faults-and-fixes-weak-grip","is_free_trial":false,"next_content_id":5554862,"next_content_slug":"5554862-grip-faults-and-fixes-strong-grip","next_content_type":"Lesson","display_name":"Video","contentable":1905670,"contentable_id":1905670,"payment_required":false,"draft":false,"is_released":true,"release_date":null,"prerequisite":false,"total_post_count":0,"discussions_enabled":true,"meta_data":{"duration_in_seconds":337},"expand_enabled":false,"lesson_type_label":null,"lesson_type_icon":null,"default_lesson_type_label":"Video","default_lesson_type_icon":"video","under_construction":false},{"id":5554862,"position":4,"chapter_id":1538140,"name":"Grip Faults and Fixes - Strong Grip","contentable_type":"Lesson","slug":"5554862-grip-faults-and-fixes-strong-grip","is_free_trial":false,"next_content_id":null,"next_content_slug":null,"next_content_type":null,"display_name":"Video","contentable":1905671,"contentable_id":1905671,"payment_required":false,"draft":false,"is_released":true,"release_date":null,"prerequisite":false,"total_post_count":1,"discussions_enabled":true,"meta_data":{"duration_in_seconds":322},"expand_enabled":false,"lesson_type_label":null,"lesson_type_icon":null,"default_lesson_type_label":"Video","default_lesson_type_icon":"video","under_construction":false}],"chapters":[{"id":1538140,"name":"Your Sole Connection To The Golf Ball","position":2,"course_id":384432,"content_ids":[5561478,5554859,5554860,5554861,5554862]}]}