{"course":{"id":384446,"name":"Incorporating The Body","slug":"Incorporating-The-Body","landing_page_url":"https://www.cogornogolf.com/courses/Incorporating-The-Body","checkout_page_url":"https://www.cogornogolf.com/enroll/405475","site_twitter_handle":"","support_email":"service@cogornogolf.com","subdomain":"cogornogolf","product_id":405475,"use_linkedin_profile_certification":false,"completion_page_html":"","use_custom_completion_page_html":false,"reviews_enabled":false,"goals_enabled":false,"autoplay_all_videos":true,"require_video_completion":false,"video_completion_percentage":"100","disable_chapter_completed_modal":false,"theme":"course_player_white","primary_color":null,"font":null,"logo":null,"show_logo":true,"disable_text_selection":false,"hide_lesson_type_label_and_icon":false,"hide_lesson_type_icon":false,"is_onboarding_demo_course":false,"social_share_course_completion_overridden":false,"social_share_chapter_completion_overridden":false,"social_share_message":null,"facebook_shared_landing_page_url":"https://www.cogornogolf.com/rscyt","linkedin_shared_landing_page_url":"https://www.cogornogolf.com/pd6zj","twitter_shared_landing_page_url":"https://www.cogornogolf.com/crjlv","shared_landing_page_url":"https://www.cogornogolf.com/digmr","chapter_ids":[1538227]},"contents":[{"id":5597314,"position":0,"chapter_id":1538227,"name":"Course Overview","contentable_type":"HtmlItem","slug":"5597314-course-overview","is_free_trial":false,"next_content_id":5764384,"next_content_slug":"5764384-weight-shift-vs-hip-turn","next_content_type":"Lesson","display_name":"Text","contentable":1529550,"contentable_id":1529550,"payment_required":false,"draft":false,"is_released":true,"release_date":null,"prerequisite":false,"total_post_count":0,"discussions_enabled":false,"meta_data":null,"expand_enabled":false,"lesson_type_label":null,"lesson_type_icon":null,"default_lesson_type_label":"Text","default_lesson_type_icon":"text","under_construction":false},{"id":5764384,"position":1,"chapter_id":1538227,"name":"Weight Shift Vs. Hip Turn","contentable_type":"Lesson","slug":"5764384-weight-shift-vs-hip-turn","is_free_trial":false,"next_content_id":5555196,"next_content_slug":"5555196-get-more-turn","next_content_type":"Lesson","display_name":"Video","contentable":1994461,"contentable_id":1994461,"payment_required":false,"draft":false,"is_released":true,"release_date":null,"prerequisite":false,"total_post_count":0,"discussions_enabled":true,"meta_data":{"duration_in_seconds":934},"expand_enabled":false,"lesson_type_label":null,"lesson_type_icon":null,"default_lesson_type_label":"Video","default_lesson_type_icon":"video","under_construction":false},{"id":5555196,"position":2,"chapter_id":1538227,"name":"Get More Turn","contentable_type":"Lesson","slug":"5555196-get-more-turn","is_free_trial":false,"next_content_id":5555193,"next_content_slug":"5555193-length-of-backswing","next_content_type":"Lesson","display_name":"Video","contentable":1905953,"contentable_id":1905953,"payment_required":false,"draft":false,"is_released":true,"release_date":null,"prerequisite":false,"total_post_count":1,"discussions_enabled":true,"meta_data":{"duration_in_seconds":470},"expand_enabled":false,"lesson_type_label":null,"lesson_type_icon":null,"default_lesson_type_label":"Video","default_lesson_type_icon":"video","under_construction":false},{"id":5555193,"position":3,"chapter_id":1538227,"name":"Length of Backswing","contentable_type":"Lesson","slug":"5555193-length-of-backswing","is_free_trial":false,"next_content_id":5555203,"next_content_slug":"5555203-swinging-efficiently","next_content_type":"Lesson","display_name":"Video","contentable":1905950,"contentable_id":1905950,"payment_required":false,"draft":false,"is_released":true,"release_date":null,"prerequisite":false,"total_post_count":0,"discussions_enabled":true,"meta_data":{"duration_in_seconds":369},"expand_enabled":false,"lesson_type_label":null,"lesson_type_icon":null,"default_lesson_type_label":"Video","default_lesson_type_icon":"video","under_construction":false},{"id":5555203,"position":4,"chapter_id":1538227,"name":"Swinging Efficiently ","contentable_type":"Lesson","slug":"5555203-swinging-efficiently","is_free_trial":false,"next_content_id":null,"next_content_slug":null,"next_content_type":null,"display_name":"Video","contentable":1905960,"contentable_id":1905960,"payment_required":false,"draft":false,"is_released":true,"release_date":null,"prerequisite":false,"total_post_count":0,"discussions_enabled":true,"meta_data":{"duration_in_seconds":522},"expand_enabled":false,"lesson_type_label":null,"lesson_type_icon":null,"default_lesson_type_label":"Video","default_lesson_type_icon":"video","under_construction":false}],"chapters":[{"id":1538227,"name":"Backswing Principles: Incorporating The Body","position":1,"course_id":384446,"content_ids":[5597314,5764384,5555196,5555193,5555203]}]}