{"course":{"id":984963,"name":"Laser-Like Irons Fix Your Push","slug":"laser-like-irons-fix-your-push","landing_page_url":"https://www.cogornogolf.com/courses/laser-like-irons-fix-your-push","checkout_page_url":"https://www.cogornogolf.com/enroll/1034864","site_twitter_handle":"","support_email":"service@cogornogolf.com","subdomain":"cogornogolf","product_id":1034864,"use_linkedin_profile_certification":false,"completion_page_html":"","use_custom_completion_page_html":false,"reviews_enabled":false,"goals_enabled":false,"autoplay_all_videos":true,"require_video_completion":false,"video_completion_percentage":"100","disable_chapter_completed_modal":false,"theme":null,"primary_color":null,"font":null,"logo":null,"show_logo":true,"disable_text_selection":false,"hide_lesson_type_label_and_icon":false,"hide_lesson_type_icon":false,"is_onboarding_demo_course":false,"social_share_course_completion_overridden":false,"social_share_chapter_completion_overridden":false,"social_share_message":null,"facebook_shared_landing_page_url":"https://www.cogornogolf.com/j8oi0","linkedin_shared_landing_page_url":"https://www.cogornogolf.com/qmnw1","twitter_shared_landing_page_url":"https://www.cogornogolf.com/1qljm","shared_landing_page_url":"https://www.cogornogolf.com/ha6c7","chapter_ids":[4419832]},"contents":[{"id":17405763,"position":2,"chapter_id":4419832,"name":"LASER-LIKE IRONS-FIX YOUR PUSH-VIDEO 1-OVERVIEW","contentable_type":"Lesson","slug":"17405763-laser-like-irons-fix-your-push-video-1-overview","is_free_trial":false,"next_content_id":17405991,"next_content_slug":"17405991-laser-like-irons-fix-your-push-video-2-what-is-a-push","next_content_type":"Lesson","display_name":"Video","contentable":6977912,"contentable_id":6977912,"payment_required":false,"draft":false,"is_released":true,"release_date":null,"prerequisite":false,"total_post_count":0,"discussions_enabled":false,"meta_data":{"duration_in_seconds":55},"expand_enabled":false,"lesson_type_label":null,"lesson_type_icon":null,"default_lesson_type_label":"Video","default_lesson_type_icon":"video","under_construction":false},{"id":17405991,"position":3,"chapter_id":4419832,"name":"LASER-LIKE IRONS-FIX YOUR PUSH-VIDEO 2-WHAT IS A PUSH","contentable_type":"Lesson","slug":"17405991-laser-like-irons-fix-your-push-video-2-what-is-a-push","is_free_trial":false,"next_content_id":17406160,"next_content_slug":"17406160-laser-like-irons-fix-your-push-video-3-setup-principles-clubface","next_content_type":"Lesson","display_name":"Video","contentable":6977976,"contentable_id":6977976,"payment_required":false,"draft":false,"is_released":true,"release_date":null,"prerequisite":false,"total_post_count":0,"discussions_enabled":false,"meta_data":{"duration_in_seconds":135},"expand_enabled":false,"lesson_type_label":null,"lesson_type_icon":null,"default_lesson_type_label":"Video","default_lesson_type_icon":"video","under_construction":false},{"id":17406160,"position":4,"chapter_id":4419832,"name":"LASER-LIKE IRONS-FIX YOUR PUSH-VIDEO 3-SETUP PRINCIPLES-CLUBFACE","contentable_type":"Lesson","slug":"17406160-laser-like-irons-fix-your-push-video-3-setup-principles-clubface","is_free_trial":false,"next_content_id":17406165,"next_content_slug":"17406165-laser-like-irons-fix-your-push-video-4-setup-principles-ball-position","next_content_type":"Lesson","display_name":"Video","contentable":6978067,"contentable_id":6978067,"payment_required":false,"draft":false,"is_released":true,"release_date":null,"prerequisite":false,"total_post_count":0,"discussions_enabled":false,"meta_data":{"duration_in_seconds":193},"expand_enabled":false,"lesson_type_label":null,"lesson_type_icon":null,"default_lesson_type_label":"Video","default_lesson_type_icon":"video","under_construction":false},{"id":17406165,"position":5,"chapter_id":4419832,"name":"LASER-LIKE IRONS-FIX YOUR PUSH-VIDEO 4-SETUP PRINCIPLES-BALL POSITION","contentable_type":"Lesson","slug":"17406165-laser-like-irons-fix-your-push-video-4-setup-principles-ball-position","is_free_trial":false,"next_content_id":17406176,"next_content_slug":"17406176-laser-like-irons-fix-your-push-video-5-setup-principles-aim-feet-shoulders","next_content_type":"Lesson","display_name":"Video","contentable":6978070,"contentable_id":6978070,"payment_required":false,"draft":false,"is_released":true,"release_date":null,"prerequisite":false,"total_post_count":0,"discussions_enabled":false,"meta_data":{"duration_in_seconds":201},"expand_enabled":false,"lesson_type_label":null,"lesson_type_icon":null,"default_lesson_type_label":"Video","default_lesson_type_icon":"video","under_construction":false},{"id":17406176,"position":6,"chapter_id":4419832,"name":"LASER-LIKE IRONS-FIX YOUR PUSH-VIDEO 5-SETUP PRINCIPLES-AIM-FEET + SHOULDERS","contentable_type":"Lesson","slug":"17406176-laser-like-irons-fix-your-push-video-5-setup-principles-aim-feet-shoulders","is_free_trial":false,"next_content_id":17406189,"next_content_slug":"17406189-laser-like-irons-fix-your-push-video-6-startline-stick","next_content_type":"Lesson","display_name":"Video","contentable":6978074,"contentable_id":6978074,"payment_required":false,"draft":false,"is_released":true,"release_date":null,"prerequisite":false,"total_post_count":0,"discussions_enabled":false,"meta_data":{"duration_in_seconds":213},"expand_enabled":false,"lesson_type_label":null,"lesson_type_icon":null,"default_lesson_type_label":"Video","default_lesson_type_icon":"video","under_construction":false},{"id":17406189,"position":7,"chapter_id":4419832,"name":"LASER-LIKE IRONS-FIX YOUR PUSH-VIDEO 6-STARTLINE STICK","contentable_type":"Lesson","slug":"17406189-laser-like-irons-fix-your-push-video-6-startline-stick","is_free_trial":false,"next_content_id":17406211,"next_content_slug":"17406211-laser-like-irons-fix-your-push-video-7-backswing-clubface","next_content_type":"Lesson","display_name":"Video","contentable":6978079,"contentable_id":6978079,"payment_required":false,"draft":false,"is_released":true,"release_date":null,"prerequisite":false,"total_post_count":0,"discussions_enabled":false,"meta_data":{"duration_in_seconds":278},"expand_enabled":false,"lesson_type_label":null,"lesson_type_icon":null,"default_lesson_type_label":"Video","default_lesson_type_icon":"video","under_construction":false},{"id":17406211,"position":8,"chapter_id":4419832,"name":"LASER-LIKE IRONS-FIX YOUR PUSH-VIDEO 7-BACKSWING CLUBFACE","contentable_type":"Lesson","slug":"17406211-laser-like-irons-fix-your-push-video-7-backswing-clubface","is_free_trial":false,"next_content_id":17406226,"next_content_slug":"17406226-laser-like-irons-fix-your-push-video-8-downswing-clubface","next_content_type":"Lesson","display_name":"Video","contentable":6978094,"contentable_id":6978094,"payment_required":false,"draft":false,"is_released":true,"release_date":null,"prerequisite":false,"total_post_count":0,"discussions_enabled":false,"meta_data":{"duration_in_seconds":366},"expand_enabled":false,"lesson_type_label":null,"lesson_type_icon":null,"default_lesson_type_label":"Video","default_lesson_type_icon":"video","under_construction":false},{"id":17406226,"position":10,"chapter_id":4419832,"name":"LASER-LIKE IRONS-FIX YOUR PUSH-VIDEO 8-DOWNSWING CLUBFACE","contentable_type":"Lesson","slug":"17406226-laser-like-irons-fix-your-push-video-8-downswing-clubface","is_free_trial":false,"next_content_id":17406249,"next_content_slug":"17406249-laser-like-irons-fix-your-push-video-9-downswing-path-feels-drills-part-1","next_content_type":"Lesson","display_name":"Video","contentable":6978101,"contentable_id":6978101,"payment_required":false,"draft":false,"is_released":true,"release_date":null,"prerequisite":false,"total_post_count":0,"discussions_enabled":false,"meta_data":{"duration_in_seconds":222},"expand_enabled":false,"lesson_type_label":null,"lesson_type_icon":null,"default_lesson_type_label":"Video","default_lesson_type_icon":"video","under_construction":false},{"id":17406249,"position":11,"chapter_id":4419832,"name":"LASER-LIKE IRONS-FIX YOUR PUSH-VIDEO 9-DOWNSWING PATH-FEELS + DRILLS PART 1","contentable_type":"Lesson","slug":"17406249-laser-like-irons-fix-your-push-video-9-downswing-path-feels-drills-part-1","is_free_trial":false,"next_content_id":17406254,"next_content_slug":"17406254-laser-like-irons-fix-your-push-video-10-downswing-path-feels-drills-part-2","next_content_type":"Lesson","display_name":"Video","contentable":6978111,"contentable_id":6978111,"payment_required":false,"draft":false,"is_released":true,"release_date":null,"prerequisite":false,"total_post_count":0,"discussions_enabled":false,"meta_data":{"duration_in_seconds":272},"expand_enabled":false,"lesson_type_label":null,"lesson_type_icon":null,"default_lesson_type_label":"Video","default_lesson_type_icon":"video","under_construction":false},{"id":17406254,"position":12,"chapter_id":4419832,"name":"LASER-LIKE IRONS-FIX YOUR PUSH-VIDEO 10-DOWNSWING PATH-FEELS + DRILLS PART 2","contentable_type":"Lesson","slug":"17406254-laser-like-irons-fix-your-push-video-10-downswing-path-feels-drills-part-2","is_free_trial":false,"next_content_id":17406266,"next_content_slug":"17406266-laser-like-irons-fix-your-push-video-11-the-ultimate-downswing-path-drill","next_content_type":"Lesson","display_name":"Video","contentable":6978114,"contentable_id":6978114,"payment_required":false,"draft":false,"is_released":true,"release_date":null,"prerequisite":false,"total_post_count":0,"discussions_enabled":false,"meta_data":{"duration_in_seconds":257},"expand_enabled":false,"lesson_type_label":null,"lesson_type_icon":null,"default_lesson_type_label":"Video","default_lesson_type_icon":"video","under_construction":false},{"id":17406266,"position":13,"chapter_id":4419832,"name":"LASER-LIKE IRONS-FIX YOUR PUSH-VIDEO 11-THE ULTIMATE DOWNSWING PATH DRILL","contentable_type":"Lesson","slug":"17406266-laser-like-irons-fix-your-push-video-11-the-ultimate-downswing-path-drill","is_free_trial":false,"next_content_id":17406276,"next_content_slug":"17406276-laser-like-irons-fix-your-push-video-12-practice-plan","next_content_type":"Lesson","display_name":"Video","contentable":6978119,"contentable_id":6978119,"payment_required":false,"draft":false,"is_released":true,"release_date":null,"prerequisite":false,"total_post_count":0,"discussions_enabled":false,"meta_data":{"duration_in_seconds":195},"expand_enabled":false,"lesson_type_label":null,"lesson_type_icon":null,"default_lesson_type_label":"Video","default_lesson_type_icon":"video","under_construction":false},{"id":17406276,"position":14,"chapter_id":4419832,"name":"LASER-LIKE IRONS-FIX YOUR PUSH-VIDEO 12-PRACTICE PLAN","contentable_type":"Lesson","slug":"17406276-laser-like-irons-fix-your-push-video-12-practice-plan","is_free_trial":false,"next_content_id":null,"next_content_slug":null,"next_content_type":null,"display_name":"Video","contentable":6978125,"contentable_id":6978125,"payment_required":false,"draft":false,"is_released":true,"release_date":null,"prerequisite":false,"total_post_count":0,"discussions_enabled":false,"meta_data":{"duration_in_seconds":348},"expand_enabled":false,"lesson_type_label":null,"lesson_type_icon":null,"default_lesson_type_label":"Video","default_lesson_type_icon":"video","under_construction":false}],"chapters":[{"id":4419832,"name":"Laser-Like Irons: Fix Your Push","position":2,"course_id":984963,"content_ids":[17405763,17405991,17406160,17406165,17406176,17406189,17406211,17406226,17406249,17406254,17406266,17406276]}]}