{"course":{"id":384451,"name":"Path and Start Line","slug":"Path-and-Start-Line","landing_page_url":"https://www.cogornogolf.com/courses/Path-and-Start-Line","checkout_page_url":"https://www.cogornogolf.com/enroll/405480","site_twitter_handle":"","support_email":"service@cogornogolf.com","subdomain":"cogornogolf","product_id":405480,"use_linkedin_profile_certification":false,"completion_page_html":"","use_custom_completion_page_html":false,"reviews_enabled":false,"goals_enabled":false,"autoplay_all_videos":true,"require_video_completion":false,"video_completion_percentage":"100","disable_chapter_completed_modal":false,"theme":"course_player_white","primary_color":null,"font":null,"logo":null,"show_logo":true,"disable_text_selection":false,"hide_lesson_type_label_and_icon":false,"hide_lesson_type_icon":false,"is_onboarding_demo_course":false,"social_share_course_completion_overridden":false,"social_share_chapter_completion_overridden":false,"social_share_message":null,"facebook_shared_landing_page_url":"https://www.cogornogolf.com/4k8x4","linkedin_shared_landing_page_url":"https://www.cogornogolf.com/xmrje","twitter_shared_landing_page_url":"https://www.cogornogolf.com/tdbvq","shared_landing_page_url":"https://www.cogornogolf.com/7s54o","chapter_ids":[1538253]},"contents":[{"id":5555340,"position":0,"chapter_id":1538253,"name":"Putter Path","contentable_type":"Lesson","slug":"5555340-putter-path","is_free_trial":false,"next_content_id":5555341,"next_content_slug":"5555341-putter-path-drill","next_content_type":"Lesson","display_name":"Video","contentable":1906097,"contentable_id":1906097,"payment_required":false,"draft":false,"is_released":true,"release_date":null,"prerequisite":false,"total_post_count":0,"discussions_enabled":true,"meta_data":{"duration_in_seconds":264},"expand_enabled":false,"lesson_type_label":null,"lesson_type_icon":null,"default_lesson_type_label":"Video","default_lesson_type_icon":"video","under_construction":false},{"id":5555341,"position":1,"chapter_id":1538253,"name":"Putter Path Drill","contentable_type":"Lesson","slug":"5555341-putter-path-drill","is_free_trial":false,"next_content_id":5555343,"next_content_slug":"5555343-anti-pulling-drill","next_content_type":"Lesson","display_name":"Video","contentable":1906098,"contentable_id":1906098,"payment_required":false,"draft":false,"is_released":true,"release_date":null,"prerequisite":false,"total_post_count":0,"discussions_enabled":true,"meta_data":{"duration_in_seconds":288},"expand_enabled":false,"lesson_type_label":null,"lesson_type_icon":null,"default_lesson_type_label":"Video","default_lesson_type_icon":"video","under_construction":false},{"id":5555343,"position":3,"chapter_id":1538253,"name":"Anti-Pulling Drill","contentable_type":"Lesson","slug":"5555343-anti-pulling-drill","is_free_trial":false,"next_content_id":5555344,"next_content_slug":"5555344-start-line-control","next_content_type":"Lesson","display_name":"Video","contentable":1906100,"contentable_id":1906100,"payment_required":false,"draft":false,"is_released":true,"release_date":null,"prerequisite":false,"total_post_count":0,"discussions_enabled":true,"meta_data":{"duration_in_seconds":374},"expand_enabled":false,"lesson_type_label":null,"lesson_type_icon":null,"default_lesson_type_label":"Video","default_lesson_type_icon":"video","under_construction":false},{"id":5555344,"position":4,"chapter_id":1538253,"name":"Start Line Control","contentable_type":"Lesson","slug":"5555344-start-line-control","is_free_trial":false,"next_content_id":5555345,"next_content_slug":"5555345-start-line-drill","next_content_type":"Lesson","display_name":"Video","contentable":1906101,"contentable_id":1906101,"payment_required":false,"draft":false,"is_released":true,"release_date":null,"prerequisite":false,"total_post_count":0,"discussions_enabled":true,"meta_data":{"duration_in_seconds":288},"expand_enabled":false,"lesson_type_label":null,"lesson_type_icon":null,"default_lesson_type_label":"Video","default_lesson_type_icon":"video","under_construction":false},{"id":5555345,"position":5,"chapter_id":1538253,"name":"Start Line Drill","contentable_type":"Lesson","slug":"5555345-start-line-drill","is_free_trial":false,"next_content_id":5555363,"next_content_slug":"5555363-how-to-practice-putting-eye-line-vs-start-line","next_content_type":"Lesson","display_name":"Video","contentable":1906102,"contentable_id":1906102,"payment_required":false,"draft":false,"is_released":true,"release_date":null,"prerequisite":false,"total_post_count":0,"discussions_enabled":true,"meta_data":{"duration_in_seconds":324},"expand_enabled":false,"lesson_type_label":null,"lesson_type_icon":null,"default_lesson_type_label":"Video","default_lesson_type_icon":"video","under_construction":false},{"id":5555363,"position":6,"chapter_id":1538253,"name":"How To Practice Putting: Eye Line Vs Start Line","contentable_type":"Lesson","slug":"5555363-how-to-practice-putting-eye-line-vs-start-line","is_free_trial":false,"next_content_id":null,"next_content_slug":null,"next_content_type":null,"display_name":"Video","contentable":1906120,"contentable_id":1906120,"payment_required":false,"draft":false,"is_released":true,"release_date":null,"prerequisite":false,"total_post_count":1,"discussions_enabled":true,"meta_data":{"duration_in_seconds":447},"expand_enabled":false,"lesson_type_label":null,"lesson_type_icon":null,"default_lesson_type_label":"Video","default_lesson_type_icon":"video","under_construction":false}],"chapters":[{"id":1538253,"name":"Path and Start Line","position":1,"course_id":384451,"content_ids":[5555340,5555341,5555343,5555344,5555345,5555363]}]}