{"course":{"id":384480,"name":"Perfecting A Repeatable Stroke","slug":"Perfecting-A-Repeatable-Stroke","landing_page_url":"https://www.cogornogolf.com/courses/Perfecting-A-Repeatable-Stroke","checkout_page_url":"https://www.cogornogolf.com/enroll/405509","site_twitter_handle":"","support_email":"service@cogornogolf.com","subdomain":"cogornogolf","product_id":405509,"use_linkedin_profile_certification":false,"completion_page_html":"","use_custom_completion_page_html":false,"reviews_enabled":false,"goals_enabled":false,"autoplay_all_videos":true,"require_video_completion":false,"video_completion_percentage":"100","disable_chapter_completed_modal":false,"theme":"course_player_white","primary_color":null,"font":null,"logo":null,"show_logo":true,"disable_text_selection":false,"hide_lesson_type_label_and_icon":false,"hide_lesson_type_icon":false,"is_onboarding_demo_course":false,"social_share_course_completion_overridden":false,"social_share_chapter_completion_overridden":false,"social_share_message":null,"facebook_shared_landing_page_url":"https://www.cogornogolf.com/jwoby","linkedin_shared_landing_page_url":"https://www.cogornogolf.com/eat23","twitter_shared_landing_page_url":"https://www.cogornogolf.com/7h9jq","shared_landing_page_url":"https://www.cogornogolf.com/7fi4r","chapter_ids":[1538447]},"contents":[{"id":5556236,"position":0,"chapter_id":1538447,"name":"Structuring A Practice Session","contentable_type":"Lesson","slug":"5556236-structuring-a-practice-session","is_free_trial":false,"next_content_id":5556237,"next_content_slug":"5556237-eric-s-putting-circuit","next_content_type":"Lesson","display_name":"Video","contentable":1906914,"contentable_id":1906914,"payment_required":false,"draft":false,"is_released":true,"release_date":null,"prerequisite":false,"total_post_count":0,"discussions_enabled":true,"meta_data":{"duration_in_seconds":396},"expand_enabled":false,"lesson_type_label":null,"lesson_type_icon":null,"default_lesson_type_label":"Video","default_lesson_type_icon":"video","under_construction":false},{"id":5556237,"position":1,"chapter_id":1538447,"name":"Eric's Putting Circuit","contentable_type":"Lesson","slug":"5556237-eric-s-putting-circuit","is_free_trial":false,"next_content_id":5561409,"next_content_slug":"5561409-consistency-the-gate-drill","next_content_type":"Lesson","display_name":"Video","contentable":1906915,"contentable_id":1906915,"payment_required":false,"draft":false,"is_released":true,"release_date":null,"prerequisite":false,"total_post_count":0,"discussions_enabled":true,"meta_data":{"duration_in_seconds":1160},"expand_enabled":false,"lesson_type_label":null,"lesson_type_icon":null,"default_lesson_type_label":"Video","default_lesson_type_icon":"video","under_construction":false},{"id":5561409,"position":2,"chapter_id":1538447,"name":"Consistency: The Gate Drill","contentable_type":"Lesson","slug":"5561409-consistency-the-gate-drill","is_free_trial":false,"next_content_id":5556242,"next_content_slug":"5556242-putting-fundamentals-and-focus","next_content_type":"Lesson","display_name":"Video","contentable":1909027,"contentable_id":1909027,"payment_required":false,"draft":false,"is_released":true,"release_date":null,"prerequisite":false,"total_post_count":1,"discussions_enabled":true,"meta_data":{"duration_in_seconds":173},"expand_enabled":false,"lesson_type_label":null,"lesson_type_icon":null,"default_lesson_type_label":"Video","default_lesson_type_icon":"video","under_construction":false},{"id":5556242,"position":3,"chapter_id":1538447,"name":"Putting Fundamentals and Focus","contentable_type":"Lesson","slug":"5556242-putting-fundamentals-and-focus","is_free_trial":false,"next_content_id":null,"next_content_slug":null,"next_content_type":null,"display_name":"Video","contentable":1906920,"contentable_id":1906920,"payment_required":false,"draft":false,"is_released":true,"release_date":null,"prerequisite":false,"total_post_count":0,"discussions_enabled":true,"meta_data":{"duration_in_seconds":493},"expand_enabled":false,"lesson_type_label":null,"lesson_type_icon":null,"default_lesson_type_label":"Video","default_lesson_type_icon":"video","under_construction":false}],"chapters":[{"id":1538447,"name":"Perfecting A Repeatable Stroke","position":4,"course_id":384480,"content_ids":[5556236,5556237,5561409,5556242]}]}