{"course":{"id":384441,"name":"Pre-Shot Musts","slug":"Pre-Shot-Musts","landing_page_url":"https://www.cogornogolf.com/courses/Pre-Shot-Musts","checkout_page_url":"https://www.cogornogolf.com/enroll/405470","site_twitter_handle":"","support_email":"service@cogornogolf.com","subdomain":"cogornogolf","product_id":405470,"use_linkedin_profile_certification":false,"completion_page_html":"","use_custom_completion_page_html":false,"reviews_enabled":false,"goals_enabled":false,"autoplay_all_videos":true,"require_video_completion":false,"video_completion_percentage":"100","disable_chapter_completed_modal":false,"theme":"course_player_white","primary_color":null,"font":null,"logo":null,"show_logo":true,"disable_text_selection":false,"hide_lesson_type_label_and_icon":false,"hide_lesson_type_icon":false,"is_onboarding_demo_course":false,"social_share_course_completion_overridden":false,"social_share_chapter_completion_overridden":false,"social_share_message":null,"facebook_shared_landing_page_url":"https://www.cogornogolf.com/xrndn","linkedin_shared_landing_page_url":"https://www.cogornogolf.com/p8mi4","twitter_shared_landing_page_url":"https://www.cogornogolf.com/035dt","shared_landing_page_url":"https://www.cogornogolf.com/2qtii","chapter_ids":[1538187]},"contents":[{"id":5555084,"position":0,"chapter_id":1538187,"name":"Tee Shot","contentable_type":"Lesson","slug":"5555084-tee-shot","is_free_trial":false,"next_content_id":5555085,"next_content_slug":"5555085-driver-pre-shot-routine","next_content_type":"Lesson","display_name":"Video","contentable":1905883,"contentable_id":1905883,"payment_required":false,"draft":false,"is_released":true,"release_date":null,"prerequisite":false,"total_post_count":0,"discussions_enabled":true,"meta_data":{"duration_in_seconds":218},"expand_enabled":false,"lesson_type_label":null,"lesson_type_icon":null,"default_lesson_type_label":"Video","default_lesson_type_icon":"video","under_construction":false},{"id":5555085,"position":1,"chapter_id":1538187,"name":"Driver Pre-Shot Routine","contentable_type":"Lesson","slug":"5555085-driver-pre-shot-routine","is_free_trial":false,"next_content_id":5555086,"next_content_slug":"5555086-iron-pre-shot","next_content_type":"Lesson","display_name":"Video","contentable":1905884,"contentable_id":1905884,"payment_required":false,"draft":false,"is_released":true,"release_date":null,"prerequisite":false,"total_post_count":0,"discussions_enabled":true,"meta_data":{"duration_in_seconds":253},"expand_enabled":false,"lesson_type_label":null,"lesson_type_icon":null,"default_lesson_type_label":"Video","default_lesson_type_icon":"video","under_construction":false},{"id":5555086,"position":2,"chapter_id":1538187,"name":"Iron Pre-Shot","contentable_type":"Lesson","slug":"5555086-iron-pre-shot","is_free_trial":false,"next_content_id":5555087,"next_content_slug":"5555087-chipping-pre-shot-routine","next_content_type":"Lesson","display_name":"Video","contentable":1905885,"contentable_id":1905885,"payment_required":false,"draft":false,"is_released":true,"release_date":null,"prerequisite":false,"total_post_count":0,"discussions_enabled":true,"meta_data":{"duration_in_seconds":259},"expand_enabled":false,"lesson_type_label":null,"lesson_type_icon":null,"default_lesson_type_label":"Video","default_lesson_type_icon":"video","under_construction":false},{"id":5555087,"position":3,"chapter_id":1538187,"name":"Chipping Pre-Shot Routine","contentable_type":"Lesson","slug":"5555087-chipping-pre-shot-routine","is_free_trial":false,"next_content_id":null,"next_content_slug":null,"next_content_type":null,"display_name":"Video","contentable":1905886,"contentable_id":1905886,"payment_required":false,"draft":false,"is_released":true,"release_date":null,"prerequisite":false,"total_post_count":0,"discussions_enabled":true,"meta_data":{"duration_in_seconds":108},"expand_enabled":false,"lesson_type_label":null,"lesson_type_icon":null,"default_lesson_type_label":"Video","default_lesson_type_icon":"video","under_construction":false}],"chapters":[{"id":1538187,"name":"Pre-Shot Musts","position":2,"course_id":384441,"content_ids":[5555084,5555085,5555086,5555087]}]}