{"course":{"id":402879,"name":"Fat/Heavy Shots","slug":"quick-fix-fat-heavy","landing_page_url":"https://www.cogornogolf.com/courses/quick-fix-fat-heavy","checkout_page_url":"https://www.cogornogolf.com/enroll/424944","site_twitter_handle":"","support_email":"service@cogornogolf.com","subdomain":"cogornogolf","product_id":424944,"use_linkedin_profile_certification":false,"completion_page_html":"\u003cdiv class=\"fr-view\"\u003e\u003cp\u003eCongrats on sticking to the process!\u0026nbsp;\u003c/p\u003e\u003c/div\u003e","use_custom_completion_page_html":false,"reviews_enabled":false,"goals_enabled":false,"autoplay_all_videos":true,"require_video_completion":false,"video_completion_percentage":"100","disable_chapter_completed_modal":false,"theme":"course_player_white","primary_color":null,"font":null,"logo":null,"show_logo":true,"disable_text_selection":false,"hide_lesson_type_label_and_icon":false,"hide_lesson_type_icon":false,"is_onboarding_demo_course":false,"social_share_course_completion_overridden":false,"social_share_chapter_completion_overridden":false,"social_share_message":null,"facebook_shared_landing_page_url":"https://www.cogornogolf.com/yfzny","linkedin_shared_landing_page_url":"https://www.cogornogolf.com/jpeas","twitter_shared_landing_page_url":"https://www.cogornogolf.com/cj0wh","shared_landing_page_url":"https://www.cogornogolf.com/1rzsi","chapter_ids":[1637294,1637295,1637296,1637297]},"contents":[{"id":5945574,"position":0,"chapter_id":1637294,"name":"Overview","contentable_type":"HtmlItem","slug":"5945574-overview","is_free_trial":false,"next_content_id":5945575,"next_content_slug":"5945575-setup-root-causes","next_content_type":"Lesson","display_name":"Text","contentable":1622231,"contentable_id":1622231,"payment_required":false,"draft":false,"is_released":true,"release_date":null,"prerequisite":false,"total_post_count":0,"discussions_enabled":true,"meta_data":null,"expand_enabled":false,"lesson_type_label":null,"lesson_type_icon":null,"default_lesson_type_label":"Text","default_lesson_type_icon":"text","under_construction":false},{"id":5945575,"position":1,"chapter_id":1637294,"name":"Setup Root Causes","contentable_type":"Lesson","slug":"5945575-setup-root-causes","is_free_trial":false,"next_content_id":5945576,"next_content_slug":"5945576-setup-faults","next_content_type":"HtmlItem","display_name":"Video","contentable":2065096,"contentable_id":2065096,"payment_required":false,"draft":false,"is_released":true,"release_date":null,"prerequisite":false,"total_post_count":0,"discussions_enabled":true,"meta_data":{"duration_in_seconds":299},"expand_enabled":false,"lesson_type_label":null,"lesson_type_icon":null,"default_lesson_type_label":"Video","default_lesson_type_icon":"video","under_construction":false},{"id":5945576,"position":0,"chapter_id":1637295,"name":"Setup Faults","contentable_type":"HtmlItem","slug":"5945576-setup-faults","is_free_trial":false,"next_content_id":5945577,"next_content_slug":"5945577-setup-faults-fixes","next_content_type":"Lesson","display_name":"Text","contentable":1622232,"contentable_id":1622232,"payment_required":false,"draft":false,"is_released":true,"release_date":null,"prerequisite":false,"total_post_count":0,"discussions_enabled":true,"meta_data":null,"expand_enabled":false,"lesson_type_label":null,"lesson_type_icon":null,"default_lesson_type_label":"Text","default_lesson_type_icon":"text","under_construction":false},{"id":5945577,"position":1,"chapter_id":1637295,"name":"Setup Faults \u0026 Fixes","contentable_type":"Lesson","slug":"5945577-setup-faults-fixes","is_free_trial":false,"next_content_id":5945578,"next_content_slug":"5945578-feedback-drills","next_content_type":"Lesson","display_name":"Video","contentable":2065097,"contentable_id":2065097,"payment_required":false,"draft":false,"is_released":true,"release_date":null,"prerequisite":false,"total_post_count":0,"discussions_enabled":true,"meta_data":{"duration_in_seconds":354},"expand_enabled":false,"lesson_type_label":null,"lesson_type_icon":null,"default_lesson_type_label":"Video","default_lesson_type_icon":"video","under_construction":false},{"id":5945578,"position":2,"chapter_id":1637295,"name":"Feedback Drills","contentable_type":"Lesson","slug":"5945578-feedback-drills","is_free_trial":false,"next_content_id":5945579,"next_content_slug":"5945579-check-in","next_content_type":"Survey","display_name":"Video","contentable":2065098,"contentable_id":2065098,"payment_required":false,"draft":false,"is_released":true,"release_date":null,"prerequisite":false,"total_post_count":0,"discussions_enabled":true,"meta_data":{"duration_in_seconds":194},"expand_enabled":false,"lesson_type_label":null,"lesson_type_icon":null,"default_lesson_type_label":"Video","default_lesson_type_icon":"video","under_construction":false},{"id":5945579,"position":3,"chapter_id":1637295,"name":"Check-In","contentable_type":"Survey","slug":"5945579-check-in","is_free_trial":false,"next_content_id":5945580,"next_content_slug":"5945580-phase-2-eliminating-sway","next_content_type":"HtmlItem","display_name":"Survey","contentable":246258,"contentable_id":246258,"payment_required":false,"draft":false,"is_released":true,"release_date":null,"prerequisite":false,"total_post_count":0,"discussions_enabled":true,"meta_data":{"question_count":2},"expand_enabled":false,"lesson_type_label":null,"lesson_type_icon":null,"default_lesson_type_label":"Survey","default_lesson_type_icon":"survey","under_construction":false},{"id":5945580,"position":0,"chapter_id":1637296,"name":"PHASE 2: Eliminating Sway","contentable_type":"HtmlItem","slug":"5945580-phase-2-eliminating-sway","is_free_trial":false,"next_content_id":5972077,"next_content_slug":"5972077-what-causes-sway","next_content_type":"Lesson","display_name":"Text","contentable":1622233,"contentable_id":1622233,"payment_required":false,"draft":false,"is_released":true,"release_date":null,"prerequisite":false,"total_post_count":0,"discussions_enabled":true,"meta_data":null,"expand_enabled":false,"lesson_type_label":null,"lesson_type_icon":null,"default_lesson_type_label":"Text","default_lesson_type_icon":"text","under_construction":false},{"id":5972077,"position":1,"chapter_id":1637296,"name":"What Causes 'Sway'","contentable_type":"Lesson","slug":"5972077-what-causes-sway","is_free_trial":false,"next_content_id":5945581,"next_content_slug":"5945581-anti-sway-drills","next_content_type":"Lesson","display_name":"Video","contentable":2075575,"contentable_id":2075575,"payment_required":false,"draft":false,"is_released":true,"release_date":null,"prerequisite":false,"total_post_count":0,"discussions_enabled":true,"meta_data":{"duration_in_seconds":180},"expand_enabled":false,"lesson_type_label":null,"lesson_type_icon":null,"default_lesson_type_label":"Video","default_lesson_type_icon":"video","under_construction":false},{"id":5945581,"position":2,"chapter_id":1637296,"name":"Anti-Sway Drills","contentable_type":"Lesson","slug":"5945581-anti-sway-drills","is_free_trial":false,"next_content_id":5945582,"next_content_slug":"5945582-fat-shots-additional-root-causes","next_content_type":"Lesson","display_name":"Video","contentable":2065099,"contentable_id":2065099,"payment_required":false,"draft":false,"is_released":true,"release_date":null,"prerequisite":false,"total_post_count":0,"discussions_enabled":true,"meta_data":{"duration_in_seconds":147},"expand_enabled":false,"lesson_type_label":null,"lesson_type_icon":null,"default_lesson_type_label":"Video","default_lesson_type_icon":"video","under_construction":false},{"id":5945582,"position":3,"chapter_id":1637296,"name":"Fat Shots: Additional Root Causes","contentable_type":"Lesson","slug":"5945582-fat-shots-additional-root-causes","is_free_trial":false,"next_content_id":5945585,"next_content_slug":"5945585-rotation-feels","next_content_type":"Lesson","display_name":"Video","contentable":2065100,"contentable_id":2065100,"payment_required":false,"draft":false,"is_released":true,"release_date":null,"prerequisite":false,"total_post_count":0,"discussions_enabled":true,"meta_data":{"duration_in_seconds":148},"expand_enabled":false,"lesson_type_label":null,"lesson_type_icon":null,"default_lesson_type_label":"Video","default_lesson_type_icon":"video","under_construction":false},{"id":5945585,"position":4,"chapter_id":1637296,"name":"Rotation Feels","contentable_type":"Lesson","slug":"5945585-rotation-feels","is_free_trial":false,"next_content_id":5945583,"next_content_slug":"5945583-check-in","next_content_type":"Survey","display_name":"Video","contentable":2065101,"contentable_id":2065101,"payment_required":false,"draft":false,"is_released":true,"release_date":null,"prerequisite":false,"total_post_count":0,"discussions_enabled":true,"meta_data":{"duration_in_seconds":279},"expand_enabled":false,"lesson_type_label":null,"lesson_type_icon":null,"default_lesson_type_label":"Video","default_lesson_type_icon":"video","under_construction":false},{"id":5945583,"position":5,"chapter_id":1637296,"name":"Check-In","contentable_type":"Survey","slug":"5945583-check-in","is_free_trial":false,"next_content_id":5945584,"next_content_slug":"5945584-impact-maintenance","next_content_type":"HtmlItem","display_name":"Survey","contentable":246259,"contentable_id":246259,"payment_required":false,"draft":false,"is_released":true,"release_date":null,"prerequisite":false,"total_post_count":0,"discussions_enabled":true,"meta_data":{"question_count":3},"expand_enabled":false,"lesson_type_label":null,"lesson_type_icon":null,"default_lesson_type_label":"Survey","default_lesson_type_icon":"survey","under_construction":false},{"id":5945584,"position":0,"chapter_id":1637297,"name":"Impact Maintenance","contentable_type":"HtmlItem","slug":"5945584-impact-maintenance","is_free_trial":false,"next_content_id":5945589,"next_content_slug":"5945589-hanger-impact-drill","next_content_type":"Lesson","display_name":"Text","contentable":1622234,"contentable_id":1622234,"payment_required":false,"draft":false,"is_released":true,"release_date":null,"prerequisite":false,"total_post_count":0,"discussions_enabled":true,"meta_data":null,"expand_enabled":false,"lesson_type_label":null,"lesson_type_icon":null,"default_lesson_type_label":"Text","default_lesson_type_icon":"text","under_construction":false},{"id":5945589,"position":1,"chapter_id":1637297,"name":"Hanger Impact Drill","contentable_type":"Lesson","slug":"5945589-hanger-impact-drill","is_free_trial":false,"next_content_id":5945587,"next_content_slug":"5945587-check-in","next_content_type":"Survey","display_name":"Video","contentable":2065103,"contentable_id":2065103,"payment_required":false,"draft":false,"is_released":true,"release_date":null,"prerequisite":false,"total_post_count":0,"discussions_enabled":true,"meta_data":{"duration_in_seconds":227},"expand_enabled":false,"lesson_type_label":null,"lesson_type_icon":null,"default_lesson_type_label":"Video","default_lesson_type_icon":"video","under_construction":false},{"id":5945587,"position":2,"chapter_id":1637297,"name":"Check-In","contentable_type":"Survey","slug":"5945587-check-in","is_free_trial":false,"next_content_id":null,"next_content_slug":null,"next_content_type":null,"display_name":"Survey","contentable":246260,"contentable_id":246260,"payment_required":false,"draft":false,"is_released":true,"release_date":null,"prerequisite":false,"total_post_count":0,"discussions_enabled":true,"meta_data":{"question_count":4},"expand_enabled":false,"lesson_type_label":null,"lesson_type_icon":null,"default_lesson_type_label":"Survey","default_lesson_type_icon":"survey","under_construction":false}],"chapters":[{"id":1637294,"name":"Root Causes Of Fat Shots","position":0,"course_id":402879,"content_ids":[5945574,5945575]},{"id":1637295,"name":"PHASE 1: Setup Faults","position":1,"course_id":402879,"content_ids":[5945576,5945577,5945578,5945579]},{"id":1637296,"name":"PHASE 2: Eliminating Sway","position":2,"course_id":402879,"content_ids":[5945580,5972077,5945581,5945582,5945585,5945583]},{"id":1637297,"name":"PHASE 3: Impact Maintenance","position":3,"course_id":402879,"content_ids":[5945584,5945589,5945587]}]}