{"course":{"id":402876,"name":"Shallowing Out","slug":"quick-fix-shallowing","landing_page_url":"https://www.cogornogolf.com/courses/quick-fix-shallowing","checkout_page_url":"https://www.cogornogolf.com/enroll/424941","site_twitter_handle":"","support_email":"service@cogornogolf.com","subdomain":"cogornogolf","product_id":424941,"use_linkedin_profile_certification":false,"completion_page_html":"\u003cdiv class=\"fr-view\"\u003e\u003cp\u003eCongrats on sticking to the process!\u0026nbsp;\u003c/p\u003e\u003c/div\u003e","use_custom_completion_page_html":false,"reviews_enabled":false,"goals_enabled":false,"autoplay_all_videos":true,"require_video_completion":false,"video_completion_percentage":"100","disable_chapter_completed_modal":false,"theme":"course_player_white","primary_color":null,"font":null,"logo":null,"show_logo":true,"disable_text_selection":false,"hide_lesson_type_label_and_icon":false,"hide_lesson_type_icon":false,"is_onboarding_demo_course":false,"social_share_course_completion_overridden":false,"social_share_chapter_completion_overridden":false,"social_share_message":null,"facebook_shared_landing_page_url":"https://www.cogornogolf.com/chc9i","linkedin_shared_landing_page_url":"https://www.cogornogolf.com/ap340","twitter_shared_landing_page_url":"https://www.cogornogolf.com/wgh29","shared_landing_page_url":"https://www.cogornogolf.com/eiw4b","chapter_ids":[1637279,1637280,1637281,1637282,1637283]},"contents":[{"id":5945519,"position":0,"chapter_id":1637279,"name":"Overview","contentable_type":"HtmlItem","slug":"5945519-overview","is_free_trial":false,"next_content_id":5945520,"next_content_slug":"5945520-elbow-equal-and-opposites","next_content_type":"Lesson","display_name":"Text","contentable":1622216,"contentable_id":1622216,"payment_required":false,"draft":false,"is_released":true,"release_date":null,"prerequisite":false,"total_post_count":1,"discussions_enabled":true,"meta_data":null,"expand_enabled":false,"lesson_type_label":null,"lesson_type_icon":null,"default_lesson_type_label":"Text","default_lesson_type_icon":"text","under_construction":false},{"id":5945520,"position":1,"chapter_id":1637279,"name":"Elbow Equal and Opposites","contentable_type":"Lesson","slug":"5945520-elbow-equal-and-opposites","is_free_trial":false,"next_content_id":5972139,"next_content_slug":"5972139-arm-equal-and-opposites","next_content_type":"Lesson","display_name":"Video","contentable":2065069,"contentable_id":2065069,"payment_required":false,"draft":false,"is_released":true,"release_date":null,"prerequisite":false,"total_post_count":0,"discussions_enabled":true,"meta_data":{"duration_in_seconds":309},"expand_enabled":false,"lesson_type_label":null,"lesson_type_icon":null,"default_lesson_type_label":"Video","default_lesson_type_icon":"video","under_construction":false},{"id":5972139,"position":2,"chapter_id":1637279,"name":"Arm Equal and Opposites","contentable_type":"Lesson","slug":"5972139-arm-equal-and-opposites","is_free_trial":false,"next_content_id":5945521,"next_content_slug":"5945521-setting-up-the-downswing","next_content_type":"HtmlItem","display_name":"Video","contentable":2075584,"contentable_id":2075584,"payment_required":false,"draft":false,"is_released":true,"release_date":null,"prerequisite":false,"total_post_count":0,"discussions_enabled":true,"meta_data":{"duration_in_seconds":236},"expand_enabled":false,"lesson_type_label":null,"lesson_type_icon":null,"default_lesson_type_label":"Video","default_lesson_type_icon":"video","under_construction":false},{"id":5945521,"position":0,"chapter_id":1637280,"name":"Setting Up The Downswing","contentable_type":"HtmlItem","slug":"5945521-setting-up-the-downswing","is_free_trial":false,"next_content_id":5945522,"next_content_slug":"5945522-takeaway-keys","next_content_type":"Lesson","display_name":"Text","contentable":1622217,"contentable_id":1622217,"payment_required":false,"draft":false,"is_released":true,"release_date":null,"prerequisite":false,"total_post_count":0,"discussions_enabled":true,"meta_data":null,"expand_enabled":false,"lesson_type_label":null,"lesson_type_icon":null,"default_lesson_type_label":"Text","default_lesson_type_icon":"text","under_construction":false},{"id":5945522,"position":1,"chapter_id":1637280,"name":"Takeaway Keys","contentable_type":"Lesson","slug":"5945522-takeaway-keys","is_free_trial":false,"next_content_id":5945523,"next_content_slug":"5945523-backswing-checkpoints","next_content_type":"Lesson","display_name":"Video","contentable":2065070,"contentable_id":2065070,"payment_required":false,"draft":false,"is_released":true,"release_date":null,"prerequisite":false,"total_post_count":0,"discussions_enabled":true,"meta_data":{"duration_in_seconds":260},"expand_enabled":false,"lesson_type_label":null,"lesson_type_icon":null,"default_lesson_type_label":"Video","default_lesson_type_icon":"video","under_construction":false},{"id":5945523,"position":2,"chapter_id":1637280,"name":"Backswing Checkpoints","contentable_type":"Lesson","slug":"5945523-backswing-checkpoints","is_free_trial":false,"next_content_id":5945524,"next_content_slug":"5945524-check-in","next_content_type":"Survey","display_name":"Video","contentable":2065071,"contentable_id":2065071,"payment_required":false,"draft":false,"is_released":true,"release_date":null,"prerequisite":false,"total_post_count":0,"discussions_enabled":true,"meta_data":{"duration_in_seconds":257},"expand_enabled":false,"lesson_type_label":null,"lesson_type_icon":null,"default_lesson_type_label":"Video","default_lesson_type_icon":"video","under_construction":false},{"id":5945524,"position":3,"chapter_id":1637280,"name":"Check-In","contentable_type":"Survey","slug":"5945524-check-in","is_free_trial":false,"next_content_id":5945525,"next_content_slug":"5945525-rotation-and-proper-sequence","next_content_type":"HtmlItem","display_name":"Survey","contentable":246246,"contentable_id":246246,"payment_required":false,"draft":false,"is_released":true,"release_date":null,"prerequisite":false,"total_post_count":0,"discussions_enabled":true,"meta_data":{"question_count":2},"expand_enabled":false,"lesson_type_label":null,"lesson_type_icon":null,"default_lesson_type_label":"Survey","default_lesson_type_icon":"survey","under_construction":false},{"id":5945525,"position":0,"chapter_id":1637281,"name":"Rotation and Proper Sequence","contentable_type":"HtmlItem","slug":"5945525-rotation-and-proper-sequence","is_free_trial":false,"next_content_id":5945526,"next_content_slug":"5945526-hand-depth","next_content_type":"Lesson","display_name":"Text","contentable":1622218,"contentable_id":1622218,"payment_required":false,"draft":false,"is_released":true,"release_date":null,"prerequisite":false,"total_post_count":0,"discussions_enabled":true,"meta_data":null,"expand_enabled":false,"lesson_type_label":null,"lesson_type_icon":null,"default_lesson_type_label":"Text","default_lesson_type_icon":"text","under_construction":false},{"id":5945526,"position":1,"chapter_id":1637281,"name":"Hand Depth","contentable_type":"Lesson","slug":"5945526-hand-depth","is_free_trial":false,"next_content_id":5945530,"next_content_slug":"5945530-rotation-and-proper-sequence","next_content_type":"Lesson","display_name":"Video","contentable":2065072,"contentable_id":2065072,"payment_required":false,"draft":false,"is_released":true,"release_date":null,"prerequisite":false,"total_post_count":0,"discussions_enabled":true,"meta_data":{"duration_in_seconds":170},"expand_enabled":false,"lesson_type_label":null,"lesson_type_icon":null,"default_lesson_type_label":"Video","default_lesson_type_icon":"video","under_construction":false},{"id":5945530,"position":2,"chapter_id":1637281,"name":"Rotation and Proper Sequence","contentable_type":"Lesson","slug":"5945530-rotation-and-proper-sequence","is_free_trial":false,"next_content_id":5945527,"next_content_slug":"5945527-rotation-feels","next_content_type":"Lesson","display_name":"Video","contentable":2065074,"contentable_id":2065074,"payment_required":false,"draft":false,"is_released":true,"release_date":null,"prerequisite":false,"total_post_count":1,"discussions_enabled":true,"meta_data":{"duration_in_seconds":164},"expand_enabled":false,"lesson_type_label":null,"lesson_type_icon":null,"default_lesson_type_label":"Video","default_lesson_type_icon":"video","under_construction":false},{"id":5945527,"position":3,"chapter_id":1637281,"name":"Rotation Feels","contentable_type":"Lesson","slug":"5945527-rotation-feels","is_free_trial":false,"next_content_id":5972150,"next_content_slug":"5972150-alignment-rod-s-rotation-drill","next_content_type":"Lesson","display_name":"Video","contentable":2065073,"contentable_id":2065073,"payment_required":false,"draft":false,"is_released":true,"release_date":null,"prerequisite":false,"total_post_count":0,"discussions_enabled":true,"meta_data":{"duration_in_seconds":125},"expand_enabled":false,"lesson_type_label":null,"lesson_type_icon":null,"default_lesson_type_label":"Video","default_lesson_type_icon":"video","under_construction":false},{"id":5972150,"position":4,"chapter_id":1637281,"name":"Alignment Rod(s) Rotation Drill","contentable_type":"Lesson","slug":"5972150-alignment-rod-s-rotation-drill","is_free_trial":false,"next_content_id":5945528,"next_content_slug":"5945528-check-in","next_content_type":"Survey","display_name":"Video","contentable":2075588,"contentable_id":2075588,"payment_required":false,"draft":false,"is_released":true,"release_date":null,"prerequisite":false,"total_post_count":0,"discussions_enabled":true,"meta_data":{"duration_in_seconds":330},"expand_enabled":false,"lesson_type_label":null,"lesson_type_icon":null,"default_lesson_type_label":"Video","default_lesson_type_icon":"video","under_construction":false},{"id":5945528,"position":5,"chapter_id":1637281,"name":"Check-In","contentable_type":"Survey","slug":"5945528-check-in","is_free_trial":false,"next_content_id":5945529,"next_content_slug":"5945529-wrist-conditions-for-shallowing","next_content_type":"HtmlItem","display_name":"Survey","contentable":246247,"contentable_id":246247,"payment_required":false,"draft":false,"is_released":true,"release_date":null,"prerequisite":false,"total_post_count":0,"discussions_enabled":true,"meta_data":{"question_count":2},"expand_enabled":false,"lesson_type_label":null,"lesson_type_icon":null,"default_lesson_type_label":"Survey","default_lesson_type_icon":"survey","under_construction":false},{"id":5945529,"position":0,"chapter_id":1637282,"name":"Wrist Conditions For Shallowing","contentable_type":"HtmlItem","slug":"5945529-wrist-conditions-for-shallowing","is_free_trial":false,"next_content_id":5945531,"next_content_slug":"5945531-wrist-conditions","next_content_type":"Lesson","display_name":"Text","contentable":1622219,"contentable_id":1622219,"payment_required":false,"draft":false,"is_released":true,"release_date":null,"prerequisite":false,"total_post_count":0,"discussions_enabled":true,"meta_data":null,"expand_enabled":false,"lesson_type_label":null,"lesson_type_icon":null,"default_lesson_type_label":"Text","default_lesson_type_icon":"text","under_construction":false},{"id":5945531,"position":1,"chapter_id":1637282,"name":"Wrist Conditions","contentable_type":"Lesson","slug":"5945531-wrist-conditions","is_free_trial":false,"next_content_id":5945534,"next_content_slug":"5945534-hanger-drill","next_content_type":"Lesson","display_name":"Video","contentable":2065075,"contentable_id":2065075,"payment_required":false,"draft":false,"is_released":true,"release_date":null,"prerequisite":false,"total_post_count":0,"discussions_enabled":true,"meta_data":{"duration_in_seconds":126},"expand_enabled":false,"lesson_type_label":null,"lesson_type_icon":null,"default_lesson_type_label":"Video","default_lesson_type_icon":"video","under_construction":false},{"id":5945534,"position":2,"chapter_id":1637282,"name":"Hanger Drill","contentable_type":"Lesson","slug":"5945534-hanger-drill","is_free_trial":false,"next_content_id":5945532,"next_content_slug":"5945532-check-in","next_content_type":"Survey","display_name":"Video","contentable":2065076,"contentable_id":2065076,"payment_required":false,"draft":false,"is_released":true,"release_date":null,"prerequisite":false,"total_post_count":0,"discussions_enabled":true,"meta_data":{"duration_in_seconds":85},"expand_enabled":false,"lesson_type_label":null,"lesson_type_icon":null,"default_lesson_type_label":"Video","default_lesson_type_icon":"video","under_construction":false},{"id":5945532,"position":3,"chapter_id":1637282,"name":"Check-In","contentable_type":"Survey","slug":"5945532-check-in","is_free_trial":false,"next_content_id":5945533,"next_content_slug":"5945533-shallow-maintenance","next_content_type":"HtmlItem","display_name":"Survey","contentable":246248,"contentable_id":246248,"payment_required":false,"draft":false,"is_released":true,"release_date":null,"prerequisite":false,"total_post_count":0,"discussions_enabled":true,"meta_data":{"question_count":4},"expand_enabled":false,"lesson_type_label":null,"lesson_type_icon":null,"default_lesson_type_label":"Survey","default_lesson_type_icon":"survey","under_construction":false},{"id":5945533,"position":0,"chapter_id":1637283,"name":"Shallow Maintenance","contentable_type":"HtmlItem","slug":"5945533-shallow-maintenance","is_free_trial":false,"next_content_id":5945535,"next_content_slug":"5945535-shallowing-and-path-drill","next_content_type":"Lesson","display_name":"Text","contentable":1622220,"contentable_id":1622220,"payment_required":false,"draft":false,"is_released":true,"release_date":null,"prerequisite":false,"total_post_count":0,"discussions_enabled":true,"meta_data":null,"expand_enabled":false,"lesson_type_label":null,"lesson_type_icon":null,"default_lesson_type_label":"Text","default_lesson_type_icon":"text","under_construction":false},{"id":5945535,"position":1,"chapter_id":1637283,"name":"Shallowing and Path Drill","contentable_type":"Lesson","slug":"5945535-shallowing-and-path-drill","is_free_trial":false,"next_content_id":5972170,"next_content_slug":"5972170-rotation-and-wrist-conditions-drill","next_content_type":"Lesson","display_name":"Video","contentable":2065077,"contentable_id":2065077,"payment_required":false,"draft":false,"is_released":true,"release_date":null,"prerequisite":false,"total_post_count":0,"discussions_enabled":true,"meta_data":{"duration_in_seconds":104},"expand_enabled":false,"lesson_type_label":null,"lesson_type_icon":null,"default_lesson_type_label":"Video","default_lesson_type_icon":"video","under_construction":false},{"id":5972170,"position":2,"chapter_id":1637283,"name":"Rotation and Wrist Conditions Drill","contentable_type":"Lesson","slug":"5972170-rotation-and-wrist-conditions-drill","is_free_trial":false,"next_content_id":5945536,"next_content_slug":"5945536-check-in","next_content_type":"Survey","display_name":"Video","contentable":2075593,"contentable_id":2075593,"payment_required":false,"draft":false,"is_released":true,"release_date":null,"prerequisite":false,"total_post_count":0,"discussions_enabled":true,"meta_data":{"duration_in_seconds":101},"expand_enabled":false,"lesson_type_label":null,"lesson_type_icon":null,"default_lesson_type_label":"Video","default_lesson_type_icon":"video","under_construction":false},{"id":5945536,"position":3,"chapter_id":1637283,"name":"Check-In","contentable_type":"Survey","slug":"5945536-check-in","is_free_trial":false,"next_content_id":null,"next_content_slug":null,"next_content_type":null,"display_name":"Survey","contentable":246249,"contentable_id":246249,"payment_required":false,"draft":false,"is_released":true,"release_date":null,"prerequisite":false,"total_post_count":0,"discussions_enabled":true,"meta_data":{"question_count":3},"expand_enabled":false,"lesson_type_label":null,"lesson_type_icon":null,"default_lesson_type_label":"Survey","default_lesson_type_icon":"survey","under_construction":false}],"chapters":[{"id":1637279,"name":"Equal and Opposites","position":0,"course_id":402876,"content_ids":[5945519,5945520,5972139]},{"id":1637280,"name":"PHASE 1: Setting Up The Downswing","position":1,"course_id":402876,"content_ids":[5945521,5945522,5945523,5945524]},{"id":1637281,"name":"PHASE 2: Rotation and Proper Sequence","position":2,"course_id":402876,"content_ids":[5945525,5945526,5945530,5945527,5972150,5945528]},{"id":1637282,"name":"PHASE 3: Wrist Conditions For Shallowing","position":3,"course_id":402876,"content_ids":[5945529,5945531,5945534,5945532]},{"id":1637283,"name":"PHASE 4: Shallow Maintenance","position":4,"course_id":402876,"content_ids":[5945533,5945535,5972170,5945536]}]}