{"course":{"id":402891,"name":"Playing From The Beach","slug":"quick-fix-bunker","landing_page_url":"https://www.cogornogolf.com/courses/quick-fix-bunker","checkout_page_url":"https://www.cogornogolf.com/enroll/424956","site_twitter_handle":"","support_email":"service@cogornogolf.com","subdomain":"cogornogolf","product_id":424956,"use_linkedin_profile_certification":false,"completion_page_html":"\u003cdiv class=\"fr-view\"\u003e\u003cp\u003eCongrats on sticking to the process!\u0026nbsp;\u003c/p\u003e\u003c/div\u003e","use_custom_completion_page_html":false,"reviews_enabled":false,"goals_enabled":false,"autoplay_all_videos":true,"require_video_completion":false,"video_completion_percentage":"100","disable_chapter_completed_modal":false,"theme":"course_player_white","primary_color":null,"font":null,"logo":null,"show_logo":true,"disable_text_selection":false,"hide_lesson_type_label_and_icon":false,"hide_lesson_type_icon":false,"is_onboarding_demo_course":false,"social_share_course_completion_overridden":false,"social_share_chapter_completion_overridden":false,"social_share_message":null,"facebook_shared_landing_page_url":"https://www.cogornogolf.com/uzq4l","linkedin_shared_landing_page_url":"https://www.cogornogolf.com/2ptjz","twitter_shared_landing_page_url":"https://www.cogornogolf.com/hxqzm","shared_landing_page_url":"https://www.cogornogolf.com/cw4v8","chapter_ids":[1637355,1637356,1637357,1637358]},"contents":[{"id":5945793,"position":0,"chapter_id":1637355,"name":"Overview","contentable_type":"HtmlItem","slug":"5945793-overview","is_free_trial":false,"next_content_id":5945794,"next_content_slug":"5945794-body-setup-keys","next_content_type":"Lesson","display_name":"Text","contentable":1622291,"contentable_id":1622291,"payment_required":false,"draft":false,"is_released":true,"release_date":null,"prerequisite":false,"total_post_count":0,"discussions_enabled":true,"meta_data":null,"expand_enabled":false,"lesson_type_label":null,"lesson_type_icon":null,"default_lesson_type_label":"Text","default_lesson_type_icon":"text","under_construction":false},{"id":5945794,"position":1,"chapter_id":1637355,"name":"Body Setup Keys","contentable_type":"Lesson","slug":"5945794-body-setup-keys","is_free_trial":false,"next_content_id":5945796,"next_content_slug":"5945796-club-face-and-ball-position","next_content_type":"Lesson","display_name":"Video","contentable":2065205,"contentable_id":2065205,"payment_required":false,"draft":false,"is_released":true,"release_date":null,"prerequisite":false,"total_post_count":0,"discussions_enabled":true,"meta_data":{"duration_in_seconds":155},"expand_enabled":false,"lesson_type_label":null,"lesson_type_icon":null,"default_lesson_type_label":"Video","default_lesson_type_icon":"video","under_construction":false},{"id":5945796,"position":2,"chapter_id":1637355,"name":"Club Face and Ball Position","contentable_type":"Lesson","slug":"5945796-club-face-and-ball-position","is_free_trial":false,"next_content_id":5945795,"next_content_slug":"5945795-bunker-swing-pieces","next_content_type":"HtmlItem","display_name":"Video","contentable":2065206,"contentable_id":2065206,"payment_required":false,"draft":false,"is_released":true,"release_date":null,"prerequisite":false,"total_post_count":0,"discussions_enabled":true,"meta_data":{"duration_in_seconds":247},"expand_enabled":false,"lesson_type_label":null,"lesson_type_icon":null,"default_lesson_type_label":"Video","default_lesson_type_icon":"video","under_construction":false},{"id":5945795,"position":0,"chapter_id":1637356,"name":"Bunker Swing Pieces","contentable_type":"HtmlItem","slug":"5945795-bunker-swing-pieces","is_free_trial":false,"next_content_id":5945797,"next_content_slug":"5945797-philosophy-and-backswing-pieces","next_content_type":"Lesson","display_name":"Text","contentable":1622292,"contentable_id":1622292,"payment_required":false,"draft":false,"is_released":true,"release_date":null,"prerequisite":false,"total_post_count":0,"discussions_enabled":true,"meta_data":null,"expand_enabled":false,"lesson_type_label":null,"lesson_type_icon":null,"default_lesson_type_label":"Text","default_lesson_type_icon":"text","under_construction":false},{"id":5945797,"position":1,"chapter_id":1637356,"name":"Philosophy and Backswing Pieces","contentable_type":"Lesson","slug":"5945797-philosophy-and-backswing-pieces","is_free_trial":false,"next_content_id":5967259,"next_content_slug":"5967259-downswing-pieces","next_content_type":"Lesson","display_name":"Video","contentable":2065207,"contentable_id":2065207,"payment_required":false,"draft":false,"is_released":true,"release_date":null,"prerequisite":false,"total_post_count":0,"discussions_enabled":true,"meta_data":{"duration_in_seconds":193},"expand_enabled":false,"lesson_type_label":null,"lesson_type_icon":null,"default_lesson_type_label":"Video","default_lesson_type_icon":"video","under_construction":false},{"id":5967259,"position":2,"chapter_id":1637356,"name":"Downswing Pieces","contentable_type":"Lesson","slug":"5967259-downswing-pieces","is_free_trial":false,"next_content_id":5945799,"next_content_slug":"5945799-flight-control","next_content_type":"HtmlItem","display_name":"Video","contentable":2073813,"contentable_id":2073813,"payment_required":false,"draft":false,"is_released":true,"release_date":null,"prerequisite":false,"total_post_count":0,"discussions_enabled":true,"meta_data":{"duration_in_seconds":83},"expand_enabled":false,"lesson_type_label":null,"lesson_type_icon":null,"default_lesson_type_label":"Video","default_lesson_type_icon":"video","under_construction":false},{"id":5945799,"position":0,"chapter_id":1637357,"name":"Flight Control","contentable_type":"HtmlItem","slug":"5945799-flight-control","is_free_trial":false,"next_content_id":5945800,"next_content_slug":"5945800-common-faults","next_content_type":"Lesson","display_name":"Text","contentable":1622293,"contentable_id":1622293,"payment_required":false,"draft":false,"is_released":true,"release_date":null,"prerequisite":false,"total_post_count":0,"discussions_enabled":true,"meta_data":null,"expand_enabled":false,"lesson_type_label":null,"lesson_type_icon":null,"default_lesson_type_label":"Text","default_lesson_type_icon":"text","under_construction":false},{"id":5945800,"position":1,"chapter_id":1637357,"name":"Common Faults","contentable_type":"Lesson","slug":"5945800-common-faults","is_free_trial":false,"next_content_id":5945801,"next_content_slug":"5945801-distance-control","next_content_type":"Lesson","display_name":"Video","contentable":2065208,"contentable_id":2065208,"payment_required":false,"draft":false,"is_released":true,"release_date":null,"prerequisite":false,"total_post_count":0,"discussions_enabled":true,"meta_data":{"duration_in_seconds":112},"expand_enabled":false,"lesson_type_label":null,"lesson_type_icon":null,"default_lesson_type_label":"Video","default_lesson_type_icon":"video","under_construction":false},{"id":5945801,"position":2,"chapter_id":1637357,"name":"Distance Control","contentable_type":"Lesson","slug":"5945801-distance-control","is_free_trial":false,"next_content_id":5967264,"next_content_slug":"5967264-trajectory-control","next_content_type":"Lesson","display_name":"Video","contentable":2065209,"contentable_id":2065209,"payment_required":false,"draft":false,"is_released":true,"release_date":null,"prerequisite":false,"total_post_count":2,"discussions_enabled":true,"meta_data":{"duration_in_seconds":4},"expand_enabled":false,"lesson_type_label":null,"lesson_type_icon":null,"default_lesson_type_label":"Video","default_lesson_type_icon":"video","under_construction":false},{"id":5967264,"position":3,"chapter_id":1637357,"name":"Trajectory Control","contentable_type":"Lesson","slug":"5967264-trajectory-control","is_free_trial":false,"next_content_id":5945803,"next_content_slug":"5945803-bunker-practice","next_content_type":"HtmlItem","display_name":"Video","contentable":2073814,"contentable_id":2073814,"payment_required":false,"draft":false,"is_released":true,"release_date":null,"prerequisite":false,"total_post_count":0,"discussions_enabled":true,"meta_data":{"duration_in_seconds":161},"expand_enabled":false,"lesson_type_label":null,"lesson_type_icon":null,"default_lesson_type_label":"Video","default_lesson_type_icon":"video","under_construction":false},{"id":5945803,"position":0,"chapter_id":1637358,"name":"Bunker Practice","contentable_type":"HtmlItem","slug":"5945803-bunker-practice","is_free_trial":false,"next_content_id":5945804,"next_content_slug":"5945804-lowpoint-control-practice","next_content_type":"Lesson","display_name":"Text","contentable":1622294,"contentable_id":1622294,"payment_required":false,"draft":false,"is_released":true,"release_date":null,"prerequisite":false,"total_post_count":1,"discussions_enabled":true,"meta_data":null,"expand_enabled":false,"lesson_type_label":null,"lesson_type_icon":null,"default_lesson_type_label":"Text","default_lesson_type_icon":"text","under_construction":false},{"id":5945804,"position":1,"chapter_id":1637358,"name":"Lowpoint Control Practice","contentable_type":"Lesson","slug":"5945804-lowpoint-control-practice","is_free_trial":false,"next_content_id":5945805,"next_content_slug":"5945805-skill-practice","next_content_type":"Lesson","display_name":"Video","contentable":2065210,"contentable_id":2065210,"payment_required":false,"draft":false,"is_released":true,"release_date":null,"prerequisite":false,"total_post_count":0,"discussions_enabled":true,"meta_data":{"duration_in_seconds":247},"expand_enabled":false,"lesson_type_label":null,"lesson_type_icon":null,"default_lesson_type_label":"Video","default_lesson_type_icon":"video","under_construction":false},{"id":5945805,"position":3,"chapter_id":1637358,"name":"Skill Practice","contentable_type":"Lesson","slug":"5945805-skill-practice","is_free_trial":false,"next_content_id":null,"next_content_slug":null,"next_content_type":null,"display_name":"Video","contentable":2065211,"contentable_id":2065211,"payment_required":false,"draft":false,"is_released":true,"release_date":null,"prerequisite":false,"total_post_count":0,"discussions_enabled":true,"meta_data":{"duration_in_seconds":169},"expand_enabled":false,"lesson_type_label":null,"lesson_type_icon":null,"default_lesson_type_label":"Video","default_lesson_type_icon":"video","under_construction":false}],"chapters":[{"id":1637355,"name":"Bunker Setup Keys","position":0,"course_id":402891,"content_ids":[5945793,5945794,5945796]},{"id":1637356,"name":"PHASE 1: Bunker Swing Pieces","position":1,"course_id":402891,"content_ids":[5945795,5945797,5967259]},{"id":1637357,"name":"PHASE 2: Flight Control","position":2,"course_id":402891,"content_ids":[5945799,5945800,5945801,5967264]},{"id":1637358,"name":"PHASE 3: Bunker Practice","position":3,"course_id":402891,"content_ids":[5945803,5945804,5945805]}]}