{"course":{"id":402892,"name":"Wedges Inside 100yds","slug":"quick-fix-wedges","landing_page_url":"https://www.cogornogolf.com/courses/quick-fix-wedges","checkout_page_url":"https://www.cogornogolf.com/enroll/424957","site_twitter_handle":"","support_email":"service@cogornogolf.com","subdomain":"cogornogolf","product_id":424957,"use_linkedin_profile_certification":false,"completion_page_html":"\u003cdiv class=\"fr-view\"\u003e\u003cp\u003eCongrats on sticking to the process!\u0026nbsp;\u003c/p\u003e\u003c/div\u003e","use_custom_completion_page_html":false,"reviews_enabled":false,"goals_enabled":false,"autoplay_all_videos":true,"require_video_completion":false,"video_completion_percentage":"100","disable_chapter_completed_modal":false,"theme":"course_player_white","primary_color":null,"font":null,"logo":null,"show_logo":true,"disable_text_selection":false,"hide_lesson_type_label_and_icon":false,"hide_lesson_type_icon":false,"is_onboarding_demo_course":false,"social_share_course_completion_overridden":false,"social_share_chapter_completion_overridden":false,"social_share_message":null,"facebook_shared_landing_page_url":"https://www.cogornogolf.com/kd8zg","linkedin_shared_landing_page_url":"https://www.cogornogolf.com/kl72c","twitter_shared_landing_page_url":"https://www.cogornogolf.com/b8xmg","shared_landing_page_url":"https://www.cogornogolf.com/634ct","chapter_ids":[1637360,1637361,1637362,1637363]},"contents":[{"id":5945811,"position":0,"chapter_id":1637360,"name":"Scoring With The Wedges","contentable_type":"HtmlItem","slug":"5945811-scoring-with-the-wedges","is_free_trial":false,"next_content_id":5945812,"next_content_slug":"5945812-spotting-the-differences","next_content_type":"Lesson","display_name":"Text","contentable":1622296,"contentable_id":1622296,"payment_required":false,"draft":false,"is_released":true,"release_date":null,"prerequisite":false,"total_post_count":0,"discussions_enabled":true,"meta_data":null,"expand_enabled":false,"lesson_type_label":null,"lesson_type_icon":null,"default_lesson_type_label":"Text","default_lesson_type_icon":"text","under_construction":false},{"id":5945812,"position":1,"chapter_id":1637360,"name":"Spotting The Differences","contentable_type":"Lesson","slug":"5945812-spotting-the-differences","is_free_trial":false,"next_content_id":5967070,"next_content_slug":"5967070-spot-the-difference","next_content_type":"Quiz","display_name":"Video","contentable":2065214,"contentable_id":2065214,"payment_required":false,"draft":false,"is_released":true,"release_date":null,"prerequisite":false,"total_post_count":1,"discussions_enabled":true,"meta_data":{"duration_in_seconds":74},"expand_enabled":false,"lesson_type_label":null,"lesson_type_icon":null,"default_lesson_type_label":"Video","default_lesson_type_icon":"video","under_construction":false},{"id":5967070,"position":2,"chapter_id":1637360,"name":"Spot The Difference","contentable_type":"Quiz","slug":"5967070-spot-the-difference","is_free_trial":false,"next_content_id":5967068,"next_content_slug":"5967068-ball-position","next_content_type":"Lesson","display_name":"Quiz","contentable":371916,"contentable_id":371916,"payment_required":false,"draft":false,"is_released":true,"release_date":null,"prerequisite":false,"total_post_count":0,"discussions_enabled":true,"meta_data":{"question_count":1},"expand_enabled":false,"lesson_type_label":null,"lesson_type_icon":null,"default_lesson_type_label":"Quiz","default_lesson_type_icon":"quiz","under_construction":false},{"id":5967068,"position":3,"chapter_id":1637360,"name":"Ball Position ","contentable_type":"Lesson","slug":"5967068-ball-position","is_free_trial":false,"next_content_id":5967072,"next_content_slug":"5967072-feet-position","next_content_type":"Lesson","display_name":"Video","contentable":2073726,"contentable_id":2073726,"payment_required":false,"draft":false,"is_released":true,"release_date":null,"prerequisite":false,"total_post_count":0,"discussions_enabled":true,"meta_data":{"duration_in_seconds":74},"expand_enabled":false,"lesson_type_label":null,"lesson_type_icon":null,"default_lesson_type_label":"Video","default_lesson_type_icon":"video","under_construction":false},{"id":5967072,"position":4,"chapter_id":1637360,"name":"Feet Position","contentable_type":"Lesson","slug":"5967072-feet-position","is_free_trial":false,"next_content_id":5967073,"next_content_slug":"5967073-grip-position","next_content_type":"Lesson","display_name":"Video","contentable":2073727,"contentable_id":2073727,"payment_required":false,"draft":false,"is_released":true,"release_date":null,"prerequisite":false,"total_post_count":0,"discussions_enabled":true,"meta_data":{"duration_in_seconds":103},"expand_enabled":false,"lesson_type_label":null,"lesson_type_icon":null,"default_lesson_type_label":"Video","default_lesson_type_icon":"video","under_construction":false},{"id":5967073,"position":5,"chapter_id":1637360,"name":"Grip Position","contentable_type":"Lesson","slug":"5967073-grip-position","is_free_trial":false,"next_content_id":5945813,"next_content_slug":"5945813-wedge-keys","next_content_type":"HtmlItem","display_name":"Video","contentable":2073728,"contentable_id":2073728,"payment_required":false,"draft":false,"is_released":true,"release_date":null,"prerequisite":false,"total_post_count":0,"discussions_enabled":true,"meta_data":{"duration_in_seconds":87},"expand_enabled":false,"lesson_type_label":null,"lesson_type_icon":null,"default_lesson_type_label":"Video","default_lesson_type_icon":"video","under_construction":false},{"id":5945813,"position":0,"chapter_id":1637361,"name":"Wedge Keys","contentable_type":"HtmlItem","slug":"5945813-wedge-keys","is_free_trial":false,"next_content_id":5945814,"next_content_slug":"5945814-backswing-keys","next_content_type":"Lesson","display_name":"Text","contentable":1622297,"contentable_id":1622297,"payment_required":false,"draft":false,"is_released":true,"release_date":null,"prerequisite":false,"total_post_count":0,"discussions_enabled":true,"meta_data":null,"expand_enabled":false,"lesson_type_label":null,"lesson_type_icon":null,"default_lesson_type_label":"Text","default_lesson_type_icon":"text","under_construction":false},{"id":5945814,"position":1,"chapter_id":1637361,"name":"Backswing Keys","contentable_type":"Lesson","slug":"5945814-backswing-keys","is_free_trial":false,"next_content_id":5945815,"next_content_slug":"5945815-tempo-and-swing-length","next_content_type":"Lesson","display_name":"Video","contentable":2065215,"contentable_id":2065215,"payment_required":false,"draft":false,"is_released":true,"release_date":null,"prerequisite":false,"total_post_count":0,"discussions_enabled":true,"meta_data":{"duration_in_seconds":161},"expand_enabled":false,"lesson_type_label":null,"lesson_type_icon":null,"default_lesson_type_label":"Video","default_lesson_type_icon":"video","under_construction":false},{"id":5945815,"position":2,"chapter_id":1637361,"name":"Tempo and Swing Length","contentable_type":"Lesson","slug":"5945815-tempo-and-swing-length","is_free_trial":false,"next_content_id":5945817,"next_content_slug":"5945817-building-a-wedge-system","next_content_type":"HtmlItem","display_name":"Video","contentable":2065216,"contentable_id":2065216,"payment_required":false,"draft":false,"is_released":true,"release_date":null,"prerequisite":false,"total_post_count":0,"discussions_enabled":true,"meta_data":{"duration_in_seconds":114},"expand_enabled":false,"lesson_type_label":null,"lesson_type_icon":null,"default_lesson_type_label":"Video","default_lesson_type_icon":"video","under_construction":false},{"id":5945817,"position":0,"chapter_id":1637362,"name":"Building A Wedge System","contentable_type":"HtmlItem","slug":"5945817-building-a-wedge-system","is_free_trial":false,"next_content_id":5945818,"next_content_slug":"5945818-the-wedge-system","next_content_type":"Lesson","display_name":"Text","contentable":1622298,"contentable_id":1622298,"payment_required":false,"draft":false,"is_released":true,"release_date":null,"prerequisite":false,"total_post_count":1,"discussions_enabled":true,"meta_data":null,"expand_enabled":false,"lesson_type_label":null,"lesson_type_icon":null,"default_lesson_type_label":"Text","default_lesson_type_icon":"text","under_construction":false},{"id":5945818,"position":1,"chapter_id":1637362,"name":"The Wedge System","contentable_type":"Lesson","slug":"5945818-the-wedge-system","is_free_trial":false,"next_content_id":5945819,"next_content_slug":"5945819-wedges-building-your-wedge-system","next_content_type":"Lesson","display_name":"Video","contentable":2065217,"contentable_id":2065217,"payment_required":false,"draft":false,"is_released":true,"release_date":null,"prerequisite":false,"total_post_count":0,"discussions_enabled":true,"meta_data":{"duration_in_seconds":158},"expand_enabled":false,"lesson_type_label":null,"lesson_type_icon":null,"default_lesson_type_label":"Video","default_lesson_type_icon":"video","under_construction":false},{"id":5945819,"position":2,"chapter_id":1637362,"name":"Wedges: Building Your Wedge System","contentable_type":"Lesson","slug":"5945819-wedges-building-your-wedge-system","is_free_trial":false,"next_content_id":5945821,"next_content_slug":"5945821-practicing-the-wedge","next_content_type":"HtmlItem","display_name":"Video","contentable":2065218,"contentable_id":2065218,"payment_required":false,"draft":false,"is_released":true,"release_date":null,"prerequisite":false,"total_post_count":1,"discussions_enabled":true,"meta_data":{"duration_in_seconds":418},"expand_enabled":false,"lesson_type_label":null,"lesson_type_icon":null,"default_lesson_type_label":"Video","default_lesson_type_icon":"video","under_construction":false},{"id":5945821,"position":0,"chapter_id":1637363,"name":"Practicing The Wedge","contentable_type":"HtmlItem","slug":"5945821-practicing-the-wedge","is_free_trial":false,"next_content_id":5945822,"next_content_slug":"5945822-how-to-practice","next_content_type":"Lesson","display_name":"Text","contentable":1622299,"contentable_id":1622299,"payment_required":false,"draft":false,"is_released":true,"release_date":null,"prerequisite":false,"total_post_count":0,"discussions_enabled":true,"meta_data":null,"expand_enabled":false,"lesson_type_label":null,"lesson_type_icon":null,"default_lesson_type_label":"Text","default_lesson_type_icon":"text","under_construction":false},{"id":5945822,"position":1,"chapter_id":1637363,"name":"How To Practice","contentable_type":"Lesson","slug":"5945822-how-to-practice","is_free_trial":false,"next_content_id":null,"next_content_slug":null,"next_content_type":null,"display_name":"Video","contentable":2065219,"contentable_id":2065219,"payment_required":false,"draft":false,"is_released":true,"release_date":null,"prerequisite":false,"total_post_count":0,"discussions_enabled":true,"meta_data":{"duration_in_seconds":247},"expand_enabled":false,"lesson_type_label":null,"lesson_type_icon":null,"default_lesson_type_label":"Video","default_lesson_type_icon":"video","under_construction":false}],"chapters":[{"id":1637360,"name":"Differences Of The Wedge","position":0,"course_id":402892,"content_ids":[5945811,5945812,5967070,5967068,5967072,5967073]},{"id":1637361,"name":"PHASE 1: Wedge Keys","position":1,"course_id":402892,"content_ids":[5945813,5945814,5945815]},{"id":1637362,"name":"PHASE 2: Building A Wedge System","position":2,"course_id":402892,"content_ids":[5945817,5945818,5945819]},{"id":1637363,"name":"PHASE 3: Practicing The Wedge","position":3,"course_id":402892,"content_ids":[5945821,5945822]}]}