{"course":{"id":402890,"name":"Using The Bounce","slug":"quick-fix-bounce","landing_page_url":"https://www.cogornogolf.com/courses/quick-fix-bounce","checkout_page_url":"https://www.cogornogolf.com/enroll/424955","site_twitter_handle":"","support_email":"service@cogornogolf.com","subdomain":"cogornogolf","product_id":424955,"use_linkedin_profile_certification":false,"completion_page_html":"\u003cdiv class=\"fr-view\"\u003e\u003cp\u003eCongrats on sticking to the process!\u0026nbsp;\u003c/p\u003e\u003c/div\u003e","use_custom_completion_page_html":false,"reviews_enabled":false,"goals_enabled":false,"autoplay_all_videos":true,"require_video_completion":false,"video_completion_percentage":"100","disable_chapter_completed_modal":false,"theme":"course_player_white","primary_color":null,"font":null,"logo":null,"show_logo":true,"disable_text_selection":false,"hide_lesson_type_label_and_icon":false,"hide_lesson_type_icon":false,"is_onboarding_demo_course":false,"social_share_course_completion_overridden":false,"social_share_chapter_completion_overridden":false,"social_share_message":null,"facebook_shared_landing_page_url":"https://www.cogornogolf.com/ynts9","linkedin_shared_landing_page_url":"https://www.cogornogolf.com/j6owd","twitter_shared_landing_page_url":"https://www.cogornogolf.com/la0l5","shared_landing_page_url":"https://www.cogornogolf.com/1dwbj","chapter_ids":[1637350,1637351,1637352,1637353,1637354]},"contents":[{"id":5945774,"position":0,"chapter_id":1637350,"name":"Overview","contentable_type":"HtmlItem","slug":"5945774-overview","is_free_trial":false,"next_content_id":5945775,"next_content_slug":"5945775-the-bounce-vs-the-leading-edge","next_content_type":"Lesson","display_name":"Text","contentable":1622286,"contentable_id":1622286,"payment_required":false,"draft":false,"is_released":true,"release_date":null,"prerequisite":false,"total_post_count":1,"discussions_enabled":true,"meta_data":null,"expand_enabled":false,"lesson_type_label":null,"lesson_type_icon":null,"default_lesson_type_label":"Text","default_lesson_type_icon":"text","under_construction":false},{"id":5945775,"position":1,"chapter_id":1637350,"name":"The Bounce Vs The Leading Edge","contentable_type":"Lesson","slug":"5945775-the-bounce-vs-the-leading-edge","is_free_trial":false,"next_content_id":5973147,"next_content_slug":"5973147-bounce-killers","next_content_type":"Lesson","display_name":"Video","contentable":2065196,"contentable_id":2065196,"payment_required":false,"draft":false,"is_released":true,"release_date":null,"prerequisite":false,"total_post_count":0,"discussions_enabled":true,"meta_data":{"duration_in_seconds":240},"expand_enabled":false,"lesson_type_label":null,"lesson_type_icon":null,"default_lesson_type_label":"Video","default_lesson_type_icon":"video","under_construction":false},{"id":5973147,"position":2,"chapter_id":1637350,"name":"Bounce Killers","contentable_type":"Lesson","slug":"5973147-bounce-killers","is_free_trial":false,"next_content_id":5973157,"next_content_slug":"5973157-the-bounce-thud","next_content_type":"Lesson","display_name":"Video","contentable":2076006,"contentable_id":2076006,"payment_required":false,"draft":false,"is_released":true,"release_date":null,"prerequisite":false,"total_post_count":0,"discussions_enabled":true,"meta_data":{"duration_in_seconds":126},"expand_enabled":false,"lesson_type_label":null,"lesson_type_icon":null,"default_lesson_type_label":"Video","default_lesson_type_icon":"video","under_construction":false},{"id":5973157,"position":3,"chapter_id":1637350,"name":"The Bounce 'Thud'","contentable_type":"Lesson","slug":"5973157-the-bounce-thud","is_free_trial":false,"next_content_id":5945776,"next_content_slug":"5945776-the-leading-edge","next_content_type":"HtmlItem","display_name":"Video","contentable":2076010,"contentable_id":2076010,"payment_required":false,"draft":false,"is_released":true,"release_date":null,"prerequisite":false,"total_post_count":0,"discussions_enabled":true,"meta_data":{"duration_in_seconds":112},"expand_enabled":false,"lesson_type_label":null,"lesson_type_icon":null,"default_lesson_type_label":"Video","default_lesson_type_icon":"video","under_construction":false},{"id":5945776,"position":0,"chapter_id":1637351,"name":"The Leading Edge","contentable_type":"HtmlItem","slug":"5945776-the-leading-edge","is_free_trial":false,"next_content_id":5945777,"next_content_slug":"5945777-too-much-leading-edge","next_content_type":"Lesson","display_name":"Text","contentable":1622287,"contentable_id":1622287,"payment_required":false,"draft":false,"is_released":true,"release_date":null,"prerequisite":false,"total_post_count":0,"discussions_enabled":true,"meta_data":null,"expand_enabled":false,"lesson_type_label":null,"lesson_type_icon":null,"default_lesson_type_label":"Text","default_lesson_type_icon":"text","under_construction":false},{"id":5945777,"position":1,"chapter_id":1637351,"name":"Too Much Leading Edge","contentable_type":"Lesson","slug":"5945777-too-much-leading-edge","is_free_trial":false,"next_content_id":5945780,"next_content_slug":"5945780-addressing-the-setup","next_content_type":"HtmlItem","display_name":"Video","contentable":2065197,"contentable_id":2065197,"payment_required":false,"draft":false,"is_released":true,"release_date":null,"prerequisite":false,"total_post_count":0,"discussions_enabled":true,"meta_data":{"duration_in_seconds":240},"expand_enabled":false,"lesson_type_label":null,"lesson_type_icon":null,"default_lesson_type_label":"Video","default_lesson_type_icon":"video","under_construction":false},{"id":5945780,"position":0,"chapter_id":1637352,"name":"Addressing The Setup","contentable_type":"HtmlItem","slug":"5945780-addressing-the-setup","is_free_trial":false,"next_content_id":5945781,"next_content_slug":"5945781-setup-face-on","next_content_type":"Lesson","display_name":"Text","contentable":1622288,"contentable_id":1622288,"payment_required":false,"draft":false,"is_released":true,"release_date":null,"prerequisite":false,"total_post_count":0,"discussions_enabled":true,"meta_data":null,"expand_enabled":false,"lesson_type_label":null,"lesson_type_icon":null,"default_lesson_type_label":"Text","default_lesson_type_icon":"text","under_construction":false},{"id":5945781,"position":1,"chapter_id":1637352,"name":"Setup: Face On","contentable_type":"Lesson","slug":"5945781-setup-face-on","is_free_trial":false,"next_content_id":5945782,"next_content_slug":"5945782-setup-down-the-line","next_content_type":"Lesson","display_name":"Video","contentable":2065199,"contentable_id":2065199,"payment_required":false,"draft":false,"is_released":true,"release_date":null,"prerequisite":false,"total_post_count":0,"discussions_enabled":true,"meta_data":{"duration_in_seconds":324},"expand_enabled":false,"lesson_type_label":null,"lesson_type_icon":null,"default_lesson_type_label":"Video","default_lesson_type_icon":"video","under_construction":false},{"id":5945782,"position":2,"chapter_id":1637352,"name":"Setup: Down The Line","contentable_type":"Lesson","slug":"5945782-setup-down-the-line","is_free_trial":false,"next_content_id":5945784,"next_content_slug":"5945784-releasing-around-the-greens","next_content_type":"HtmlItem","display_name":"Video","contentable":2065200,"contentable_id":2065200,"payment_required":false,"draft":false,"is_released":true,"release_date":null,"prerequisite":false,"total_post_count":0,"discussions_enabled":true,"meta_data":{"duration_in_seconds":267},"expand_enabled":false,"lesson_type_label":null,"lesson_type_icon":null,"default_lesson_type_label":"Video","default_lesson_type_icon":"video","under_construction":false},{"id":5945784,"position":0,"chapter_id":1637353,"name":"Releasing Around The Greens","contentable_type":"HtmlItem","slug":"5945784-releasing-around-the-greens","is_free_trial":false,"next_content_id":5945785,"next_content_slug":"5945785-releasing-correctly","next_content_type":"Lesson","display_name":"Text","contentable":1622289,"contentable_id":1622289,"payment_required":false,"draft":false,"is_released":true,"release_date":null,"prerequisite":false,"total_post_count":0,"discussions_enabled":true,"meta_data":null,"expand_enabled":false,"lesson_type_label":null,"lesson_type_icon":null,"default_lesson_type_label":"Text","default_lesson_type_icon":"text","under_construction":false},{"id":5945785,"position":1,"chapter_id":1637353,"name":"Releasing Correctly","contentable_type":"Lesson","slug":"5945785-releasing-correctly","is_free_trial":false,"next_content_id":5945788,"next_content_slug":"5945788-practice","next_content_type":"HtmlItem","display_name":"Video","contentable":2065201,"contentable_id":2065201,"payment_required":false,"draft":false,"is_released":true,"release_date":null,"prerequisite":false,"total_post_count":0,"discussions_enabled":true,"meta_data":{"duration_in_seconds":176},"expand_enabled":false,"lesson_type_label":null,"lesson_type_icon":null,"default_lesson_type_label":"Video","default_lesson_type_icon":"video","under_construction":false},{"id":5945788,"position":0,"chapter_id":1637354,"name":"Practice","contentable_type":"HtmlItem","slug":"5945788-practice","is_free_trial":false,"next_content_id":5945789,"next_content_slug":"5945789-landing-zones-practice","next_content_type":"Lesson","display_name":"Text","contentable":1622290,"contentable_id":1622290,"payment_required":false,"draft":false,"is_released":true,"release_date":null,"prerequisite":false,"total_post_count":0,"discussions_enabled":true,"meta_data":null,"expand_enabled":false,"lesson_type_label":null,"lesson_type_icon":null,"default_lesson_type_label":"Text","default_lesson_type_icon":"text","under_construction":false},{"id":5945789,"position":1,"chapter_id":1637354,"name":"Landing Zones Practice","contentable_type":"Lesson","slug":"5945789-landing-zones-practice","is_free_trial":false,"next_content_id":null,"next_content_slug":null,"next_content_type":null,"display_name":"Video","contentable":2065203,"contentable_id":2065203,"payment_required":false,"draft":false,"is_released":true,"release_date":null,"prerequisite":false,"total_post_count":0,"discussions_enabled":true,"meta_data":{"duration_in_seconds":376},"expand_enabled":false,"lesson_type_label":null,"lesson_type_icon":null,"default_lesson_type_label":"Video","default_lesson_type_icon":"video","under_construction":false}],"chapters":[{"id":1637350,"name":"The Bounce And Why To Use It","position":0,"course_id":402890,"content_ids":[5945774,5945775,5973147,5973157]},{"id":1637351,"name":"PHASE 1: The Leading Edge","position":1,"course_id":402890,"content_ids":[5945776,5945777]},{"id":1637352,"name":"PHASE 2: Addressing The Setup","position":2,"course_id":402890,"content_ids":[5945780,5945781,5945782]},{"id":1637353,"name":"PHASE 3: Releasing Around The Greens","position":3,"course_id":402890,"content_ids":[5945784,5945785]},{"id":1637354,"name":"PHASE 4: Practice","position":4,"course_id":402890,"content_ids":[5945788,5945789]}]}