{"course":{"id":402893,"name":"'Breaking 80' Plan","slug":"quick-fix-breaking-80","landing_page_url":"https://www.cogornogolf.com/courses/quick-fix-breaking-80","checkout_page_url":"https://www.cogornogolf.com/enroll/424958","site_twitter_handle":"","support_email":"service@cogornogolf.com","subdomain":"cogornogolf","product_id":424958,"use_linkedin_profile_certification":false,"completion_page_html":"\u003cdiv class=\"fr-view\"\u003e\u003cp\u003eCongrats on sticking to the process!\u0026nbsp;\u003c/p\u003e\u003c/div\u003e","use_custom_completion_page_html":false,"reviews_enabled":false,"goals_enabled":false,"autoplay_all_videos":true,"require_video_completion":false,"video_completion_percentage":"100","disable_chapter_completed_modal":false,"theme":"course_player_white","primary_color":null,"font":null,"logo":null,"show_logo":true,"disable_text_selection":false,"hide_lesson_type_label_and_icon":false,"hide_lesson_type_icon":false,"is_onboarding_demo_course":false,"social_share_course_completion_overridden":false,"social_share_chapter_completion_overridden":false,"social_share_message":null,"facebook_shared_landing_page_url":"https://www.cogornogolf.com/hh792","linkedin_shared_landing_page_url":"https://www.cogornogolf.com/xhht6","twitter_shared_landing_page_url":"https://www.cogornogolf.com/stgr7","shared_landing_page_url":"https://www.cogornogolf.com/rbjth","chapter_ids":[1658021,1637365,1637366,1637367,1637368,1637369,1643942]},"contents":[{"id":6034747,"position":2,"chapter_id":1658021,"name":"Breaking 80","contentable_type":"HtmlItem","slug":"6034747-breaking-80","is_free_trial":false,"next_content_id":5945829,"next_content_slug":"5945829-overview","next_content_type":"HtmlItem","display_name":"Text","contentable":1643111,"contentable_id":1643111,"payment_required":false,"draft":false,"is_released":true,"release_date":null,"prerequisite":false,"total_post_count":0,"discussions_enabled":true,"meta_data":null,"expand_enabled":false,"lesson_type_label":null,"lesson_type_icon":null,"default_lesson_type_label":"Text","default_lesson_type_icon":"text","under_construction":false},{"id":5945829,"position":0,"chapter_id":1637365,"name":"Overview","contentable_type":"HtmlItem","slug":"5945829-overview","is_free_trial":false,"next_content_id":5973201,"next_content_slug":"5973201-block-vs-skill-vs-game","next_content_type":"Lesson","display_name":"Text","contentable":1622301,"contentable_id":1622301,"payment_required":false,"draft":false,"is_released":true,"release_date":null,"prerequisite":false,"total_post_count":0,"discussions_enabled":true,"meta_data":null,"expand_enabled":false,"lesson_type_label":null,"lesson_type_icon":null,"default_lesson_type_label":"Text","default_lesson_type_icon":"text","under_construction":false},{"id":5973201,"position":1,"chapter_id":1637365,"name":"Block Vs Skill Vs Game","contentable_type":"Lesson","slug":"5973201-block-vs-skill-vs-game","is_free_trial":false,"next_content_id":5945830,"next_content_slug":"5945830-identifying-your-ball-pattern","next_content_type":"Lesson","display_name":"Video","contentable":2076023,"contentable_id":2076023,"payment_required":false,"draft":false,"is_released":true,"release_date":null,"prerequisite":false,"total_post_count":0,"discussions_enabled":true,"meta_data":{"duration_in_seconds":204},"expand_enabled":false,"lesson_type_label":null,"lesson_type_icon":null,"default_lesson_type_label":"Video","default_lesson_type_icon":"video","under_construction":false},{"id":5945830,"position":2,"chapter_id":1637365,"name":"Identifying Your Ball Pattern","contentable_type":"Lesson","slug":"5945830-identifying-your-ball-pattern","is_free_trial":false,"next_content_id":5973194,"next_content_slug":"5973194-driver-ball-pattern","next_content_type":"Lesson","display_name":"Video","contentable":2065223,"contentable_id":2065223,"payment_required":false,"draft":false,"is_released":true,"release_date":null,"prerequisite":false,"total_post_count":0,"discussions_enabled":true,"meta_data":{"duration_in_seconds":322},"expand_enabled":false,"lesson_type_label":null,"lesson_type_icon":null,"default_lesson_type_label":"Video","default_lesson_type_icon":"video","under_construction":false},{"id":5973194,"position":3,"chapter_id":1637365,"name":"Driver Ball Pattern","contentable_type":"Lesson","slug":"5973194-driver-ball-pattern","is_free_trial":false,"next_content_id":5973196,"next_content_slug":"5973196-mechanic-priorities-for-block-practice","next_content_type":"Lesson","display_name":"Video","contentable":2076020,"contentable_id":2076020,"payment_required":false,"draft":false,"is_released":true,"release_date":null,"prerequisite":false,"total_post_count":0,"discussions_enabled":true,"meta_data":{"duration_in_seconds":247},"expand_enabled":false,"lesson_type_label":null,"lesson_type_icon":null,"default_lesson_type_label":"Video","default_lesson_type_icon":"video","under_construction":false},{"id":5973196,"position":4,"chapter_id":1637365,"name":"Mechanic Priorities For Block Practice","contentable_type":"Lesson","slug":"5973196-mechanic-priorities-for-block-practice","is_free_trial":false,"next_content_id":5945831,"next_content_slug":"5945831-scoring-shots-and-wedges","next_content_type":"HtmlItem","display_name":"Video","contentable":2076021,"contentable_id":2076021,"payment_required":false,"draft":false,"is_released":true,"release_date":null,"prerequisite":false,"total_post_count":0,"discussions_enabled":true,"meta_data":{"duration_in_seconds":148},"expand_enabled":false,"lesson_type_label":null,"lesson_type_icon":null,"default_lesson_type_label":"Video","default_lesson_type_icon":"video","under_construction":false},{"id":5945831,"position":0,"chapter_id":1637366,"name":"Scoring Shots and Wedges","contentable_type":"HtmlItem","slug":"5945831-scoring-shots-and-wedges","is_free_trial":false,"next_content_id":5945832,"next_content_slug":"5945832-building-a-wedge-system","next_content_type":"Lesson","display_name":"Text","contentable":1622302,"contentable_id":1622302,"payment_required":false,"draft":false,"is_released":true,"release_date":null,"prerequisite":false,"total_post_count":0,"discussions_enabled":true,"meta_data":null,"expand_enabled":false,"lesson_type_label":null,"lesson_type_icon":null,"default_lesson_type_label":"Text","default_lesson_type_icon":"text","under_construction":false},{"id":5945832,"position":1,"chapter_id":1637366,"name":"Building A Wedge System","contentable_type":"Lesson","slug":"5945832-building-a-wedge-system","is_free_trial":false,"next_content_id":5945833,"next_content_slug":"5945833-practicing-scoring-opportunities","next_content_type":"Lesson","display_name":"Video","contentable":2065224,"contentable_id":2065224,"payment_required":false,"draft":false,"is_released":true,"release_date":null,"prerequisite":false,"total_post_count":0,"discussions_enabled":true,"meta_data":{"duration_in_seconds":577},"expand_enabled":false,"lesson_type_label":null,"lesson_type_icon":null,"default_lesson_type_label":"Video","default_lesson_type_icon":"video","under_construction":false},{"id":5945833,"position":2,"chapter_id":1637366,"name":"Practicing Scoring Opportunities","contentable_type":"Lesson","slug":"5945833-practicing-scoring-opportunities","is_free_trial":false,"next_content_id":5945835,"next_content_slug":"5945835-building-a-functional-short-game","next_content_type":"HtmlItem","display_name":"Video","contentable":2065225,"contentable_id":2065225,"payment_required":false,"draft":false,"is_released":true,"release_date":null,"prerequisite":false,"total_post_count":0,"discussions_enabled":true,"meta_data":{"duration_in_seconds":247},"expand_enabled":false,"lesson_type_label":null,"lesson_type_icon":null,"default_lesson_type_label":"Video","default_lesson_type_icon":"video","under_construction":false},{"id":5945835,"position":0,"chapter_id":1637367,"name":"Building A Functional Short Game","contentable_type":"HtmlItem","slug":"5945835-building-a-functional-short-game","is_free_trial":false,"next_content_id":5945836,"next_content_slug":"5945836-using-the-bounce","next_content_type":"Lesson","display_name":"Text","contentable":1622303,"contentable_id":1622303,"payment_required":false,"draft":false,"is_released":true,"release_date":null,"prerequisite":false,"total_post_count":0,"discussions_enabled":true,"meta_data":null,"expand_enabled":false,"lesson_type_label":null,"lesson_type_icon":null,"default_lesson_type_label":"Text","default_lesson_type_icon":"text","under_construction":false},{"id":5945836,"position":1,"chapter_id":1637367,"name":"Using The Bounce","contentable_type":"Lesson","slug":"5945836-using-the-bounce","is_free_trial":false,"next_content_id":5945837,"next_content_slug":"5945837-chipping-trajectories","next_content_type":"Lesson","display_name":"Video","contentable":2065226,"contentable_id":2065226,"payment_required":false,"draft":false,"is_released":true,"release_date":null,"prerequisite":false,"total_post_count":0,"discussions_enabled":true,"meta_data":{"duration_in_seconds":416},"expand_enabled":false,"lesson_type_label":null,"lesson_type_icon":null,"default_lesson_type_label":"Video","default_lesson_type_icon":"video","under_construction":false},{"id":5945837,"position":2,"chapter_id":1637367,"name":"Chipping Trajectories","contentable_type":"Lesson","slug":"5945837-chipping-trajectories","is_free_trial":false,"next_content_id":5973230,"next_content_slug":"5973230-chipping-landing-zones","next_content_type":"Lesson","display_name":"Video","contentable":2065227,"contentable_id":2065227,"payment_required":false,"draft":false,"is_released":true,"release_date":null,"prerequisite":false,"total_post_count":0,"discussions_enabled":true,"meta_data":{"duration_in_seconds":264},"expand_enabled":false,"lesson_type_label":null,"lesson_type_icon":null,"default_lesson_type_label":"Video","default_lesson_type_icon":"video","under_construction":false},{"id":5973230,"position":3,"chapter_id":1637367,"name":"Chipping Landing Zones","contentable_type":"Lesson","slug":"5973230-chipping-landing-zones","is_free_trial":false,"next_content_id":6035001,"next_content_slug":"6035001-putting-consistency","next_content_type":"HtmlItem","display_name":"Video","contentable":2076026,"contentable_id":2076026,"payment_required":false,"draft":false,"is_released":true,"release_date":null,"prerequisite":false,"total_post_count":0,"discussions_enabled":true,"meta_data":{"duration_in_seconds":376},"expand_enabled":false,"lesson_type_label":null,"lesson_type_icon":null,"default_lesson_type_label":"Video","default_lesson_type_icon":"video","under_construction":false},{"id":6035001,"position":0,"chapter_id":1637368,"name":"Putting Consistency","contentable_type":"HtmlItem","slug":"6035001-putting-consistency","is_free_trial":false,"next_content_id":5945840,"next_content_slug":"5945840-speed-control-practice","next_content_type":"Lesson","display_name":"Text","contentable":1643197,"contentable_id":1643197,"payment_required":false,"draft":false,"is_released":true,"release_date":null,"prerequisite":false,"total_post_count":0,"discussions_enabled":true,"meta_data":null,"expand_enabled":false,"lesson_type_label":null,"lesson_type_icon":null,"default_lesson_type_label":"Text","default_lesson_type_icon":"text","under_construction":false},{"id":5945840,"position":2,"chapter_id":1637368,"name":"Speed Control Practice","contentable_type":"Lesson","slug":"5945840-speed-control-practice","is_free_trial":false,"next_content_id":5945841,"next_content_slug":"5945841-start-line-practice","next_content_type":"Lesson","display_name":"Video","contentable":2065228,"contentable_id":2065228,"payment_required":false,"draft":false,"is_released":true,"release_date":null,"prerequisite":false,"total_post_count":0,"discussions_enabled":true,"meta_data":{"duration_in_seconds":468},"expand_enabled":false,"lesson_type_label":null,"lesson_type_icon":null,"default_lesson_type_label":"Video","default_lesson_type_icon":"video","under_construction":false},{"id":5945841,"position":3,"chapter_id":1637368,"name":"Start Line Practice","contentable_type":"Lesson","slug":"5945841-start-line-practice","is_free_trial":false,"next_content_id":5945843,"next_content_slug":"5945843-accuracy-and-consistency-practice","next_content_type":"HtmlItem","display_name":"Video","contentable":2065229,"contentable_id":2065229,"payment_required":false,"draft":false,"is_released":true,"release_date":null,"prerequisite":false,"total_post_count":0,"discussions_enabled":true,"meta_data":{"duration_in_seconds":324},"expand_enabled":false,"lesson_type_label":null,"lesson_type_icon":null,"default_lesson_type_label":"Video","default_lesson_type_icon":"video","under_construction":false},{"id":5945843,"position":0,"chapter_id":1637369,"name":"Accuracy and Consistency Practice","contentable_type":"HtmlItem","slug":"5945843-accuracy-and-consistency-practice","is_free_trial":false,"next_content_id":5945844,"next_content_slug":"5945844-direction-control-draw","next_content_type":"Lesson","display_name":"Text","contentable":1622305,"contentable_id":1622305,"payment_required":false,"draft":false,"is_released":true,"release_date":null,"prerequisite":false,"total_post_count":0,"discussions_enabled":true,"meta_data":null,"expand_enabled":false,"lesson_type_label":null,"lesson_type_icon":null,"default_lesson_type_label":"Text","default_lesson_type_icon":"text","under_construction":false},{"id":5945844,"position":1,"chapter_id":1637369,"name":"Direction Control: Draw","contentable_type":"Lesson","slug":"5945844-direction-control-draw","is_free_trial":false,"next_content_id":5945845,"next_content_slug":"5945845-direction-control-fade","next_content_type":"Lesson","display_name":"Video","contentable":2065230,"contentable_id":2065230,"payment_required":false,"draft":false,"is_released":true,"release_date":null,"prerequisite":false,"total_post_count":0,"discussions_enabled":true,"meta_data":{"duration_in_seconds":393},"expand_enabled":false,"lesson_type_label":null,"lesson_type_icon":null,"default_lesson_type_label":"Video","default_lesson_type_icon":"video","under_construction":false},{"id":5945845,"position":2,"chapter_id":1637369,"name":"Direction Control: Fade","contentable_type":"Lesson","slug":"5945845-direction-control-fade","is_free_trial":false,"next_content_id":5973355,"next_content_slug":"5973355-direction-control-advanced-skills","next_content_type":"Lesson","display_name":"Video","contentable":2065231,"contentable_id":2065231,"payment_required":false,"draft":false,"is_released":true,"release_date":null,"prerequisite":false,"total_post_count":0,"discussions_enabled":true,"meta_data":{"duration_in_seconds":334},"expand_enabled":false,"lesson_type_label":null,"lesson_type_icon":null,"default_lesson_type_label":"Video","default_lesson_type_icon":"video","under_construction":false},{"id":5973355,"position":5,"chapter_id":1637369,"name":"Direction Control: Advanced Skills","contentable_type":"Lesson","slug":"5973355-direction-control-advanced-skills","is_free_trial":false,"next_content_id":5973373,"next_content_slug":"5973373-driving-accuracy","next_content_type":"Lesson","display_name":"Video","contentable":2076036,"contentable_id":2076036,"payment_required":false,"draft":false,"is_released":true,"release_date":null,"prerequisite":false,"total_post_count":0,"discussions_enabled":true,"meta_data":{"duration_in_seconds":561},"expand_enabled":false,"lesson_type_label":null,"lesson_type_icon":null,"default_lesson_type_label":"Video","default_lesson_type_icon":"video","under_construction":false},{"id":5973373,"position":6,"chapter_id":1637369,"name":"Driving Accuracy","contentable_type":"Lesson","slug":"5973373-driving-accuracy","is_free_trial":false,"next_content_id":6035045,"next_content_slug":"6035045-course-management","next_content_type":"HtmlItem","display_name":"Video","contentable":2076045,"contentable_id":2076045,"payment_required":false,"draft":false,"is_released":true,"release_date":null,"prerequisite":false,"total_post_count":0,"discussions_enabled":true,"meta_data":{"duration_in_seconds":648},"expand_enabled":false,"lesson_type_label":null,"lesson_type_icon":null,"default_lesson_type_label":"Video","default_lesson_type_icon":"video","under_construction":false},{"id":6035045,"position":0,"chapter_id":1643942,"name":"Course Management","contentable_type":"HtmlItem","slug":"6035045-course-management","is_free_trial":false,"next_content_id":5973423,"next_content_slug":"5973423-pre-shot-musts","next_content_type":"Lesson","display_name":"Text","contentable":1643211,"contentable_id":1643211,"payment_required":false,"draft":false,"is_released":true,"release_date":null,"prerequisite":false,"total_post_count":0,"discussions_enabled":false,"meta_data":null,"expand_enabled":false,"lesson_type_label":null,"lesson_type_icon":null,"default_lesson_type_label":"Text","default_lesson_type_icon":"text","under_construction":false},{"id":5973423,"position":1,"chapter_id":1643942,"name":"Pre-Shot Musts","contentable_type":"Lesson","slug":"5973423-pre-shot-musts","is_free_trial":false,"next_content_id":5973428,"next_content_slug":"5973428-approach-shot-factors","next_content_type":"Lesson","display_name":"Video","contentable":2076091,"contentable_id":2076091,"payment_required":false,"draft":false,"is_released":true,"release_date":null,"prerequisite":false,"total_post_count":0,"discussions_enabled":true,"meta_data":{"duration_in_seconds":218},"expand_enabled":false,"lesson_type_label":null,"lesson_type_icon":null,"default_lesson_type_label":"Video","default_lesson_type_icon":"video","under_construction":false},{"id":5973428,"position":2,"chapter_id":1643942,"name":"Approach Shot Factors","contentable_type":"Lesson","slug":"5973428-approach-shot-factors","is_free_trial":false,"next_content_id":5973431,"next_content_slug":"5973431-chipping-factors","next_content_type":"Lesson","display_name":"Video","contentable":2076093,"contentable_id":2076093,"payment_required":false,"draft":false,"is_released":true,"release_date":null,"prerequisite":false,"total_post_count":0,"discussions_enabled":true,"meta_data":{"duration_in_seconds":259},"expand_enabled":false,"lesson_type_label":null,"lesson_type_icon":null,"default_lesson_type_label":"Video","default_lesson_type_icon":"video","under_construction":false},{"id":5973431,"position":3,"chapter_id":1643942,"name":"Chipping Factors","contentable_type":"Lesson","slug":"5973431-chipping-factors","is_free_trial":false,"next_content_id":5973430,"next_content_slug":"5973430-chipping-over-bunker-scenario","next_content_type":"Lesson","display_name":"Video","contentable":2076096,"contentable_id":2076096,"payment_required":false,"draft":false,"is_released":true,"release_date":null,"prerequisite":false,"total_post_count":0,"discussions_enabled":true,"meta_data":{"duration_in_seconds":108},"expand_enabled":false,"lesson_type_label":null,"lesson_type_icon":null,"default_lesson_type_label":"Video","default_lesson_type_icon":"video","under_construction":false},{"id":5973430,"position":4,"chapter_id":1643942,"name":"Chipping Over Bunker Scenario","contentable_type":"Lesson","slug":"5973430-chipping-over-bunker-scenario","is_free_trial":false,"next_content_id":null,"next_content_slug":null,"next_content_type":null,"display_name":"Video","contentable":2076095,"contentable_id":2076095,"payment_required":false,"draft":false,"is_released":true,"release_date":null,"prerequisite":false,"total_post_count":0,"discussions_enabled":true,"meta_data":{"duration_in_seconds":177},"expand_enabled":false,"lesson_type_label":null,"lesson_type_icon":null,"default_lesson_type_label":"Video","default_lesson_type_icon":"video","under_construction":false}],"chapters":[{"id":1658021,"name":"Introduction To Breaking 80","position":0,"course_id":402893,"content_ids":[6034747]},{"id":1637365,"name":"Accuracy and Consistency","position":1,"course_id":402893,"content_ids":[5945829,5973201,5945830,5973194,5973196]},{"id":1637366,"name":"Scoring Shots and Wedges","position":2,"course_id":402893,"content_ids":[5945831,5945832,5945833]},{"id":1637367,"name":"Functional Short Game","position":3,"course_id":402893,"content_ids":[5945835,5945836,5945837,5973230]},{"id":1637368,"name":"Putting Consistency","position":4,"course_id":402893,"content_ids":[6035001,5945840,5945841]},{"id":1637369,"name":"Accuracy and Consistency Practice","position":5,"course_id":402893,"content_ids":[5945843,5945844,5945845,5973355,5973373]},{"id":1643942,"name":"Strategy and Course Management","position":6,"course_id":402893,"content_ids":[6035045,5973423,5973428,5973431,5973430]}]}