{"course":{"id":402854,"name":"Steep / Over The Top","slug":"quick-fix-steep-over-top","landing_page_url":"https://www.cogornogolf.com/courses/quick-fix-steep-over-top","checkout_page_url":"https://www.cogornogolf.com/enroll/424919","site_twitter_handle":"","support_email":"service@cogornogolf.com","subdomain":"cogornogolf","product_id":424919,"use_linkedin_profile_certification":false,"completion_page_html":"\u003cdiv class=\"fr-view\"\u003e\u003cp\u003eCongrats on sticking to the process!\u0026nbsp;\u003c/p\u003e\u003c/div\u003e","use_custom_completion_page_html":false,"reviews_enabled":false,"goals_enabled":false,"autoplay_all_videos":true,"require_video_completion":false,"video_completion_percentage":"100","disable_chapter_completed_modal":false,"theme":"course_player_white","primary_color":null,"font":null,"logo":null,"show_logo":true,"disable_text_selection":false,"hide_lesson_type_label_and_icon":false,"hide_lesson_type_icon":false,"is_onboarding_demo_course":false,"social_share_course_completion_overridden":false,"social_share_chapter_completion_overridden":false,"social_share_message":null,"facebook_shared_landing_page_url":"https://www.cogornogolf.com/ttko5","linkedin_shared_landing_page_url":"https://www.cogornogolf.com/82qm7","twitter_shared_landing_page_url":"https://www.cogornogolf.com/iq6pd","shared_landing_page_url":"https://www.cogornogolf.com/q5qx6","chapter_ids":[1637168,1637169,1637170,1637171,1637172]},"contents":[{"id":5945139,"position":0,"chapter_id":1637168,"name":"Overview","contentable_type":"HtmlItem","slug":"5945139-overview","is_free_trial":false,"next_content_id":5945140,"next_content_slug":"5945140-causes-for-steepness-in-transition","next_content_type":"Lesson","display_name":"Text","contentable":1622101,"contentable_id":1622101,"payment_required":false,"draft":false,"is_released":true,"release_date":null,"prerequisite":false,"total_post_count":0,"discussions_enabled":true,"meta_data":null,"expand_enabled":false,"lesson_type_label":null,"lesson_type_icon":null,"default_lesson_type_label":"Text","default_lesson_type_icon":"text","under_construction":false},{"id":5945140,"position":1,"chapter_id":1637168,"name":"Causes For Steepness In Transition","contentable_type":"Lesson","slug":"5945140-causes-for-steepness-in-transition","is_free_trial":false,"next_content_id":5945141,"next_content_slug":"5945141-the-backswing","next_content_type":"HtmlItem","display_name":"Video","contentable":2064921,"contentable_id":2064921,"payment_required":false,"draft":false,"is_released":true,"release_date":null,"prerequisite":false,"total_post_count":0,"discussions_enabled":true,"meta_data":{"duration_in_seconds":243},"expand_enabled":false,"lesson_type_label":null,"lesson_type_icon":null,"default_lesson_type_label":"Video","default_lesson_type_icon":"video","under_construction":false},{"id":5945141,"position":0,"chapter_id":1637169,"name":"The Backswing","contentable_type":"HtmlItem","slug":"5945141-the-backswing","is_free_trial":false,"next_content_id":5945142,"next_content_slug":"5945142-takeaway-keys","next_content_type":"Lesson","display_name":"Text","contentable":1622102,"contentable_id":1622102,"payment_required":false,"draft":false,"is_released":true,"release_date":null,"prerequisite":false,"total_post_count":0,"discussions_enabled":true,"meta_data":null,"expand_enabled":false,"lesson_type_label":null,"lesson_type_icon":null,"default_lesson_type_label":"Text","default_lesson_type_icon":"text","under_construction":false},{"id":5945142,"position":1,"chapter_id":1637169,"name":"Takeaway Keys","contentable_type":"Lesson","slug":"5945142-takeaway-keys","is_free_trial":false,"next_content_id":5945143,"next_content_slug":"5945143-backswing-checkpoints","next_content_type":"Lesson","display_name":"Video","contentable":2064922,"contentable_id":2064922,"payment_required":false,"draft":false,"is_released":true,"release_date":null,"prerequisite":false,"total_post_count":0,"discussions_enabled":true,"meta_data":{"duration_in_seconds":260},"expand_enabled":false,"lesson_type_label":null,"lesson_type_icon":null,"default_lesson_type_label":"Video","default_lesson_type_icon":"video","under_construction":false},{"id":5945143,"position":2,"chapter_id":1637169,"name":"Backswing Checkpoints","contentable_type":"Lesson","slug":"5945143-backswing-checkpoints","is_free_trial":false,"next_content_id":5945144,"next_content_slug":"5945144-check-in","next_content_type":"Survey","display_name":"Video","contentable":2064923,"contentable_id":2064923,"payment_required":false,"draft":false,"is_released":true,"release_date":null,"prerequisite":false,"total_post_count":0,"discussions_enabled":true,"meta_data":{"duration_in_seconds":257},"expand_enabled":false,"lesson_type_label":null,"lesson_type_icon":null,"default_lesson_type_label":"Video","default_lesson_type_icon":"video","under_construction":false},{"id":5945144,"position":3,"chapter_id":1637169,"name":"Check-In","contentable_type":"Survey","slug":"5945144-check-in","is_free_trial":false,"next_content_id":5945145,"next_content_slug":"5945145-phase-2-rotation","next_content_type":"HtmlItem","display_name":"Survey","contentable":246205,"contentable_id":246205,"payment_required":false,"draft":false,"is_released":true,"release_date":null,"prerequisite":false,"total_post_count":0,"discussions_enabled":true,"meta_data":{"question_count":2},"expand_enabled":false,"lesson_type_label":null,"lesson_type_icon":null,"default_lesson_type_label":"Survey","default_lesson_type_icon":"survey","under_construction":false},{"id":5945145,"position":0,"chapter_id":1637170,"name":"PHASE 2: Rotation","contentable_type":"HtmlItem","slug":"5945145-phase-2-rotation","is_free_trial":false,"next_content_id":5945146,"next_content_slug":"5945146-rotation-and-proper-sequence","next_content_type":"Lesson","display_name":"Text","contentable":1622103,"contentable_id":1622103,"payment_required":false,"draft":false,"is_released":true,"release_date":null,"prerequisite":false,"total_post_count":0,"discussions_enabled":true,"meta_data":null,"expand_enabled":false,"lesson_type_label":null,"lesson_type_icon":null,"default_lesson_type_label":"Text","default_lesson_type_icon":"text","under_construction":false},{"id":5945146,"position":1,"chapter_id":1637170,"name":"Rotation and Proper Sequence","contentable_type":"Lesson","slug":"5945146-rotation-and-proper-sequence","is_free_trial":false,"next_content_id":5945147,"next_content_slug":"5945147-hands-on-object-downswing-feel","next_content_type":"Lesson","display_name":"Video","contentable":2064924,"contentable_id":2064924,"payment_required":false,"draft":false,"is_released":true,"release_date":null,"prerequisite":false,"total_post_count":0,"discussions_enabled":true,"meta_data":{"duration_in_seconds":106},"expand_enabled":false,"lesson_type_label":null,"lesson_type_icon":null,"default_lesson_type_label":"Video","default_lesson_type_icon":"video","under_construction":false},{"id":5945147,"position":2,"chapter_id":1637170,"name":"Hands On Object Downswing Feel","contentable_type":"Lesson","slug":"5945147-hands-on-object-downswing-feel","is_free_trial":false,"next_content_id":5945148,"next_content_slug":"5945148-check-in","next_content_type":"Survey","display_name":"Video","contentable":2064925,"contentable_id":2064925,"payment_required":false,"draft":false,"is_released":true,"release_date":null,"prerequisite":false,"total_post_count":0,"discussions_enabled":true,"meta_data":{"duration_in_seconds":62},"expand_enabled":false,"lesson_type_label":null,"lesson_type_icon":null,"default_lesson_type_label":"Video","default_lesson_type_icon":"video","under_construction":false},{"id":5945148,"position":4,"chapter_id":1637170,"name":"Check-In","contentable_type":"Survey","slug":"5945148-check-in","is_free_trial":false,"next_content_id":5945149,"next_content_slug":"5945149-wrist-conditions-in-transition","next_content_type":"HtmlItem","display_name":"Survey","contentable":246206,"contentable_id":246206,"payment_required":false,"draft":false,"is_released":true,"release_date":null,"prerequisite":false,"total_post_count":0,"discussions_enabled":true,"meta_data":{"question_count":2},"expand_enabled":false,"lesson_type_label":null,"lesson_type_icon":null,"default_lesson_type_label":"Survey","default_lesson_type_icon":"survey","under_construction":false},{"id":5945149,"position":0,"chapter_id":1637171,"name":"Wrist Conditions In Transition","contentable_type":"HtmlItem","slug":"5945149-wrist-conditions-in-transition","is_free_trial":false,"next_content_id":5945150,"next_content_slug":"5945150-wrist-conditions","next_content_type":"Lesson","display_name":"Text","contentable":1622105,"contentable_id":1622105,"payment_required":false,"draft":false,"is_released":true,"release_date":null,"prerequisite":false,"total_post_count":0,"discussions_enabled":true,"meta_data":null,"expand_enabled":false,"lesson_type_label":null,"lesson_type_icon":null,"default_lesson_type_label":"Text","default_lesson_type_icon":"text","under_construction":false},{"id":5945150,"position":1,"chapter_id":1637171,"name":"Wrist Conditions","contentable_type":"Lesson","slug":"5945150-wrist-conditions","is_free_trial":false,"next_content_id":5945151,"next_content_slug":"5945151-hanger-drill","next_content_type":"Lesson","display_name":"Video","contentable":2064926,"contentable_id":2064926,"payment_required":false,"draft":false,"is_released":true,"release_date":null,"prerequisite":false,"total_post_count":0,"discussions_enabled":true,"meta_data":{"duration_in_seconds":126},"expand_enabled":false,"lesson_type_label":null,"lesson_type_icon":null,"default_lesson_type_label":"Video","default_lesson_type_icon":"video","under_construction":false},{"id":5945151,"position":3,"chapter_id":1637171,"name":"Hanger Drill","contentable_type":"Lesson","slug":"5945151-hanger-drill","is_free_trial":false,"next_content_id":5945153,"next_content_slug":"5945153-check-in","next_content_type":"Survey","display_name":"Video","contentable":2064927,"contentable_id":2064927,"payment_required":false,"draft":false,"is_released":true,"release_date":null,"prerequisite":false,"total_post_count":0,"discussions_enabled":true,"meta_data":{"duration_in_seconds":85},"expand_enabled":false,"lesson_type_label":null,"lesson_type_icon":null,"default_lesson_type_label":"Video","default_lesson_type_icon":"video","under_construction":false},{"id":5945153,"position":4,"chapter_id":1637171,"name":"Check-In","contentable_type":"Survey","slug":"5945153-check-in","is_free_trial":false,"next_content_id":5945154,"next_content_slug":"5945154-keys-to-shallowing","next_content_type":"HtmlItem","display_name":"Survey","contentable":246207,"contentable_id":246207,"payment_required":false,"draft":false,"is_released":true,"release_date":null,"prerequisite":false,"total_post_count":0,"discussions_enabled":true,"meta_data":{"question_count":2},"expand_enabled":false,"lesson_type_label":null,"lesson_type_icon":null,"default_lesson_type_label":"Survey","default_lesson_type_icon":"survey","under_construction":false},{"id":5945154,"position":0,"chapter_id":1637172,"name":"Keys To Shallowing","contentable_type":"HtmlItem","slug":"5945154-keys-to-shallowing","is_free_trial":false,"next_content_id":5945155,"next_content_slug":"5945155-shallowing-and-path-drill","next_content_type":"Lesson","display_name":"Text","contentable":1622106,"contentable_id":1622106,"payment_required":false,"draft":false,"is_released":true,"release_date":null,"prerequisite":false,"total_post_count":0,"discussions_enabled":true,"meta_data":null,"expand_enabled":false,"lesson_type_label":null,"lesson_type_icon":null,"default_lesson_type_label":"Text","default_lesson_type_icon":"text","under_construction":false},{"id":5945155,"position":1,"chapter_id":1637172,"name":"Shallowing and Path Drill","contentable_type":"Lesson","slug":"5945155-shallowing-and-path-drill","is_free_trial":false,"next_content_id":5945156,"next_content_slug":"5945156-rotation-and-wrist-conditions-drill","next_content_type":"Lesson","display_name":"Video","contentable":2064928,"contentable_id":2064928,"payment_required":false,"draft":false,"is_released":true,"release_date":null,"prerequisite":false,"total_post_count":0,"discussions_enabled":true,"meta_data":{"duration_in_seconds":104},"expand_enabled":false,"lesson_type_label":null,"lesson_type_icon":null,"default_lesson_type_label":"Video","default_lesson_type_icon":"video","under_construction":false},{"id":5945156,"position":2,"chapter_id":1637172,"name":"Rotation and Wrist Conditions Drill","contentable_type":"Lesson","slug":"5945156-rotation-and-wrist-conditions-drill","is_free_trial":false,"next_content_id":5945157,"next_content_slug":"5945157-check-in","next_content_type":"Survey","display_name":"Video","contentable":2064929,"contentable_id":2064929,"payment_required":false,"draft":false,"is_released":true,"release_date":null,"prerequisite":false,"total_post_count":0,"discussions_enabled":true,"meta_data":{"duration_in_seconds":101},"expand_enabled":false,"lesson_type_label":null,"lesson_type_icon":null,"default_lesson_type_label":"Video","default_lesson_type_icon":"video","under_construction":false},{"id":5945157,"position":3,"chapter_id":1637172,"name":"Check-In","contentable_type":"Survey","slug":"5945157-check-in","is_free_trial":false,"next_content_id":null,"next_content_slug":null,"next_content_type":null,"display_name":"Survey","contentable":246208,"contentable_id":246208,"payment_required":false,"draft":false,"is_released":true,"release_date":null,"prerequisite":false,"total_post_count":0,"discussions_enabled":true,"meta_data":{"question_count":3},"expand_enabled":false,"lesson_type_label":null,"lesson_type_icon":null,"default_lesson_type_label":"Survey","default_lesson_type_icon":"survey","under_construction":false}],"chapters":[{"id":1637168,"name":"Root Causes Of Steepness","position":0,"course_id":402854,"content_ids":[5945139,5945140]},{"id":1637169,"name":"PHASE 1: The Backswing","position":1,"course_id":402854,"content_ids":[5945141,5945142,5945143,5945144]},{"id":1637170,"name":"PHASE 2: Rotation","position":2,"course_id":402854,"content_ids":[5945145,5945146,5945147,5945148]},{"id":1637171,"name":"PHASE 3: Wrist Conditions","position":3,"course_id":402854,"content_ids":[5945149,5945150,5945151,5945153]},{"id":1637172,"name":"PHASE 4: Keys To Shallowing","position":4,"course_id":402854,"content_ids":[5945154,5945155,5945156,5945157]}]}