{"course":{"id":402880,"name":"Slice","slug":"quick-fix-slice","landing_page_url":"https://www.cogornogolf.com/courses/quick-fix-slice","checkout_page_url":"https://www.cogornogolf.com/enroll/424945","site_twitter_handle":"","support_email":"service@cogornogolf.com","subdomain":"cogornogolf","product_id":424945,"use_linkedin_profile_certification":false,"completion_page_html":"\u003cdiv class=\"fr-view\"\u003e\u003cp\u003eCongrats on sticking to the process!\u0026nbsp;\u003c/p\u003e\u003c/div\u003e","use_custom_completion_page_html":false,"reviews_enabled":false,"goals_enabled":false,"autoplay_all_videos":true,"require_video_completion":false,"video_completion_percentage":"100","disable_chapter_completed_modal":false,"theme":"course_player_white","primary_color":null,"font":null,"logo":null,"show_logo":true,"disable_text_selection":false,"hide_lesson_type_label_and_icon":false,"hide_lesson_type_icon":false,"is_onboarding_demo_course":false,"social_share_course_completion_overridden":false,"social_share_chapter_completion_overridden":false,"social_share_message":null,"facebook_shared_landing_page_url":"https://www.cogornogolf.com/l8o4d","linkedin_shared_landing_page_url":"https://www.cogornogolf.com/1b3hs","twitter_shared_landing_page_url":"https://www.cogornogolf.com/w8bkz","shared_landing_page_url":"https://www.cogornogolf.com/onb8h","chapter_ids":[1637299,1637300,1637301,1637302,1637303]},"contents":[{"id":5945592,"position":0,"chapter_id":1637299,"name":"Overview","contentable_type":"HtmlItem","slug":"5945592-overview","is_free_trial":false,"next_content_id":5945593,"next_content_slug":"5945593-root-causes","next_content_type":"Lesson","display_name":"Text","contentable":1622236,"contentable_id":1622236,"payment_required":false,"draft":false,"is_released":true,"release_date":null,"prerequisite":false,"total_post_count":0,"discussions_enabled":true,"meta_data":null,"expand_enabled":false,"lesson_type_label":null,"lesson_type_icon":null,"default_lesson_type_label":"Text","default_lesson_type_icon":"text","under_construction":false},{"id":5945593,"position":1,"chapter_id":1637299,"name":"Root Causes","contentable_type":"Lesson","slug":"5945593-root-causes","is_free_trial":false,"next_content_id":5945595,"next_content_slug":"5945595-fixing-a-weak-grip","next_content_type":"Lesson","display_name":"Video","contentable":2065105,"contentable_id":2065105,"payment_required":false,"draft":false,"is_released":true,"release_date":null,"prerequisite":false,"total_post_count":0,"discussions_enabled":true,"meta_data":{"duration_in_seconds":309},"expand_enabled":false,"lesson_type_label":null,"lesson_type_icon":null,"default_lesson_type_label":"Video","default_lesson_type_icon":"video","under_construction":false},{"id":5945595,"position":2,"chapter_id":1637299,"name":"Fixing A Weak Grip","contentable_type":"Lesson","slug":"5945595-fixing-a-weak-grip","is_free_trial":false,"next_content_id":5945594,"next_content_slug":"5945594-backswing-face-control","next_content_type":"HtmlItem","display_name":"Video","contentable":2065106,"contentable_id":2065106,"payment_required":false,"draft":false,"is_released":true,"release_date":null,"prerequisite":false,"total_post_count":0,"discussions_enabled":true,"meta_data":{"duration_in_seconds":332},"expand_enabled":false,"lesson_type_label":null,"lesson_type_icon":null,"default_lesson_type_label":"Video","default_lesson_type_icon":"video","under_construction":false},{"id":5945594,"position":0,"chapter_id":1637300,"name":"Backswing Face Control ","contentable_type":"HtmlItem","slug":"5945594-backswing-face-control","is_free_trial":false,"next_content_id":5945596,"next_content_slug":"5945596-forearm-roll-at-takeaway","next_content_type":"Lesson","display_name":"Text","contentable":1622237,"contentable_id":1622237,"payment_required":false,"draft":false,"is_released":true,"release_date":null,"prerequisite":false,"total_post_count":0,"discussions_enabled":true,"meta_data":null,"expand_enabled":false,"lesson_type_label":null,"lesson_type_icon":null,"default_lesson_type_label":"Text","default_lesson_type_icon":"text","under_construction":false},{"id":5945596,"position":1,"chapter_id":1637300,"name":"Forearm Roll At Takeaway","contentable_type":"Lesson","slug":"5945596-forearm-roll-at-takeaway","is_free_trial":false,"next_content_id":5971453,"next_content_slug":"5971453-forearm-roll-in-backswing","next_content_type":"Lesson","display_name":"Video","contentable":2065107,"contentable_id":2065107,"payment_required":false,"draft":false,"is_released":true,"release_date":null,"prerequisite":false,"total_post_count":0,"discussions_enabled":true,"meta_data":{"duration_in_seconds":260},"expand_enabled":false,"lesson_type_label":null,"lesson_type_icon":null,"default_lesson_type_label":"Video","default_lesson_type_icon":"video","under_construction":false},{"id":5971453,"position":2,"chapter_id":1637300,"name":"Forearm Roll In Backswing","contentable_type":"Lesson","slug":"5971453-forearm-roll-in-backswing","is_free_trial":false,"next_content_id":5945597,"next_content_slug":"5945597-check-in","next_content_type":"Survey","display_name":"Video","contentable":2075366,"contentable_id":2075366,"payment_required":false,"draft":false,"is_released":true,"release_date":null,"prerequisite":false,"total_post_count":6,"discussions_enabled":true,"meta_data":{"duration_in_seconds":54},"expand_enabled":false,"lesson_type_label":null,"lesson_type_icon":null,"default_lesson_type_label":"Video","default_lesson_type_icon":"video","under_construction":false},{"id":5945597,"position":3,"chapter_id":1637300,"name":"Check-In","contentable_type":"Survey","slug":"5945597-check-in","is_free_trial":false,"next_content_id":5945598,"next_content_slug":"5945598-squaring-the-face-at-impact","next_content_type":"HtmlItem","display_name":"Survey","contentable":246262,"contentable_id":246262,"payment_required":false,"draft":false,"is_released":true,"release_date":null,"prerequisite":false,"total_post_count":0,"discussions_enabled":true,"meta_data":{"question_count":2},"expand_enabled":false,"lesson_type_label":null,"lesson_type_icon":null,"default_lesson_type_label":"Survey","default_lesson_type_icon":"survey","under_construction":false},{"id":5945598,"position":0,"chapter_id":1637301,"name":"Squaring The Face At Impact","contentable_type":"HtmlItem","slug":"5945598-squaring-the-face-at-impact","is_free_trial":false,"next_content_id":5945599,"next_content_slug":"5945599-how-to-close-the-face","next_content_type":"Lesson","display_name":"Text","contentable":1622238,"contentable_id":1622238,"payment_required":false,"draft":false,"is_released":true,"release_date":null,"prerequisite":false,"total_post_count":0,"discussions_enabled":true,"meta_data":null,"expand_enabled":false,"lesson_type_label":null,"lesson_type_icon":null,"default_lesson_type_label":"Text","default_lesson_type_icon":"text","under_construction":false},{"id":5945599,"position":1,"chapter_id":1637301,"name":"How To Close The Face","contentable_type":"Lesson","slug":"5945599-how-to-close-the-face","is_free_trial":false,"next_content_id":5945601,"next_content_slug":"5945601-check-in","next_content_type":"Survey","display_name":"Video","contentable":2065108,"contentable_id":2065108,"payment_required":false,"draft":false,"is_released":true,"release_date":null,"prerequisite":false,"total_post_count":0,"discussions_enabled":true,"meta_data":{"duration_in_seconds":164},"expand_enabled":false,"lesson_type_label":null,"lesson_type_icon":null,"default_lesson_type_label":"Video","default_lesson_type_icon":"video","under_construction":false},{"id":5945601,"position":2,"chapter_id":1637301,"name":"Check-In","contentable_type":"Survey","slug":"5945601-check-in","is_free_trial":false,"next_content_id":5945602,"next_content_slug":"5945602-fixing-the-path","next_content_type":"HtmlItem","display_name":"Survey","contentable":246263,"contentable_id":246263,"payment_required":false,"draft":false,"is_released":true,"release_date":null,"prerequisite":false,"total_post_count":0,"discussions_enabled":true,"meta_data":{"question_count":2},"expand_enabled":false,"lesson_type_label":null,"lesson_type_icon":null,"default_lesson_type_label":"Survey","default_lesson_type_icon":"survey","under_construction":false},{"id":5945602,"position":0,"chapter_id":1637302,"name":"Fixing The Path","contentable_type":"HtmlItem","slug":"5945602-fixing-the-path","is_free_trial":false,"next_content_id":5945600,"next_content_slug":"5945600-fixing-the-path","next_content_type":"Lesson","display_name":"Text","contentable":1622239,"contentable_id":1622239,"payment_required":false,"draft":false,"is_released":true,"release_date":null,"prerequisite":false,"total_post_count":0,"discussions_enabled":true,"meta_data":null,"expand_enabled":false,"lesson_type_label":null,"lesson_type_icon":null,"default_lesson_type_label":"Text","default_lesson_type_icon":"text","under_construction":false},{"id":5945600,"position":1,"chapter_id":1637302,"name":"Fixing The Path","contentable_type":"Lesson","slug":"5945600-fixing-the-path","is_free_trial":false,"next_content_id":5945603,"next_content_slug":"5945603-inside-out-path-with-supination","next_content_type":"Lesson","display_name":"Video","contentable":2065109,"contentable_id":2065109,"payment_required":false,"draft":false,"is_released":true,"release_date":null,"prerequisite":false,"total_post_count":0,"discussions_enabled":true,"meta_data":{"duration_in_seconds":158},"expand_enabled":false,"lesson_type_label":null,"lesson_type_icon":null,"default_lesson_type_label":"Video","default_lesson_type_icon":"video","under_construction":false},{"id":5945603,"position":2,"chapter_id":1637302,"name":"Inside Out Path With Supination","contentable_type":"Lesson","slug":"5945603-inside-out-path-with-supination","is_free_trial":false,"next_content_id":5945605,"next_content_slug":"5945605-check-in","next_content_type":"Survey","display_name":"Video","contentable":2065110,"contentable_id":2065110,"payment_required":false,"draft":false,"is_released":true,"release_date":null,"prerequisite":false,"total_post_count":0,"discussions_enabled":true,"meta_data":{"duration_in_seconds":125},"expand_enabled":false,"lesson_type_label":null,"lesson_type_icon":null,"default_lesson_type_label":"Video","default_lesson_type_icon":"video","under_construction":false},{"id":5945605,"position":3,"chapter_id":1637302,"name":"Check-In","contentable_type":"Survey","slug":"5945605-check-in","is_free_trial":false,"next_content_id":5945606,"next_content_slug":"5945606-rotation-rotation-rotation","next_content_type":"HtmlItem","display_name":"Survey","contentable":246264,"contentable_id":246264,"payment_required":false,"draft":false,"is_released":true,"release_date":null,"prerequisite":false,"total_post_count":0,"discussions_enabled":true,"meta_data":{"question_count":2},"expand_enabled":false,"lesson_type_label":null,"lesson_type_icon":null,"default_lesson_type_label":"Survey","default_lesson_type_icon":"survey","under_construction":false},{"id":5945606,"position":0,"chapter_id":1637303,"name":"Rotation, Rotation, Rotation!","contentable_type":"HtmlItem","slug":"5945606-rotation-rotation-rotation","is_free_trial":false,"next_content_id":5945604,"next_content_slug":"5945604-adding-rotation-feels","next_content_type":"Lesson","display_name":"Text","contentable":1622240,"contentable_id":1622240,"payment_required":false,"draft":false,"is_released":true,"release_date":null,"prerequisite":false,"total_post_count":0,"discussions_enabled":true,"meta_data":null,"expand_enabled":false,"lesson_type_label":null,"lesson_type_icon":null,"default_lesson_type_label":"Text","default_lesson_type_icon":"text","under_construction":false},{"id":5945604,"position":1,"chapter_id":1637303,"name":"Adding Rotation Feels","contentable_type":"Lesson","slug":"5945604-adding-rotation-feels","is_free_trial":false,"next_content_id":5945607,"next_content_slug":"5945607-hanger-rotation-drill","next_content_type":"Lesson","display_name":"Video","contentable":2065111,"contentable_id":2065111,"payment_required":false,"draft":false,"is_released":true,"release_date":null,"prerequisite":false,"total_post_count":0,"discussions_enabled":true,"meta_data":{"duration_in_seconds":266},"expand_enabled":false,"lesson_type_label":null,"lesson_type_icon":null,"default_lesson_type_label":"Video","default_lesson_type_icon":"video","under_construction":false},{"id":5945607,"position":2,"chapter_id":1637303,"name":"Hanger Rotation Drill","contentable_type":"Lesson","slug":"5945607-hanger-rotation-drill","is_free_trial":false,"next_content_id":5945609,"next_content_slug":"5945609-check-in","next_content_type":"Survey","display_name":"Video","contentable":2065112,"contentable_id":2065112,"payment_required":false,"draft":false,"is_released":true,"release_date":null,"prerequisite":false,"total_post_count":0,"discussions_enabled":true,"meta_data":{"duration_in_seconds":86},"expand_enabled":false,"lesson_type_label":null,"lesson_type_icon":null,"default_lesson_type_label":"Video","default_lesson_type_icon":"video","under_construction":false},{"id":5945609,"position":4,"chapter_id":1637303,"name":"Check-In","contentable_type":"Survey","slug":"5945609-check-in","is_free_trial":false,"next_content_id":null,"next_content_slug":null,"next_content_type":null,"display_name":"Survey","contentable":246265,"contentable_id":246265,"payment_required":false,"draft":false,"is_released":true,"release_date":null,"prerequisite":false,"total_post_count":0,"discussions_enabled":true,"meta_data":{"question_count":3},"expand_enabled":false,"lesson_type_label":null,"lesson_type_icon":null,"default_lesson_type_label":"Survey","default_lesson_type_icon":"survey","under_construction":false}],"chapters":[{"id":1637299,"name":"Root Causes Of The Slice","position":0,"course_id":402880,"content_ids":[5945592,5945593,5945595]},{"id":1637300,"name":"PHASE 1: Backswing Face Control","position":1,"course_id":402880,"content_ids":[5945594,5945596,5971453,5945597]},{"id":1637301,"name":"PHASE 2: Squaring The Face At Impact","position":2,"course_id":402880,"content_ids":[5945598,5945599,5945601]},{"id":1637302,"name":"PHASE 3: Fixing The Path","position":3,"course_id":402880,"content_ids":[5945602,5945600,5945603,5945605]},{"id":1637303,"name":"PHASE 4: Rotation, Rotation, Rotation!","position":4,"course_id":402880,"content_ids":[5945606,5945604,5945607,5945609]}]}