{"course":{"id":402882,"name":"Pull","slug":"quick-fix-pull","landing_page_url":"https://www.cogornogolf.com/courses/quick-fix-pull","checkout_page_url":"https://www.cogornogolf.com/enroll/424947","site_twitter_handle":"","support_email":"service@cogornogolf.com","subdomain":"cogornogolf","product_id":424947,"use_linkedin_profile_certification":false,"completion_page_html":"\u003cdiv class=\"fr-view\"\u003e\u003cp\u003eCongrats on sticking to the process!\u0026nbsp;\u003c/p\u003e\u003c/div\u003e","use_custom_completion_page_html":false,"reviews_enabled":false,"goals_enabled":false,"autoplay_all_videos":true,"require_video_completion":false,"video_completion_percentage":"100","disable_chapter_completed_modal":false,"theme":"course_player_white","primary_color":null,"font":null,"logo":null,"show_logo":true,"disable_text_selection":false,"hide_lesson_type_label_and_icon":false,"hide_lesson_type_icon":false,"is_onboarding_demo_course":false,"social_share_course_completion_overridden":false,"social_share_chapter_completion_overridden":false,"social_share_message":null,"facebook_shared_landing_page_url":"https://www.cogornogolf.com/aquyx","linkedin_shared_landing_page_url":"https://www.cogornogolf.com/wd9q6","twitter_shared_landing_page_url":"https://www.cogornogolf.com/7946y","shared_landing_page_url":"https://www.cogornogolf.com/soowy","chapter_ids":[1637309,1637310,1637311,1637312]},"contents":[{"id":5945629,"position":0,"chapter_id":1637309,"name":"Overview","contentable_type":"HtmlItem","slug":"5945629-overview","is_free_trial":false,"next_content_id":5945630,"next_content_slug":"5945630-root-causes","next_content_type":"Lesson","display_name":"Text","contentable":1622246,"contentable_id":1622246,"payment_required":false,"draft":false,"is_released":true,"release_date":null,"prerequisite":false,"total_post_count":0,"discussions_enabled":true,"meta_data":null,"expand_enabled":false,"lesson_type_label":null,"lesson_type_icon":null,"default_lesson_type_label":"Text","default_lesson_type_icon":"text","under_construction":false},{"id":5945630,"position":1,"chapter_id":1637309,"name":"Root Causes","contentable_type":"Lesson","slug":"5945630-root-causes","is_free_trial":false,"next_content_id":5945631,"next_content_slug":"5945631-setup-first","next_content_type":"HtmlItem","display_name":"Video","contentable":2065124,"contentable_id":2065124,"payment_required":false,"draft":false,"is_released":true,"release_date":null,"prerequisite":false,"total_post_count":0,"discussions_enabled":true,"meta_data":{"duration_in_seconds":132},"expand_enabled":false,"lesson_type_label":null,"lesson_type_icon":null,"default_lesson_type_label":"Video","default_lesson_type_icon":"video","under_construction":false},{"id":5945631,"position":0,"chapter_id":1637310,"name":"Setup First","contentable_type":"HtmlItem","slug":"5945631-setup-first","is_free_trial":false,"next_content_id":5945632,"next_content_slug":"5945632-root-setup-causes","next_content_type":"Lesson","display_name":"Text","contentable":1622247,"contentable_id":1622247,"payment_required":false,"draft":false,"is_released":true,"release_date":null,"prerequisite":false,"total_post_count":0,"discussions_enabled":true,"meta_data":null,"expand_enabled":false,"lesson_type_label":null,"lesson_type_icon":null,"default_lesson_type_label":"Text","default_lesson_type_icon":"text","under_construction":false},{"id":5945632,"position":1,"chapter_id":1637310,"name":"Root Setup Causes","contentable_type":"Lesson","slug":"5945632-root-setup-causes","is_free_trial":false,"next_content_id":5945633,"next_content_slug":"5945633-correcting-ball-position","next_content_type":"Lesson","display_name":"Video","contentable":2065125,"contentable_id":2065125,"payment_required":false,"draft":false,"is_released":true,"release_date":null,"prerequisite":false,"total_post_count":0,"discussions_enabled":true,"meta_data":{"duration_in_seconds":60},"expand_enabled":false,"lesson_type_label":null,"lesson_type_icon":null,"default_lesson_type_label":"Video","default_lesson_type_icon":"video","under_construction":false},{"id":5945633,"position":2,"chapter_id":1637310,"name":"Correcting Ball Position","contentable_type":"Lesson","slug":"5945633-correcting-ball-position","is_free_trial":false,"next_content_id":5945634,"next_content_slug":"5945634-check-in","next_content_type":"Survey","display_name":"Video","contentable":2065126,"contentable_id":2065126,"payment_required":false,"draft":false,"is_released":true,"release_date":null,"prerequisite":false,"total_post_count":0,"discussions_enabled":true,"meta_data":{"duration_in_seconds":232},"expand_enabled":false,"lesson_type_label":null,"lesson_type_icon":null,"default_lesson_type_label":"Video","default_lesson_type_icon":"video","under_construction":false},{"id":5945634,"position":3,"chapter_id":1637310,"name":"Check-In","contentable_type":"Survey","slug":"5945634-check-in","is_free_trial":false,"next_content_id":5945635,"next_content_slug":"5945635-addressing-the-path","next_content_type":"HtmlItem","display_name":"Survey","contentable":246270,"contentable_id":246270,"payment_required":false,"draft":false,"is_released":true,"release_date":null,"prerequisite":false,"total_post_count":0,"discussions_enabled":true,"meta_data":{"question_count":2},"expand_enabled":false,"lesson_type_label":null,"lesson_type_icon":null,"default_lesson_type_label":"Survey","default_lesson_type_icon":"survey","under_construction":false},{"id":5945635,"position":0,"chapter_id":1637311,"name":"Addressing The Path","contentable_type":"HtmlItem","slug":"5945635-addressing-the-path","is_free_trial":false,"next_content_id":5945636,"next_content_slug":"5945636-addressing-the-path","next_content_type":"Lesson","display_name":"Text","contentable":1622248,"contentable_id":1622248,"payment_required":false,"draft":false,"is_released":true,"release_date":null,"prerequisite":false,"total_post_count":0,"discussions_enabled":true,"meta_data":null,"expand_enabled":false,"lesson_type_label":null,"lesson_type_icon":null,"default_lesson_type_label":"Text","default_lesson_type_icon":"text","under_construction":false},{"id":5945636,"position":1,"chapter_id":1637311,"name":"Addressing The Path","contentable_type":"Lesson","slug":"5945636-addressing-the-path","is_free_trial":false,"next_content_id":5945637,"next_content_slug":"5945637-path-drill-2","next_content_type":"Lesson","display_name":"Video","contentable":2065127,"contentable_id":2065127,"payment_required":false,"draft":false,"is_released":true,"release_date":null,"prerequisite":false,"total_post_count":0,"discussions_enabled":true,"meta_data":{"duration_in_seconds":152},"expand_enabled":false,"lesson_type_label":null,"lesson_type_icon":null,"default_lesson_type_label":"Video","default_lesson_type_icon":"video","under_construction":false},{"id":5945637,"position":2,"chapter_id":1637311,"name":"Path Drill #2","contentable_type":"Lesson","slug":"5945637-path-drill-2","is_free_trial":false,"next_content_id":5966697,"next_content_slug":"5966697-path-drill-3","next_content_type":"Lesson","display_name":"Video","contentable":2065128,"contentable_id":2065128,"payment_required":false,"draft":false,"is_released":true,"release_date":null,"prerequisite":false,"total_post_count":0,"discussions_enabled":true,"meta_data":{"duration_in_seconds":143},"expand_enabled":false,"lesson_type_label":null,"lesson_type_icon":null,"default_lesson_type_label":"Video","default_lesson_type_icon":"video","under_construction":false},{"id":5966697,"position":3,"chapter_id":1637311,"name":"Path Drill #3","contentable_type":"Lesson","slug":"5966697-path-drill-3","is_free_trial":false,"next_content_id":5945638,"next_content_slug":"5945638-check-in","next_content_type":"Survey","display_name":"Video","contentable":2073541,"contentable_id":2073541,"payment_required":false,"draft":false,"is_released":true,"release_date":null,"prerequisite":false,"total_post_count":0,"discussions_enabled":true,"meta_data":{"duration_in_seconds":102},"expand_enabled":false,"lesson_type_label":null,"lesson_type_icon":null,"default_lesson_type_label":"Video","default_lesson_type_icon":"video","under_construction":false},{"id":5945638,"position":4,"chapter_id":1637311,"name":"Check-In","contentable_type":"Survey","slug":"5945638-check-in","is_free_trial":false,"next_content_id":5945639,"next_content_slug":"5945639-supination-vs-shutting-the-face","next_content_type":"HtmlItem","display_name":"Survey","contentable":246271,"contentable_id":246271,"payment_required":false,"draft":false,"is_released":true,"release_date":null,"prerequisite":false,"total_post_count":0,"discussions_enabled":true,"meta_data":{"question_count":2},"expand_enabled":false,"lesson_type_label":null,"lesson_type_icon":null,"default_lesson_type_label":"Survey","default_lesson_type_icon":"survey","under_construction":false},{"id":5945639,"position":0,"chapter_id":1637312,"name":"Supination Vs Shutting The Face","contentable_type":"HtmlItem","slug":"5945639-supination-vs-shutting-the-face","is_free_trial":false,"next_content_id":5945640,"next_content_slug":"5945640-introducing-supination","next_content_type":"Lesson","display_name":"Text","contentable":1622249,"contentable_id":1622249,"payment_required":false,"draft":false,"is_released":true,"release_date":null,"prerequisite":false,"total_post_count":0,"discussions_enabled":true,"meta_data":null,"expand_enabled":false,"lesson_type_label":null,"lesson_type_icon":null,"default_lesson_type_label":"Text","default_lesson_type_icon":"text","under_construction":false},{"id":5945640,"position":1,"chapter_id":1637312,"name":"Introducing Supination","contentable_type":"Lesson","slug":"5945640-introducing-supination","is_free_trial":false,"next_content_id":5945641,"next_content_slug":"5945641-maintenance-drill","next_content_type":"Lesson","display_name":"Video","contentable":2065129,"contentable_id":2065129,"payment_required":false,"draft":false,"is_released":true,"release_date":null,"prerequisite":false,"total_post_count":0,"discussions_enabled":true,"meta_data":{"duration_in_seconds":334},"expand_enabled":false,"lesson_type_label":null,"lesson_type_icon":null,"default_lesson_type_label":"Video","default_lesson_type_icon":"video","under_construction":false},{"id":5945641,"position":2,"chapter_id":1637312,"name":"Maintenance Drill","contentable_type":"Lesson","slug":"5945641-maintenance-drill","is_free_trial":false,"next_content_id":5945642,"next_content_slug":"5945642-check-in","next_content_type":"Survey","display_name":"Video","contentable":2065130,"contentable_id":2065130,"payment_required":false,"draft":false,"is_released":true,"release_date":null,"prerequisite":false,"total_post_count":0,"discussions_enabled":true,"meta_data":{"duration_in_seconds":125},"expand_enabled":false,"lesson_type_label":null,"lesson_type_icon":null,"default_lesson_type_label":"Video","default_lesson_type_icon":"video","under_construction":false},{"id":5945642,"position":3,"chapter_id":1637312,"name":"Check-In","contentable_type":"Survey","slug":"5945642-check-in","is_free_trial":false,"next_content_id":null,"next_content_slug":null,"next_content_type":null,"display_name":"Survey","contentable":246272,"contentable_id":246272,"payment_required":false,"draft":false,"is_released":true,"release_date":null,"prerequisite":false,"total_post_count":0,"discussions_enabled":true,"meta_data":{"question_count":3},"expand_enabled":false,"lesson_type_label":null,"lesson_type_icon":null,"default_lesson_type_label":"Survey","default_lesson_type_icon":"survey","under_construction":false}],"chapters":[{"id":1637309,"name":"Root Causes Of The Pull","position":0,"course_id":402882,"content_ids":[5945629,5945630]},{"id":1637310,"name":"PHASE 1: Setup First","position":1,"course_id":402882,"content_ids":[5945631,5945632,5945633,5945634]},{"id":1637311,"name":"PHASE 2: Addressing The Path","position":2,"course_id":402882,"content_ids":[5945635,5945636,5945637,5966697,5945638]},{"id":1637312,"name":"PHASE 3: Supination Vs Shutting The Face","position":3,"course_id":402882,"content_ids":[5945639,5945640,5945641,5945642]}]}