{"course":{"id":402878,"name":"Eric's Swing Model","slug":"quick-fix-swing-model","landing_page_url":"https://www.cogornogolf.com/courses/quick-fix-swing-model","checkout_page_url":"https://www.cogornogolf.com/enroll/424943","site_twitter_handle":"","support_email":"service@cogornogolf.com","subdomain":"cogornogolf","product_id":424943,"use_linkedin_profile_certification":false,"completion_page_html":"\u003cdiv class=\"fr-view\"\u003e\u003cp\u003eCongrats on sticking to the process!\u0026nbsp;\u003c/p\u003e\u003c/div\u003e","use_custom_completion_page_html":false,"reviews_enabled":false,"goals_enabled":false,"autoplay_all_videos":true,"require_video_completion":false,"video_completion_percentage":"100","disable_chapter_completed_modal":false,"theme":"course_player_white","primary_color":null,"font":null,"logo":null,"show_logo":true,"disable_text_selection":false,"hide_lesson_type_label_and_icon":false,"hide_lesson_type_icon":false,"is_onboarding_demo_course":false,"social_share_course_completion_overridden":false,"social_share_chapter_completion_overridden":false,"social_share_message":null,"facebook_shared_landing_page_url":"https://www.cogornogolf.com/6imhq","linkedin_shared_landing_page_url":"https://www.cogornogolf.com/ex4p1","twitter_shared_landing_page_url":"https://www.cogornogolf.com/gf8rb","shared_landing_page_url":"https://www.cogornogolf.com/jaing","chapter_ids":[1637289,1637290,1637291,1637292,1637293]},"contents":[{"id":5945555,"position":0,"chapter_id":1637289,"name":"Overview","contentable_type":"HtmlItem","slug":"5945555-overview","is_free_trial":false,"next_content_id":5945556,"next_content_slug":"5945556-how-to-practice-mechanics","next_content_type":"Lesson","display_name":"Text","contentable":1622226,"contentable_id":1622226,"payment_required":false,"draft":false,"is_released":true,"release_date":null,"prerequisite":false,"total_post_count":0,"discussions_enabled":true,"meta_data":null,"expand_enabled":false,"lesson_type_label":null,"lesson_type_icon":null,"default_lesson_type_label":"Text","default_lesson_type_icon":"text","under_construction":false},{"id":5945556,"position":1,"chapter_id":1637289,"name":"How To Practice Mechanics","contentable_type":"Lesson","slug":"5945556-how-to-practice-mechanics","is_free_trial":false,"next_content_id":6024917,"next_content_slug":"6024917-range-session-1-the-setup","next_content_type":"HtmlItem","display_name":"Video","contentable":2065087,"contentable_id":2065087,"payment_required":false,"draft":false,"is_released":true,"release_date":null,"prerequisite":false,"total_post_count":0,"discussions_enabled":true,"meta_data":{"duration_in_seconds":396},"expand_enabled":false,"lesson_type_label":null,"lesson_type_icon":null,"default_lesson_type_label":"Video","default_lesson_type_icon":"video","under_construction":false},{"id":6024917,"position":2,"chapter_id":1637289,"name":"Range Session 1: The Setup","contentable_type":"HtmlItem","slug":"6024917-range-session-1-the-setup","is_free_trial":false,"next_content_id":5972583,"next_content_slug":"5972583-setup-face-on-view","next_content_type":"Lesson","display_name":"Text","contentable":1640938,"contentable_id":1640938,"payment_required":false,"draft":false,"is_released":true,"release_date":null,"prerequisite":false,"total_post_count":0,"discussions_enabled":true,"meta_data":null,"expand_enabled":false,"lesson_type_label":null,"lesson_type_icon":null,"default_lesson_type_label":"Text","default_lesson_type_icon":"text","under_construction":false},{"id":5972583,"position":3,"chapter_id":1637289,"name":"Setup: Face On View","contentable_type":"Lesson","slug":"5972583-setup-face-on-view","is_free_trial":false,"next_content_id":5972589,"next_content_slug":"5972589-setup-down-the-line","next_content_type":"Lesson","display_name":"Video","contentable":2075773,"contentable_id":2075773,"payment_required":false,"draft":false,"is_released":true,"release_date":null,"prerequisite":false,"total_post_count":0,"discussions_enabled":true,"meta_data":{"duration_in_seconds":390},"expand_enabled":false,"lesson_type_label":null,"lesson_type_icon":null,"default_lesson_type_label":"Video","default_lesson_type_icon":"video","under_construction":false},{"id":5972589,"position":4,"chapter_id":1637289,"name":"Setup: Down The Line","contentable_type":"Lesson","slug":"5972589-setup-down-the-line","is_free_trial":false,"next_content_id":5972593,"next_content_slug":"5972593-setup-faults-and-fixes","next_content_type":"Lesson","display_name":"Video","contentable":2075778,"contentable_id":2075778,"payment_required":false,"draft":false,"is_released":true,"release_date":null,"prerequisite":false,"total_post_count":0,"discussions_enabled":true,"meta_data":{"duration_in_seconds":309},"expand_enabled":false,"lesson_type_label":null,"lesson_type_icon":null,"default_lesson_type_label":"Video","default_lesson_type_icon":"video","under_construction":false},{"id":5972593,"position":5,"chapter_id":1637289,"name":"Setup: Faults and Fixes","contentable_type":"Lesson","slug":"5972593-setup-faults-and-fixes","is_free_trial":false,"next_content_id":5972596,"next_content_slug":"5972596-correcting-a-weak-grip","next_content_type":"Lesson","display_name":"Video","contentable":2075779,"contentable_id":2075779,"payment_required":false,"draft":false,"is_released":true,"release_date":null,"prerequisite":false,"total_post_count":0,"discussions_enabled":true,"meta_data":{"duration_in_seconds":355},"expand_enabled":false,"lesson_type_label":null,"lesson_type_icon":null,"default_lesson_type_label":"Video","default_lesson_type_icon":"video","under_construction":false},{"id":5972596,"position":6,"chapter_id":1637289,"name":"Correcting A Weak Grip","contentable_type":"Lesson","slug":"5972596-correcting-a-weak-grip","is_free_trial":false,"next_content_id":5972598,"next_content_slug":"5972598-correcting-a-strong-grip","next_content_type":"Lesson","display_name":"Video","contentable":2075781,"contentable_id":2075781,"payment_required":false,"draft":false,"is_released":true,"release_date":null,"prerequisite":false,"total_post_count":0,"discussions_enabled":true,"meta_data":{"duration_in_seconds":337},"expand_enabled":false,"lesson_type_label":null,"lesson_type_icon":null,"default_lesson_type_label":"Video","default_lesson_type_icon":"video","under_construction":false},{"id":5972598,"position":7,"chapter_id":1637289,"name":"Correcting A Strong Grip","contentable_type":"Lesson","slug":"5972598-correcting-a-strong-grip","is_free_trial":false,"next_content_id":5972628,"next_content_slug":"5972628-the-takeaway","next_content_type":"Lesson","display_name":"Video","contentable":2075782,"contentable_id":2075782,"payment_required":false,"draft":false,"is_released":true,"release_date":null,"prerequisite":false,"total_post_count":0,"discussions_enabled":true,"meta_data":{"duration_in_seconds":322},"expand_enabled":false,"lesson_type_label":null,"lesson_type_icon":null,"default_lesson_type_label":"Video","default_lesson_type_icon":"video","under_construction":false},{"id":5972628,"position":9,"chapter_id":1637289,"name":"The Takeaway","contentable_type":"Lesson","slug":"5972628-the-takeaway","is_free_trial":false,"next_content_id":5972631,"next_content_slug":"5972631-takeaway-faults-and-fixes","next_content_type":"Lesson","display_name":"Video","contentable":2075788,"contentable_id":2075788,"payment_required":false,"draft":false,"is_released":true,"release_date":null,"prerequisite":false,"total_post_count":0,"discussions_enabled":true,"meta_data":{"duration_in_seconds":407},"expand_enabled":false,"lesson_type_label":null,"lesson_type_icon":null,"default_lesson_type_label":"Video","default_lesson_type_icon":"video","under_construction":false},{"id":5972631,"position":10,"chapter_id":1637289,"name":"Takeaway Faults and Fixes","contentable_type":"Lesson","slug":"5972631-takeaway-faults-and-fixes","is_free_trial":false,"next_content_id":5945557,"next_content_slug":"5945557-range-session-2-the-backswing","next_content_type":"HtmlItem","display_name":"Video","contentable":2075789,"contentable_id":2075789,"payment_required":false,"draft":false,"is_released":true,"release_date":null,"prerequisite":false,"total_post_count":0,"discussions_enabled":true,"meta_data":{"duration_in_seconds":288},"expand_enabled":false,"lesson_type_label":null,"lesson_type_icon":null,"default_lesson_type_label":"Video","default_lesson_type_icon":"video","under_construction":false},{"id":5945557,"position":0,"chapter_id":1637290,"name":"Range Session 2: The Backswing","contentable_type":"HtmlItem","slug":"5945557-range-session-2-the-backswing","is_free_trial":false,"next_content_id":5945558,"next_content_slug":"5945558-backswing-arms-and-hands","next_content_type":"Lesson","display_name":"Text","contentable":1622227,"contentable_id":1622227,"payment_required":false,"draft":false,"is_released":true,"release_date":null,"prerequisite":false,"total_post_count":0,"discussions_enabled":true,"meta_data":null,"expand_enabled":false,"lesson_type_label":null,"lesson_type_icon":null,"default_lesson_type_label":"Text","default_lesson_type_icon":"text","under_construction":false},{"id":5945558,"position":1,"chapter_id":1637290,"name":"Backswing: Arms and Hands","contentable_type":"Lesson","slug":"5945558-backswing-arms-and-hands","is_free_trial":false,"next_content_id":5945559,"next_content_slug":"5945559-backswing-body","next_content_type":"Lesson","display_name":"Video","contentable":2065088,"contentable_id":2065088,"payment_required":false,"draft":false,"is_released":true,"release_date":null,"prerequisite":false,"total_post_count":0,"discussions_enabled":true,"meta_data":{"duration_in_seconds":308},"expand_enabled":false,"lesson_type_label":null,"lesson_type_icon":null,"default_lesson_type_label":"Video","default_lesson_type_icon":"video","under_construction":false},{"id":5945559,"position":2,"chapter_id":1637290,"name":"Backswing: Body","contentable_type":"Lesson","slug":"5945559-backswing-body","is_free_trial":false,"next_content_id":5972678,"next_content_slug":"5972678-backswing-plane-faults-and-fixes","next_content_type":"Lesson","display_name":"Video","contentable":2065089,"contentable_id":2065089,"payment_required":false,"draft":false,"is_released":true,"release_date":null,"prerequisite":false,"total_post_count":0,"discussions_enabled":true,"meta_data":{"duration_in_seconds":345},"expand_enabled":false,"lesson_type_label":null,"lesson_type_icon":null,"default_lesson_type_label":"Video","default_lesson_type_icon":"video","under_construction":false},{"id":5972678,"position":3,"chapter_id":1637290,"name":"Backswing Plane Faults and Fixes","contentable_type":"Lesson","slug":"5972678-backswing-plane-faults-and-fixes","is_free_trial":false,"next_content_id":5945562,"next_content_slug":"5945562-range-session-3-finishing-the-backswing","next_content_type":"HtmlItem","display_name":"Video","contentable":2075806,"contentable_id":2075806,"payment_required":false,"draft":false,"is_released":true,"release_date":null,"prerequisite":false,"total_post_count":0,"discussions_enabled":true,"meta_data":{"duration_in_seconds":321},"expand_enabled":false,"lesson_type_label":null,"lesson_type_icon":null,"default_lesson_type_label":"Video","default_lesson_type_icon":"video","under_construction":false},{"id":5945562,"position":0,"chapter_id":1637291,"name":"Range Session 3: Finishing The Backswing","contentable_type":"HtmlItem","slug":"5945562-range-session-3-finishing-the-backswing","is_free_trial":false,"next_content_id":5945563,"next_content_slug":"5945563-top-of-backswing","next_content_type":"Lesson","display_name":"Text","contentable":1622228,"contentable_id":1622228,"payment_required":false,"draft":false,"is_released":true,"release_date":null,"prerequisite":false,"total_post_count":0,"discussions_enabled":true,"meta_data":null,"expand_enabled":false,"lesson_type_label":null,"lesson_type_icon":null,"default_lesson_type_label":"Text","default_lesson_type_icon":"text","under_construction":false},{"id":5945563,"position":1,"chapter_id":1637291,"name":"Top of Backswing","contentable_type":"Lesson","slug":"5945563-top-of-backswing","is_free_trial":false,"next_content_id":5945564,"next_content_slug":"5945564-getting-more-turn","next_content_type":"Lesson","display_name":"Video","contentable":2065090,"contentable_id":2065090,"payment_required":false,"draft":false,"is_released":true,"release_date":null,"prerequisite":false,"total_post_count":0,"discussions_enabled":true,"meta_data":{"duration_in_seconds":355},"expand_enabled":false,"lesson_type_label":null,"lesson_type_icon":null,"default_lesson_type_label":"Video","default_lesson_type_icon":"video","under_construction":false},{"id":5945564,"position":3,"chapter_id":1637291,"name":"Getting More Turn","contentable_type":"Lesson","slug":"5945564-getting-more-turn","is_free_trial":false,"next_content_id":5972711,"next_content_slug":"5972711-eliminating-the-sway","next_content_type":"Lesson","display_name":"Video","contentable":2065091,"contentable_id":2065091,"payment_required":false,"draft":false,"is_released":true,"release_date":null,"prerequisite":false,"total_post_count":0,"discussions_enabled":true,"meta_data":{"duration_in_seconds":378},"expand_enabled":false,"lesson_type_label":null,"lesson_type_icon":null,"default_lesson_type_label":"Video","default_lesson_type_icon":"video","under_construction":false},{"id":5972711,"position":4,"chapter_id":1637291,"name":"Eliminating The Sway","contentable_type":"Lesson","slug":"5972711-eliminating-the-sway","is_free_trial":false,"next_content_id":5945566,"next_content_slug":"5945566-range-session-4-transition-and-downswing","next_content_type":"HtmlItem","display_name":"Video","contentable":2075818,"contentable_id":2075818,"payment_required":false,"draft":false,"is_released":true,"release_date":null,"prerequisite":false,"total_post_count":0,"discussions_enabled":true,"meta_data":{"duration_in_seconds":369},"expand_enabled":false,"lesson_type_label":null,"lesson_type_icon":null,"default_lesson_type_label":"Video","default_lesson_type_icon":"video","under_construction":false},{"id":5945566,"position":0,"chapter_id":1637292,"name":"Range Session 4: Transition and Downswing","contentable_type":"HtmlItem","slug":"5945566-range-session-4-transition-and-downswing","is_free_trial":false,"next_content_id":5945567,"next_content_slug":"5945567-arms-and-hands-at-transition","next_content_type":"Lesson","display_name":"Text","contentable":1622229,"contentable_id":1622229,"payment_required":false,"draft":false,"is_released":true,"release_date":null,"prerequisite":false,"total_post_count":0,"discussions_enabled":true,"meta_data":null,"expand_enabled":false,"lesson_type_label":null,"lesson_type_icon":null,"default_lesson_type_label":"Text","default_lesson_type_icon":"text","under_construction":false},{"id":5945567,"position":1,"chapter_id":1637292,"name":"Arms and Hands At Transition","contentable_type":"Lesson","slug":"5945567-arms-and-hands-at-transition","is_free_trial":false,"next_content_id":5945568,"next_content_slug":"5945568-wrist-conditions","next_content_type":"Lesson","display_name":"Video","contentable":2065092,"contentable_id":2065092,"payment_required":false,"draft":false,"is_released":true,"release_date":null,"prerequisite":false,"total_post_count":0,"discussions_enabled":true,"meta_data":{"duration_in_seconds":231},"expand_enabled":false,"lesson_type_label":null,"lesson_type_icon":null,"default_lesson_type_label":"Video","default_lesson_type_icon":"video","under_construction":false},{"id":5945568,"position":3,"chapter_id":1637292,"name":"Wrist Conditions","contentable_type":"Lesson","slug":"5945568-wrist-conditions","is_free_trial":false,"next_content_id":5972737,"next_content_slug":"5972737-adding-rotation","next_content_type":"Lesson","display_name":"Video","contentable":2065093,"contentable_id":2065093,"payment_required":false,"draft":false,"is_released":true,"release_date":null,"prerequisite":false,"total_post_count":0,"discussions_enabled":true,"meta_data":{"duration_in_seconds":266},"expand_enabled":false,"lesson_type_label":null,"lesson_type_icon":null,"default_lesson_type_label":"Video","default_lesson_type_icon":"video","under_construction":false},{"id":5972737,"position":5,"chapter_id":1637292,"name":"Adding Rotation","contentable_type":"Lesson","slug":"5972737-adding-rotation","is_free_trial":false,"next_content_id":5972739,"next_content_slug":"5972739-rotation-drill","next_content_type":"Lesson","display_name":"Video","contentable":2075828,"contentable_id":2075828,"payment_required":false,"draft":false,"is_released":true,"release_date":null,"prerequisite":false,"total_post_count":0,"discussions_enabled":true,"meta_data":{"duration_in_seconds":281},"expand_enabled":false,"lesson_type_label":null,"lesson_type_icon":null,"default_lesson_type_label":"Video","default_lesson_type_icon":"video","under_construction":false},{"id":5972739,"position":6,"chapter_id":1637292,"name":"Rotation Drill","contentable_type":"Lesson","slug":"5972739-rotation-drill","is_free_trial":false,"next_content_id":5972756,"next_content_slug":"5972756-bracing-for-impact-arms-and-hands","next_content_type":"Lesson","display_name":"Video","contentable":2075830,"contentable_id":2075830,"payment_required":false,"draft":false,"is_released":true,"release_date":null,"prerequisite":false,"total_post_count":0,"discussions_enabled":true,"meta_data":{"duration_in_seconds":330},"expand_enabled":false,"lesson_type_label":null,"lesson_type_icon":null,"default_lesson_type_label":"Video","default_lesson_type_icon":"video","under_construction":false},{"id":5972756,"position":8,"chapter_id":1637292,"name":"Bracing For Impact: Arms and Hands","contentable_type":"Lesson","slug":"5972756-bracing-for-impact-arms-and-hands","is_free_trial":false,"next_content_id":5972758,"next_content_slug":"5972758-bracing-for-impact-body","next_content_type":"Lesson","display_name":"Video","contentable":2075841,"contentable_id":2075841,"payment_required":false,"draft":false,"is_released":true,"release_date":null,"prerequisite":false,"total_post_count":0,"discussions_enabled":true,"meta_data":{"duration_in_seconds":211},"expand_enabled":false,"lesson_type_label":null,"lesson_type_icon":null,"default_lesson_type_label":"Video","default_lesson_type_icon":"video","under_construction":false},{"id":5972758,"position":9,"chapter_id":1637292,"name":"Bracing For Impact: Body","contentable_type":"Lesson","slug":"5972758-bracing-for-impact-body","is_free_trial":false,"next_content_id":5972765,"next_content_slug":"5972765-pressure-shift-drill","next_content_type":"Lesson","display_name":"Video","contentable":2075843,"contentable_id":2075843,"payment_required":false,"draft":false,"is_released":true,"release_date":null,"prerequisite":false,"total_post_count":0,"discussions_enabled":true,"meta_data":{"duration_in_seconds":187},"expand_enabled":false,"lesson_type_label":null,"lesson_type_icon":null,"default_lesson_type_label":"Video","default_lesson_type_icon":"video","under_construction":false},{"id":5972765,"position":10,"chapter_id":1637292,"name":"Pressure Shift Drill","contentable_type":"Lesson","slug":"5972765-pressure-shift-drill","is_free_trial":false,"next_content_id":5945570,"next_content_slug":"5945570-range-session-5-impact-and-follow-through","next_content_type":"HtmlItem","display_name":"Video","contentable":2075846,"contentable_id":2075846,"payment_required":false,"draft":false,"is_released":true,"release_date":null,"prerequisite":false,"total_post_count":0,"discussions_enabled":true,"meta_data":{"duration_in_seconds":258},"expand_enabled":false,"lesson_type_label":null,"lesson_type_icon":null,"default_lesson_type_label":"Video","default_lesson_type_icon":"video","under_construction":false},{"id":5945570,"position":0,"chapter_id":1637293,"name":"Range Session 5: Impact and Follow Through","contentable_type":"HtmlItem","slug":"5945570-range-session-5-impact-and-follow-through","is_free_trial":false,"next_content_id":5945571,"next_content_slug":"5945571-impact-fixes-body","next_content_type":"Lesson","display_name":"Text","contentable":1622230,"contentable_id":1622230,"payment_required":false,"draft":false,"is_released":true,"release_date":null,"prerequisite":false,"total_post_count":0,"discussions_enabled":true,"meta_data":null,"expand_enabled":false,"lesson_type_label":null,"lesson_type_icon":null,"default_lesson_type_label":"Text","default_lesson_type_icon":"text","under_construction":false},{"id":5945571,"position":1,"chapter_id":1637293,"name":"Impact Fixes: Body","contentable_type":"Lesson","slug":"5945571-impact-fixes-body","is_free_trial":false,"next_content_id":5945572,"next_content_slug":"5945572-impact-fixes-arms-and-hands","next_content_type":"Lesson","display_name":"Video","contentable":2065094,"contentable_id":2065094,"payment_required":false,"draft":false,"is_released":true,"release_date":null,"prerequisite":false,"total_post_count":0,"discussions_enabled":true,"meta_data":{"duration_in_seconds":224},"expand_enabled":false,"lesson_type_label":null,"lesson_type_icon":null,"default_lesson_type_label":"Video","default_lesson_type_icon":"video","under_construction":false},{"id":5945572,"position":2,"chapter_id":1637293,"name":"Impact Fixes: Arms and Hands","contentable_type":"Lesson","slug":"5945572-impact-fixes-arms-and-hands","is_free_trial":false,"next_content_id":5972793,"next_content_slug":"5972793-follow-through-fixes","next_content_type":"Lesson","display_name":"Video","contentable":2065095,"contentable_id":2065095,"payment_required":false,"draft":false,"is_released":true,"release_date":null,"prerequisite":false,"total_post_count":1,"discussions_enabled":true,"meta_data":{"duration_in_seconds":228},"expand_enabled":false,"lesson_type_label":null,"lesson_type_icon":null,"default_lesson_type_label":"Video","default_lesson_type_icon":"video","under_construction":false},{"id":5972793,"position":4,"chapter_id":1637293,"name":"Follow Through Fixes","contentable_type":"Lesson","slug":"5972793-follow-through-fixes","is_free_trial":false,"next_content_id":5972798,"next_content_slug":"5972798-completing-the-swing","next_content_type":"Lesson","display_name":"Video","contentable":2075862,"contentable_id":2075862,"payment_required":false,"draft":false,"is_released":true,"release_date":null,"prerequisite":false,"total_post_count":0,"discussions_enabled":true,"meta_data":{"duration_in_seconds":337},"expand_enabled":false,"lesson_type_label":null,"lesson_type_icon":null,"default_lesson_type_label":"Video","default_lesson_type_icon":"video","under_construction":false},{"id":5972798,"position":5,"chapter_id":1637293,"name":"Completing The Swing","contentable_type":"Lesson","slug":"5972798-completing-the-swing","is_free_trial":false,"next_content_id":5972802,"next_content_slug":"5972802-pushing-off-to-the-finish","next_content_type":"Lesson","display_name":"Video","contentable":2075865,"contentable_id":2075865,"payment_required":false,"draft":false,"is_released":true,"release_date":null,"prerequisite":false,"total_post_count":0,"discussions_enabled":true,"meta_data":{"duration_in_seconds":286},"expand_enabled":false,"lesson_type_label":null,"lesson_type_icon":null,"default_lesson_type_label":"Video","default_lesson_type_icon":"video","under_construction":false},{"id":5972802,"position":6,"chapter_id":1637293,"name":"Pushing Off To The Finish","contentable_type":"Lesson","slug":"5972802-pushing-off-to-the-finish","is_free_trial":false,"next_content_id":null,"next_content_slug":null,"next_content_type":null,"display_name":"Video","contentable":2075868,"contentable_id":2075868,"payment_required":false,"draft":false,"is_released":true,"release_date":null,"prerequisite":false,"total_post_count":0,"discussions_enabled":true,"meta_data":{"duration_in_seconds":173},"expand_enabled":false,"lesson_type_label":null,"lesson_type_icon":null,"default_lesson_type_label":"Video","default_lesson_type_icon":"video","under_construction":false}],"chapters":[{"id":1637289,"name":"Setup Through Takeaway","position":2,"course_id":402878,"content_ids":[5945555,5945556,6024917,5972583,5972589,5972593,5972596,5972598,5972628,5972631]},{"id":1637290,"name":"Backswing Plane","position":3,"course_id":402878,"content_ids":[5945557,5945558,5945559,5972678]},{"id":1637291,"name":"Finishing The Backswing","position":4,"course_id":402878,"content_ids":[5945562,5945563,5945564,5972711]},{"id":1637292,"name":"Transition and Downswing","position":5,"course_id":402878,"content_ids":[5945566,5945567,5945568,5972737,5972739,5972756,5972758,5972765]},{"id":1637293,"name":"Impact and Follow Through","position":6,"course_id":402878,"content_ids":[5945570,5945571,5945572,5972793,5972798,5972802]}]}