{"course":{"id":402881,"name":"Hook","slug":"quick-fix-hook","landing_page_url":"https://www.cogornogolf.com/courses/quick-fix-hook","checkout_page_url":"https://www.cogornogolf.com/enroll/424946","site_twitter_handle":"","support_email":"service@cogornogolf.com","subdomain":"cogornogolf","product_id":424946,"use_linkedin_profile_certification":false,"completion_page_html":"\u003cdiv class=\"fr-view\"\u003e\u003cp\u003eCongrats on sticking to the process!\u0026nbsp;\u003c/p\u003e\u003c/div\u003e","use_custom_completion_page_html":false,"reviews_enabled":false,"goals_enabled":false,"autoplay_all_videos":true,"require_video_completion":false,"video_completion_percentage":"100","disable_chapter_completed_modal":false,"theme":"course_player_white","primary_color":null,"font":null,"logo":null,"show_logo":true,"disable_text_selection":false,"hide_lesson_type_label_and_icon":false,"hide_lesson_type_icon":false,"is_onboarding_demo_course":false,"social_share_course_completion_overridden":false,"social_share_chapter_completion_overridden":false,"social_share_message":null,"facebook_shared_landing_page_url":"https://www.cogornogolf.com/wjjlw","linkedin_shared_landing_page_url":"https://www.cogornogolf.com/fhc92","twitter_shared_landing_page_url":"https://www.cogornogolf.com/rvhek","shared_landing_page_url":"https://www.cogornogolf.com/vls25","chapter_ids":[1637304,1637305,1637306,1637307,1637308]},"contents":[{"id":5945611,"position":0,"chapter_id":1637304,"name":"Overview","contentable_type":"HtmlItem","slug":"5945611-overview","is_free_trial":false,"next_content_id":5945612,"next_content_slug":"5945612-root-causes-at-setup","next_content_type":"Lesson","display_name":"Text","contentable":1622241,"contentable_id":1622241,"payment_required":false,"draft":false,"is_released":true,"release_date":null,"prerequisite":false,"total_post_count":0,"discussions_enabled":true,"meta_data":null,"expand_enabled":false,"lesson_type_label":null,"lesson_type_icon":null,"default_lesson_type_label":"Text","default_lesson_type_icon":"text","under_construction":false},{"id":5945612,"position":1,"chapter_id":1637304,"name":"Root Causes at Setup","contentable_type":"Lesson","slug":"5945612-root-causes-at-setup","is_free_trial":false,"next_content_id":5945613,"next_content_slug":"5945613-fixing-the-setup","next_content_type":"HtmlItem","display_name":"Video","contentable":2065115,"contentable_id":2065115,"payment_required":false,"draft":false,"is_released":true,"release_date":null,"prerequisite":false,"total_post_count":0,"discussions_enabled":true,"meta_data":{"duration_in_seconds":128},"expand_enabled":false,"lesson_type_label":null,"lesson_type_icon":null,"default_lesson_type_label":"Video","default_lesson_type_icon":"video","under_construction":false},{"id":5945613,"position":0,"chapter_id":1637305,"name":"Fixing The Setup","contentable_type":"HtmlItem","slug":"5945613-fixing-the-setup","is_free_trial":false,"next_content_id":5945614,"next_content_slug":"5945614-fixing-a-strong-grip","next_content_type":"Lesson","display_name":"Text","contentable":1622242,"contentable_id":1622242,"payment_required":false,"draft":false,"is_released":true,"release_date":null,"prerequisite":false,"total_post_count":0,"discussions_enabled":true,"meta_data":null,"expand_enabled":false,"lesson_type_label":null,"lesson_type_icon":null,"default_lesson_type_label":"Text","default_lesson_type_icon":"text","under_construction":false},{"id":5945614,"position":1,"chapter_id":1637305,"name":"Fixing A Strong Grip","contentable_type":"Lesson","slug":"5945614-fixing-a-strong-grip","is_free_trial":false,"next_content_id":5945615,"next_content_slug":"5945615-correcting-ball-position","next_content_type":"Lesson","display_name":"Video","contentable":2065116,"contentable_id":2065116,"payment_required":false,"draft":false,"is_released":true,"release_date":null,"prerequisite":false,"total_post_count":0,"discussions_enabled":true,"meta_data":{"duration_in_seconds":311},"expand_enabled":false,"lesson_type_label":null,"lesson_type_icon":null,"default_lesson_type_label":"Video","default_lesson_type_icon":"video","under_construction":false},{"id":5945615,"position":2,"chapter_id":1637305,"name":"Correcting Ball Position","contentable_type":"Lesson","slug":"5945615-correcting-ball-position","is_free_trial":false,"next_content_id":5945616,"next_content_slug":"5945616-check-in","next_content_type":"Survey","display_name":"Video","contentable":2065117,"contentable_id":2065117,"payment_required":false,"draft":false,"is_released":true,"release_date":null,"prerequisite":false,"total_post_count":0,"discussions_enabled":true,"meta_data":{"duration_in_seconds":202},"expand_enabled":false,"lesson_type_label":null,"lesson_type_icon":null,"default_lesson_type_label":"Video","default_lesson_type_icon":"video","under_construction":false},{"id":5945616,"position":3,"chapter_id":1637305,"name":"Check-In","contentable_type":"Survey","slug":"5945616-check-in","is_free_trial":false,"next_content_id":5945617,"next_content_slug":"5945617-addressing-the-path","next_content_type":"HtmlItem","display_name":"Survey","contentable":246266,"contentable_id":246266,"payment_required":false,"draft":false,"is_released":true,"release_date":null,"prerequisite":false,"total_post_count":0,"discussions_enabled":true,"meta_data":{"question_count":2},"expand_enabled":false,"lesson_type_label":null,"lesson_type_icon":null,"default_lesson_type_label":"Survey","default_lesson_type_icon":"survey","under_construction":false},{"id":5945617,"position":0,"chapter_id":1637306,"name":"Addressing The Path","contentable_type":"HtmlItem","slug":"5945617-addressing-the-path","is_free_trial":false,"next_content_id":5945618,"next_content_slug":"5945618-correcting-path","next_content_type":"Lesson","display_name":"Text","contentable":1622243,"contentable_id":1622243,"payment_required":false,"draft":false,"is_released":true,"release_date":null,"prerequisite":false,"total_post_count":0,"discussions_enabled":true,"meta_data":null,"expand_enabled":false,"lesson_type_label":null,"lesson_type_icon":null,"default_lesson_type_label":"Text","default_lesson_type_icon":"text","under_construction":false},{"id":5945618,"position":1,"chapter_id":1637306,"name":"Correcting Path","contentable_type":"Lesson","slug":"5945618-correcting-path","is_free_trial":false,"next_content_id":5945619,"next_content_slug":"5945619-path-drill-1","next_content_type":"Lesson","display_name":"Video","contentable":2065118,"contentable_id":2065118,"payment_required":false,"draft":false,"is_released":true,"release_date":null,"prerequisite":false,"total_post_count":0,"discussions_enabled":true,"meta_data":{"duration_in_seconds":125},"expand_enabled":false,"lesson_type_label":null,"lesson_type_icon":null,"default_lesson_type_label":"Video","default_lesson_type_icon":"video","under_construction":false},{"id":5945619,"position":2,"chapter_id":1637306,"name":"Path Drill #1","contentable_type":"Lesson","slug":"5945619-path-drill-1","is_free_trial":false,"next_content_id":5945622,"next_content_slug":"5945622-path-drill-2","next_content_type":"Lesson","display_name":"Video","contentable":2065119,"contentable_id":2065119,"payment_required":false,"draft":false,"is_released":true,"release_date":null,"prerequisite":false,"total_post_count":0,"discussions_enabled":true,"meta_data":{"duration_in_seconds":111},"expand_enabled":false,"lesson_type_label":null,"lesson_type_icon":null,"default_lesson_type_label":"Video","default_lesson_type_icon":"video","under_construction":false},{"id":5945622,"position":3,"chapter_id":1637306,"name":"Path Drill #2","contentable_type":"Lesson","slug":"5945622-path-drill-2","is_free_trial":false,"next_content_id":5945620,"next_content_slug":"5945620-check-in","next_content_type":"Survey","display_name":"Video","contentable":2065120,"contentable_id":2065120,"payment_required":false,"draft":false,"is_released":true,"release_date":null,"prerequisite":false,"total_post_count":0,"discussions_enabled":true,"meta_data":{"duration_in_seconds":116},"expand_enabled":false,"lesson_type_label":null,"lesson_type_icon":null,"default_lesson_type_label":"Video","default_lesson_type_icon":"video","under_construction":false},{"id":5945620,"position":4,"chapter_id":1637306,"name":"Check-In","contentable_type":"Survey","slug":"5945620-check-in","is_free_trial":false,"next_content_id":5945621,"next_content_slug":"5945621-adding-rotation","next_content_type":"HtmlItem","display_name":"Survey","contentable":246267,"contentable_id":246267,"payment_required":false,"draft":false,"is_released":true,"release_date":null,"prerequisite":false,"total_post_count":0,"discussions_enabled":true,"meta_data":{"question_count":2},"expand_enabled":false,"lesson_type_label":null,"lesson_type_icon":null,"default_lesson_type_label":"Survey","default_lesson_type_icon":"survey","under_construction":false},{"id":5945621,"position":0,"chapter_id":1637307,"name":"Adding Rotation","contentable_type":"HtmlItem","slug":"5945621-adding-rotation","is_free_trial":false,"next_content_id":5945623,"next_content_slug":"5945623-incorporating-rotation","next_content_type":"Lesson","display_name":"Text","contentable":1622244,"contentable_id":1622244,"payment_required":false,"draft":false,"is_released":true,"release_date":null,"prerequisite":false,"total_post_count":0,"discussions_enabled":true,"meta_data":null,"expand_enabled":false,"lesson_type_label":null,"lesson_type_icon":null,"default_lesson_type_label":"Text","default_lesson_type_icon":"text","under_construction":false},{"id":5945623,"position":1,"chapter_id":1637307,"name":"Incorporating Rotation","contentable_type":"Lesson","slug":"5945623-incorporating-rotation","is_free_trial":false,"next_content_id":5945624,"next_content_slug":"5945624-check-in","next_content_type":"Survey","display_name":"Video","contentable":2065121,"contentable_id":2065121,"payment_required":false,"draft":false,"is_released":true,"release_date":null,"prerequisite":false,"total_post_count":0,"discussions_enabled":true,"meta_data":{"duration_in_seconds":101},"expand_enabled":false,"lesson_type_label":null,"lesson_type_icon":null,"default_lesson_type_label":"Video","default_lesson_type_icon":"video","under_construction":false},{"id":5945624,"position":2,"chapter_id":1637307,"name":"Check-In","contentable_type":"Survey","slug":"5945624-check-in","is_free_trial":false,"next_content_id":5945625,"next_content_slug":"5945625-wrist-work","next_content_type":"HtmlItem","display_name":"Survey","contentable":246268,"contentable_id":246268,"payment_required":false,"draft":false,"is_released":true,"release_date":null,"prerequisite":false,"total_post_count":0,"discussions_enabled":true,"meta_data":{"question_count":2},"expand_enabled":false,"lesson_type_label":null,"lesson_type_icon":null,"default_lesson_type_label":"Survey","default_lesson_type_icon":"survey","under_construction":false},{"id":5945625,"position":0,"chapter_id":1637308,"name":"Wrist Work","contentable_type":"HtmlItem","slug":"5945625-wrist-work","is_free_trial":false,"next_content_id":5945626,"next_content_slug":"5945626-rotation-and-wrist-conditions","next_content_type":"Lesson","display_name":"Text","contentable":1622245,"contentable_id":1622245,"payment_required":false,"draft":false,"is_released":true,"release_date":null,"prerequisite":false,"total_post_count":0,"discussions_enabled":true,"meta_data":null,"expand_enabled":false,"lesson_type_label":null,"lesson_type_icon":null,"default_lesson_type_label":"Text","default_lesson_type_icon":"text","under_construction":false},{"id":5945626,"position":1,"chapter_id":1637308,"name":"Rotation and Wrist Conditions","contentable_type":"Lesson","slug":"5945626-rotation-and-wrist-conditions","is_free_trial":false,"next_content_id":5945627,"next_content_slug":"5945627-maintenance-drill","next_content_type":"Lesson","display_name":"Video","contentable":2065122,"contentable_id":2065122,"payment_required":false,"draft":false,"is_released":true,"release_date":null,"prerequisite":false,"total_post_count":0,"discussions_enabled":true,"meta_data":{"duration_in_seconds":86},"expand_enabled":false,"lesson_type_label":null,"lesson_type_icon":null,"default_lesson_type_label":"Video","default_lesson_type_icon":"video","under_construction":false},{"id":5945627,"position":2,"chapter_id":1637308,"name":"Maintenance Drill","contentable_type":"Lesson","slug":"5945627-maintenance-drill","is_free_trial":false,"next_content_id":5945628,"next_content_slug":"5945628-check-in","next_content_type":"Survey","display_name":"Video","contentable":2065123,"contentable_id":2065123,"payment_required":false,"draft":false,"is_released":true,"release_date":null,"prerequisite":false,"total_post_count":0,"discussions_enabled":true,"meta_data":{"duration_in_seconds":219},"expand_enabled":false,"lesson_type_label":null,"lesson_type_icon":null,"default_lesson_type_label":"Video","default_lesson_type_icon":"video","under_construction":false},{"id":5945628,"position":3,"chapter_id":1637308,"name":"Check-In","contentable_type":"Survey","slug":"5945628-check-in","is_free_trial":false,"next_content_id":null,"next_content_slug":null,"next_content_type":null,"display_name":"Survey","contentable":246269,"contentable_id":246269,"payment_required":false,"draft":false,"is_released":true,"release_date":null,"prerequisite":false,"total_post_count":0,"discussions_enabled":true,"meta_data":{"question_count":2},"expand_enabled":false,"lesson_type_label":null,"lesson_type_icon":null,"default_lesson_type_label":"Survey","default_lesson_type_icon":"survey","under_construction":false}],"chapters":[{"id":1637304,"name":"Root Causes Of The Hook","position":0,"course_id":402881,"content_ids":[5945611,5945612]},{"id":1637305,"name":"PHASE 1: Fixing The Setup","position":1,"course_id":402881,"content_ids":[5945613,5945614,5945615,5945616]},{"id":1637306,"name":"PHASE 2: Addressing The Path","position":2,"course_id":402881,"content_ids":[5945617,5945618,5945619,5945622,5945620]},{"id":1637307,"name":"PHASE 3: Adding Rotation ","position":3,"course_id":402881,"content_ids":[5945621,5945623,5945624]},{"id":1637308,"name":"PHASE 4: Wrist Work","position":4,"course_id":402881,"content_ids":[5945625,5945626,5945627,5945628]}]}