{"course":{"id":402887,"name":"Speed Control","slug":"quick-fix-speed-control","landing_page_url":"https://www.cogornogolf.com/courses/quick-fix-speed-control","checkout_page_url":"https://www.cogornogolf.com/enroll/424952","site_twitter_handle":"","support_email":"service@cogornogolf.com","subdomain":"cogornogolf","product_id":424952,"use_linkedin_profile_certification":false,"completion_page_html":"\u003cdiv class=\"fr-view\"\u003e\u003cp\u003eCongrats on sticking to the process!\u0026nbsp;\u003c/p\u003e\u003c/div\u003e","use_custom_completion_page_html":false,"reviews_enabled":false,"goals_enabled":false,"autoplay_all_videos":true,"require_video_completion":false,"video_completion_percentage":"100","disable_chapter_completed_modal":false,"theme":"course_player_white","primary_color":null,"font":null,"logo":null,"show_logo":true,"disable_text_selection":false,"hide_lesson_type_label_and_icon":false,"hide_lesson_type_icon":false,"is_onboarding_demo_course":false,"social_share_course_completion_overridden":false,"social_share_chapter_completion_overridden":false,"social_share_message":null,"facebook_shared_landing_page_url":"https://www.cogornogolf.com/ehwov","linkedin_shared_landing_page_url":"https://www.cogornogolf.com/n7me1","twitter_shared_landing_page_url":"https://www.cogornogolf.com/t6pat","shared_landing_page_url":"https://www.cogornogolf.com/p0fkw","chapter_ids":[1637334,1637335,1637336]},"contents":[{"id":5945720,"position":0,"chapter_id":1637334,"name":"Overview","contentable_type":"HtmlItem","slug":"5945720-overview","is_free_trial":false,"next_content_id":5945721,"next_content_slug":"5945721-speed-control-introduction","next_content_type":"Lesson","display_name":"Text","contentable":1622271,"contentable_id":1622271,"payment_required":false,"draft":false,"is_released":true,"release_date":null,"prerequisite":false,"total_post_count":0,"discussions_enabled":true,"meta_data":null,"expand_enabled":false,"lesson_type_label":null,"lesson_type_icon":null,"default_lesson_type_label":"Text","default_lesson_type_icon":"text","under_construction":false},{"id":5945721,"position":1,"chapter_id":1637334,"name":"Speed Control: Introduction","contentable_type":"Lesson","slug":"5945721-speed-control-introduction","is_free_trial":false,"next_content_id":5945722,"next_content_slug":"5945722-basics-of-speed-control","next_content_type":"HtmlItem","display_name":"Video","contentable":2065169,"contentable_id":2065169,"payment_required":false,"draft":false,"is_released":true,"release_date":null,"prerequisite":false,"total_post_count":0,"discussions_enabled":true,"meta_data":{"duration_in_seconds":82},"expand_enabled":false,"lesson_type_label":null,"lesson_type_icon":null,"default_lesson_type_label":"Video","default_lesson_type_icon":"video","under_construction":false},{"id":5945722,"position":0,"chapter_id":1637335,"name":"Basics Of Speed Control","contentable_type":"HtmlItem","slug":"5945722-basics-of-speed-control","is_free_trial":false,"next_content_id":5945723,"next_content_slug":"5945723-stroke-length","next_content_type":"Lesson","display_name":"Text","contentable":1622272,"contentable_id":1622272,"payment_required":false,"draft":false,"is_released":true,"release_date":null,"prerequisite":false,"total_post_count":0,"discussions_enabled":true,"meta_data":null,"expand_enabled":false,"lesson_type_label":null,"lesson_type_icon":null,"default_lesson_type_label":"Text","default_lesson_type_icon":"text","under_construction":false},{"id":5945723,"position":1,"chapter_id":1637335,"name":"Stroke Length","contentable_type":"Lesson","slug":"5945723-stroke-length","is_free_trial":false,"next_content_id":5945724,"next_content_slug":"5945724-tempo-and-acceleration","next_content_type":"Lesson","display_name":"Video","contentable":2065170,"contentable_id":2065170,"payment_required":false,"draft":false,"is_released":true,"release_date":null,"prerequisite":false,"total_post_count":0,"discussions_enabled":true,"meta_data":{"duration_in_seconds":170},"expand_enabled":false,"lesson_type_label":null,"lesson_type_icon":null,"default_lesson_type_label":"Video","default_lesson_type_icon":"video","under_construction":false},{"id":5945724,"position":2,"chapter_id":1637335,"name":"Tempo and Acceleration","contentable_type":"Lesson","slug":"5945724-tempo-and-acceleration","is_free_trial":false,"next_content_id":5945726,"next_content_slug":"5945726-perfecting-speed-control","next_content_type":"HtmlItem","display_name":"Video","contentable":2065171,"contentable_id":2065171,"payment_required":false,"draft":false,"is_released":true,"release_date":null,"prerequisite":false,"total_post_count":0,"discussions_enabled":true,"meta_data":{"duration_in_seconds":17},"expand_enabled":false,"lesson_type_label":null,"lesson_type_icon":null,"default_lesson_type_label":"Video","default_lesson_type_icon":"video","under_construction":false},{"id":5945726,"position":0,"chapter_id":1637336,"name":"Perfecting Speed Control","contentable_type":"HtmlItem","slug":"5945726-perfecting-speed-control","is_free_trial":false,"next_content_id":5945727,"next_content_slug":"5945727-ladder-drill-goal-and-setup","next_content_type":"Lesson","display_name":"Text","contentable":1622273,"contentable_id":1622273,"payment_required":false,"draft":false,"is_released":true,"release_date":null,"prerequisite":false,"total_post_count":0,"discussions_enabled":true,"meta_data":null,"expand_enabled":false,"lesson_type_label":null,"lesson_type_icon":null,"default_lesson_type_label":"Text","default_lesson_type_icon":"text","under_construction":false},{"id":5945727,"position":1,"chapter_id":1637336,"name":"Ladder Drill: Goal and Setup","contentable_type":"Lesson","slug":"5945727-ladder-drill-goal-and-setup","is_free_trial":false,"next_content_id":5945728,"next_content_slug":"5945728-ladder-drill-drill-increasing-difficulty","next_content_type":"Lesson","display_name":"Video","contentable":2065172,"contentable_id":2065172,"payment_required":false,"draft":false,"is_released":true,"release_date":null,"prerequisite":false,"total_post_count":0,"discussions_enabled":true,"meta_data":{"duration_in_seconds":173},"expand_enabled":false,"lesson_type_label":null,"lesson_type_icon":null,"default_lesson_type_label":"Video","default_lesson_type_icon":"video","under_construction":false},{"id":5945728,"position":2,"chapter_id":1637336,"name":"Ladder Drill: Drill \u0026 Increasing Difficulty","contentable_type":"Lesson","slug":"5945728-ladder-drill-drill-increasing-difficulty","is_free_trial":false,"next_content_id":5945731,"next_content_slug":"5945731-speed-control-fringe-putting","next_content_type":"Lesson","display_name":"Video","contentable":2065173,"contentable_id":2065173,"payment_required":false,"draft":false,"is_released":true,"release_date":null,"prerequisite":false,"total_post_count":0,"discussions_enabled":true,"meta_data":{"duration_in_seconds":295},"expand_enabled":false,"lesson_type_label":null,"lesson_type_icon":null,"default_lesson_type_label":"Video","default_lesson_type_icon":"video","under_construction":false},{"id":5945731,"position":3,"chapter_id":1637336,"name":"Speed Control: Fringe Putting","contentable_type":"Lesson","slug":"5945731-speed-control-fringe-putting","is_free_trial":false,"next_content_id":null,"next_content_slug":null,"next_content_type":null,"display_name":"Video","contentable":2065174,"contentable_id":2065174,"payment_required":false,"draft":false,"is_released":true,"release_date":null,"prerequisite":false,"total_post_count":0,"discussions_enabled":true,"meta_data":{"duration_in_seconds":281},"expand_enabled":false,"lesson_type_label":null,"lesson_type_icon":null,"default_lesson_type_label":"Video","default_lesson_type_icon":"video","under_construction":false}],"chapters":[{"id":1637334,"name":"Introduction To Speed Control","position":0,"course_id":402887,"content_ids":[5945720,5945721]},{"id":1637335,"name":"PHASE 1: Basics Of Speed Control","position":1,"course_id":402887,"content_ids":[5945722,5945723,5945724]},{"id":1637336,"name":"PHASE 2: Perfecting Speed Control","position":2,"course_id":402887,"content_ids":[5945726,5945727,5945728,5945731]}]}