{"course":{"id":384460,"name":"Rotation Truths","slug":"Rotation","landing_page_url":"https://www.cogornogolf.com/courses/Rotation","checkout_page_url":"https://www.cogornogolf.com/enroll/405489","site_twitter_handle":"","support_email":"service@cogornogolf.com","subdomain":"cogornogolf","product_id":405489,"use_linkedin_profile_certification":false,"completion_page_html":"","use_custom_completion_page_html":false,"reviews_enabled":false,"goals_enabled":false,"autoplay_all_videos":true,"require_video_completion":false,"video_completion_percentage":"100","disable_chapter_completed_modal":false,"theme":"course_player_white","primary_color":null,"font":null,"logo":null,"show_logo":true,"disable_text_selection":false,"hide_lesson_type_label_and_icon":false,"hide_lesson_type_icon":false,"is_onboarding_demo_course":false,"social_share_course_completion_overridden":false,"social_share_chapter_completion_overridden":false,"social_share_message":null,"facebook_shared_landing_page_url":"https://www.cogornogolf.com/ru8ll","linkedin_shared_landing_page_url":"https://www.cogornogolf.com/0zwz5","twitter_shared_landing_page_url":"https://www.cogornogolf.com/ihnmi","shared_landing_page_url":"https://www.cogornogolf.com/zbs0a","chapter_ids":[1538338]},"contents":[{"id":5606934,"position":0,"chapter_id":1538338,"name":"Course Overview","contentable_type":"HtmlItem","slug":"5606934-course-overview","is_free_trial":false,"next_content_id":5555665,"next_content_slug":"5555665-lower-body-feels","next_content_type":"Lesson","display_name":"Text","contentable":1531929,"contentable_id":1531929,"payment_required":false,"draft":false,"is_released":true,"release_date":null,"prerequisite":false,"total_post_count":0,"discussions_enabled":false,"meta_data":null,"expand_enabled":false,"lesson_type_label":null,"lesson_type_icon":null,"default_lesson_type_label":"Text","default_lesson_type_icon":"text","under_construction":false},{"id":5555665,"position":1,"chapter_id":1538338,"name":"Lower Body Feels","contentable_type":"Lesson","slug":"5555665-lower-body-feels","is_free_trial":false,"next_content_id":5555666,"next_content_slug":"5555666-upper-body-feels","next_content_type":"Lesson","display_name":"Video","contentable":1906366,"contentable_id":1906366,"payment_required":false,"draft":false,"is_released":true,"release_date":null,"prerequisite":false,"total_post_count":0,"discussions_enabled":true,"meta_data":{"duration_in_seconds":564},"expand_enabled":false,"lesson_type_label":null,"lesson_type_icon":null,"default_lesson_type_label":"Video","default_lesson_type_icon":"video","under_construction":false},{"id":5555666,"position":2,"chapter_id":1538338,"name":"Upper Body Feels","contentable_type":"Lesson","slug":"5555666-upper-body-feels","is_free_trial":false,"next_content_id":5555667,"next_content_slug":"5555667-right-side-feels","next_content_type":"Lesson","display_name":"Video","contentable":1906367,"contentable_id":1906367,"payment_required":false,"draft":false,"is_released":true,"release_date":null,"prerequisite":false,"total_post_count":2,"discussions_enabled":true,"meta_data":{"duration_in_seconds":409},"expand_enabled":false,"lesson_type_label":null,"lesson_type_icon":null,"default_lesson_type_label":"Video","default_lesson_type_icon":"video","under_construction":false},{"id":5555667,"position":3,"chapter_id":1538338,"name":"Right Side Feels","contentable_type":"Lesson","slug":"5555667-right-side-feels","is_free_trial":false,"next_content_id":5555669,"next_content_slug":"5555669-right-side-bend","next_content_type":"Lesson","display_name":"Video","contentable":1906368,"contentable_id":1906368,"payment_required":false,"draft":false,"is_released":true,"release_date":null,"prerequisite":false,"total_post_count":0,"discussions_enabled":true,"meta_data":{"duration_in_seconds":648},"expand_enabled":false,"lesson_type_label":null,"lesson_type_icon":null,"default_lesson_type_label":"Video","default_lesson_type_icon":"video","under_construction":false},{"id":5555669,"position":4,"chapter_id":1538338,"name":"Right Side Bend","contentable_type":"Lesson","slug":"5555669-right-side-bend","is_free_trial":false,"next_content_id":5555668,"next_content_slug":"5555668-rotation-and-push-off","next_content_type":"Lesson","display_name":"Video","contentable":1906370,"contentable_id":1906370,"payment_required":false,"draft":false,"is_released":true,"release_date":null,"prerequisite":false,"total_post_count":0,"discussions_enabled":true,"meta_data":{"duration_in_seconds":151},"expand_enabled":false,"lesson_type_label":null,"lesson_type_icon":null,"default_lesson_type_label":"Video","default_lesson_type_icon":"video","under_construction":false},{"id":5555668,"position":5,"chapter_id":1538338,"name":"Rotation and Push Off","contentable_type":"Lesson","slug":"5555668-rotation-and-push-off","is_free_trial":false,"next_content_id":5717307,"next_content_slug":"5717307-lead-knee-drill","next_content_type":"Lesson","display_name":"Video","contentable":1906369,"contentable_id":1906369,"payment_required":false,"draft":false,"is_released":true,"release_date":null,"prerequisite":false,"total_post_count":0,"discussions_enabled":true,"meta_data":{"duration_in_seconds":718},"expand_enabled":false,"lesson_type_label":null,"lesson_type_icon":null,"default_lesson_type_label":"Video","default_lesson_type_icon":"video","under_construction":false},{"id":5717307,"position":6,"chapter_id":1538338,"name":"Lead Knee Drill","contentable_type":"Lesson","slug":"5717307-lead-knee-drill","is_free_trial":false,"next_content_id":5555670,"next_content_slug":"5555670-eric-s-favorite-rotation-drill","next_content_type":"Lesson","display_name":"Video","contentable":1975545,"contentable_id":1975545,"payment_required":false,"draft":false,"is_released":true,"release_date":null,"prerequisite":false,"total_post_count":0,"discussions_enabled":true,"meta_data":{"duration_in_seconds":798},"expand_enabled":false,"lesson_type_label":null,"lesson_type_icon":null,"default_lesson_type_label":"Video","default_lesson_type_icon":"video","under_construction":false},{"id":5555670,"position":7,"chapter_id":1538338,"name":"Eric's Favorite Rotation Drill","contentable_type":"Lesson","slug":"5555670-eric-s-favorite-rotation-drill","is_free_trial":false,"next_content_id":5957948,"next_content_slug":"5957948-the-secret-to-more-rotation","next_content_type":"Lesson","display_name":"Video","contentable":1906371,"contentable_id":1906371,"payment_required":false,"draft":false,"is_released":true,"release_date":null,"prerequisite":false,"total_post_count":0,"discussions_enabled":true,"meta_data":{"duration_in_seconds":262},"expand_enabled":false,"lesson_type_label":null,"lesson_type_icon":null,"default_lesson_type_label":"Video","default_lesson_type_icon":"video","under_construction":false},{"id":5957948,"position":8,"chapter_id":1538338,"name":"The Secret To More Rotation","contentable_type":"Lesson","slug":"5957948-the-secret-to-more-rotation","is_free_trial":false,"next_content_id":null,"next_content_slug":null,"next_content_type":null,"display_name":"Video","contentable":2070467,"contentable_id":2070467,"payment_required":false,"draft":false,"is_released":true,"release_date":null,"prerequisite":false,"total_post_count":0,"discussions_enabled":true,"meta_data":{"duration_in_seconds":652},"expand_enabled":false,"lesson_type_label":null,"lesson_type_icon":null,"default_lesson_type_label":"Video","default_lesson_type_icon":"video","under_construction":false}],"chapters":[{"id":1538338,"name":"Rotation","position":7,"course_id":384460,"content_ids":[5606934,5555665,5555666,5555667,5555669,5555668,5717307,5555670,5957948]}]}