{"course":{"id":384453,"name":"Scoring Opportunities","slug":"Scoring-Opportunities","landing_page_url":"https://www.cogornogolf.com/courses/Scoring-Opportunities","checkout_page_url":"https://www.cogornogolf.com/enroll/405482","site_twitter_handle":"","support_email":"service@cogornogolf.com","subdomain":"cogornogolf","product_id":405482,"use_linkedin_profile_certification":false,"completion_page_html":"","use_custom_completion_page_html":false,"reviews_enabled":false,"goals_enabled":false,"autoplay_all_videos":true,"require_video_completion":false,"video_completion_percentage":"100","disable_chapter_completed_modal":false,"theme":"course_player_white","primary_color":null,"font":null,"logo":null,"show_logo":true,"disable_text_selection":false,"hide_lesson_type_label_and_icon":false,"hide_lesson_type_icon":false,"is_onboarding_demo_course":false,"social_share_course_completion_overridden":false,"social_share_chapter_completion_overridden":false,"social_share_message":null,"facebook_shared_landing_page_url":"https://www.cogornogolf.com/nvjm2","linkedin_shared_landing_page_url":"https://www.cogornogolf.com/1v9y9","twitter_shared_landing_page_url":"https://www.cogornogolf.com/3zozo","shared_landing_page_url":"https://www.cogornogolf.com/ykj0t","chapter_ids":[1538267]},"contents":[{"id":5555390,"position":0,"chapter_id":1538267,"name":"Chipping Scenario - Over Bunker ","contentable_type":"Lesson","slug":"5555390-chipping-scenario-over-bunker","is_free_trial":false,"next_content_id":5555391,"next_content_slug":"5555391-going-for-it-vs-laying-up","next_content_type":"Lesson","display_name":"Video","contentable":1906140,"contentable_id":1906140,"payment_required":false,"draft":false,"is_released":true,"release_date":null,"prerequisite":false,"total_post_count":1,"discussions_enabled":true,"meta_data":{"duration_in_seconds":177},"expand_enabled":false,"lesson_type_label":null,"lesson_type_icon":null,"default_lesson_type_label":"Video","default_lesson_type_icon":"video","under_construction":false},{"id":5555391,"position":1,"chapter_id":1538267,"name":"Going For It Vs. Laying Up","contentable_type":"Lesson","slug":"5555391-going-for-it-vs-laying-up","is_free_trial":false,"next_content_id":5555392,"next_content_slug":"5555392-par-3-back-pin","next_content_type":"Lesson","display_name":"Video","contentable":1906141,"contentable_id":1906141,"payment_required":false,"draft":false,"is_released":true,"release_date":null,"prerequisite":false,"total_post_count":0,"discussions_enabled":true,"meta_data":{"duration_in_seconds":212},"expand_enabled":false,"lesson_type_label":null,"lesson_type_icon":null,"default_lesson_type_label":"Video","default_lesson_type_icon":"video","under_construction":false},{"id":5555392,"position":2,"chapter_id":1538267,"name":"Par 3 - Back Pin","contentable_type":"Lesson","slug":"5555392-par-3-back-pin","is_free_trial":false,"next_content_id":5555393,"next_content_slug":"5555393-iron-approach-tucked-pin","next_content_type":"Lesson","display_name":"Video","contentable":1906142,"contentable_id":1906142,"payment_required":false,"draft":false,"is_released":true,"release_date":null,"prerequisite":false,"total_post_count":0,"discussions_enabled":true,"meta_data":{"duration_in_seconds":184},"expand_enabled":false,"lesson_type_label":null,"lesson_type_icon":null,"default_lesson_type_label":"Video","default_lesson_type_icon":"video","under_construction":false},{"id":5555393,"position":3,"chapter_id":1538267,"name":"Iron Approach - Tucked Pin","contentable_type":"Lesson","slug":"5555393-iron-approach-tucked-pin","is_free_trial":false,"next_content_id":null,"next_content_slug":null,"next_content_type":null,"display_name":"Video","contentable":1906143,"contentable_id":1906143,"payment_required":false,"draft":false,"is_released":true,"release_date":null,"prerequisite":false,"total_post_count":0,"discussions_enabled":true,"meta_data":{"duration_in_seconds":203},"expand_enabled":false,"lesson_type_label":null,"lesson_type_icon":null,"default_lesson_type_label":"Video","default_lesson_type_icon":"video","under_construction":false}],"chapters":[{"id":1538267,"name":"Scoring Opportunities","position":3,"course_id":384453,"content_ids":[5555390,5555391,5555392,5555393]}]}