{"course":{"id":384471,"name":"Shot Making","slug":"Shot-Making","landing_page_url":"https://www.cogornogolf.com/courses/Shot-Making","checkout_page_url":"https://www.cogornogolf.com/enroll/405500","site_twitter_handle":"","support_email":"service@cogornogolf.com","subdomain":"cogornogolf","product_id":405500,"use_linkedin_profile_certification":false,"completion_page_html":"","use_custom_completion_page_html":false,"reviews_enabled":false,"goals_enabled":false,"autoplay_all_videos":true,"require_video_completion":false,"video_completion_percentage":"100","disable_chapter_completed_modal":false,"theme":"course_player_white","primary_color":null,"font":null,"logo":null,"show_logo":true,"disable_text_selection":false,"hide_lesson_type_label_and_icon":false,"hide_lesson_type_icon":false,"is_onboarding_demo_course":false,"social_share_course_completion_overridden":false,"social_share_chapter_completion_overridden":false,"social_share_message":null,"facebook_shared_landing_page_url":"https://www.cogornogolf.com/gzw9i","linkedin_shared_landing_page_url":"https://www.cogornogolf.com/7gg1l","twitter_shared_landing_page_url":"https://www.cogornogolf.com/nt75j","shared_landing_page_url":"https://www.cogornogolf.com/rb7pm","chapter_ids":[1538399]},"contents":[{"id":5642239,"position":0,"chapter_id":1538399,"name":"Course Overview","contentable_type":"HtmlItem","slug":"5642239-course-overview","is_free_trial":false,"next_content_id":5555955,"next_content_slug":"5555955-punch-shot","next_content_type":"Lesson","display_name":"Text","contentable":1540636,"contentable_id":1540636,"payment_required":false,"draft":false,"is_released":true,"release_date":null,"prerequisite":false,"total_post_count":0,"discussions_enabled":true,"meta_data":null,"expand_enabled":false,"lesson_type_label":null,"lesson_type_icon":null,"default_lesson_type_label":"Text","default_lesson_type_icon":"text","under_construction":false},{"id":5555955,"position":1,"chapter_id":1538399,"name":"Punch Shot","contentable_type":"Lesson","slug":"5555955-punch-shot","is_free_trial":false,"next_content_id":5555954,"next_content_slug":"5555954-fairway-bunker","next_content_type":"Lesson","display_name":"Video","contentable":1906642,"contentable_id":1906642,"payment_required":false,"draft":false,"is_released":true,"release_date":null,"prerequisite":false,"total_post_count":1,"discussions_enabled":true,"meta_data":{"duration_in_seconds":289},"expand_enabled":false,"lesson_type_label":null,"lesson_type_icon":null,"default_lesson_type_label":"Video","default_lesson_type_icon":"video","under_construction":false},{"id":5555954,"position":2,"chapter_id":1538399,"name":"Fairway Bunker","contentable_type":"Lesson","slug":"5555954-fairway-bunker","is_free_trial":false,"next_content_id":null,"next_content_slug":null,"next_content_type":null,"display_name":"Video","contentable":1906641,"contentable_id":1906641,"payment_required":false,"draft":false,"is_released":true,"release_date":null,"prerequisite":false,"total_post_count":1,"discussions_enabled":true,"meta_data":{"duration_in_seconds":283},"expand_enabled":false,"lesson_type_label":null,"lesson_type_icon":null,"default_lesson_type_label":"Video","default_lesson_type_icon":"video","under_construction":false}],"chapters":[{"id":1538399,"name":"Shot Making","position":3,"course_id":384471,"content_ids":[5642239,5555955,5555954]}]}