{"course":{"id":399268,"name":"The Slide","slug":"slide-quick-fix","landing_page_url":"https://www.cogornogolf.com/courses/slide-quick-fix","checkout_page_url":"https://www.cogornogolf.com/enroll/421149","site_twitter_handle":"","support_email":"service@cogornogolf.com","subdomain":"cogornogolf","product_id":421149,"use_linkedin_profile_certification":false,"completion_page_html":"\u003cdiv class=\"fr-view\"\u003e\u003cp\u003eCongrats on sticking to the process!\u0026nbsp;\u003c/p\u003e\u003c/div\u003e","use_custom_completion_page_html":false,"reviews_enabled":false,"goals_enabled":false,"autoplay_all_videos":true,"require_video_completion":false,"video_completion_percentage":"100","disable_chapter_completed_modal":false,"theme":"course_player_white","primary_color":null,"font":null,"logo":null,"show_logo":true,"disable_text_selection":false,"hide_lesson_type_label_and_icon":false,"hide_lesson_type_icon":false,"is_onboarding_demo_course":false,"social_share_course_completion_overridden":false,"social_share_chapter_completion_overridden":false,"social_share_message":null,"facebook_shared_landing_page_url":"https://www.cogornogolf.com/gel0r","linkedin_shared_landing_page_url":"https://www.cogornogolf.com/jdxbb","twitter_shared_landing_page_url":"https://www.cogornogolf.com/v5nz3","shared_landing_page_url":"https://www.cogornogolf.com/givzu","chapter_ids":[1617895,1617734,1653115,1617742,1617744]},"contents":[{"id":5868236,"position":0,"chapter_id":1617895,"name":"Overview","contentable_type":"HtmlItem","slug":"5868236-overview","is_free_trial":false,"next_content_id":5868438,"next_content_slug":"5868438-what-s-a-slide-and-what-causes-it","next_content_type":"Lesson","display_name":"Text","contentable":1602265,"contentable_id":1602265,"payment_required":false,"draft":false,"is_released":true,"release_date":null,"prerequisite":false,"total_post_count":0,"discussions_enabled":true,"meta_data":null,"expand_enabled":false,"lesson_type_label":null,"lesson_type_icon":null,"default_lesson_type_label":"Text","default_lesson_type_icon":"text","under_construction":false},{"id":5868438,"position":1,"chapter_id":1617895,"name":"What's A Slide and What Causes It","contentable_type":"Lesson","slug":"5868438-what-s-a-slide-and-what-causes-it","is_free_trial":false,"next_content_id":5868645,"next_content_slug":"5868645-backswing-tilts","next_content_type":"HtmlItem","display_name":"Video","contentable":2033928,"contentable_id":2033928,"payment_required":false,"draft":false,"is_released":true,"release_date":null,"prerequisite":false,"total_post_count":0,"discussions_enabled":true,"meta_data":{"duration_in_seconds":143},"expand_enabled":false,"lesson_type_label":null,"lesson_type_icon":null,"default_lesson_type_label":"Video","default_lesson_type_icon":"video","under_construction":false},{"id":5868645,"position":0,"chapter_id":1617734,"name":"Backswing Tilts","contentable_type":"HtmlItem","slug":"5868645-backswing-tilts","is_free_trial":false,"next_content_id":5868555,"next_content_slug":"5868555-backswing-hip-shoulder-tilts","next_content_type":"Lesson","display_name":"Text","contentable":1602388,"contentable_id":1602388,"payment_required":false,"draft":false,"is_released":true,"release_date":null,"prerequisite":false,"total_post_count":0,"discussions_enabled":true,"meta_data":null,"expand_enabled":false,"lesson_type_label":null,"lesson_type_icon":null,"default_lesson_type_label":"Text","default_lesson_type_icon":"text","under_construction":false},{"id":5868555,"position":1,"chapter_id":1617734,"name":"Backswing Hip \u0026 Shoulder Tilts","contentable_type":"Lesson","slug":"5868555-backswing-hip-shoulder-tilts","is_free_trial":false,"next_content_id":5868559,"next_content_slug":"5868559-left-shoulder-feel-for-proper-tilt","next_content_type":"Lesson","display_name":"Video","contentable":2033977,"contentable_id":2033977,"payment_required":false,"draft":false,"is_released":true,"release_date":null,"prerequisite":false,"total_post_count":0,"discussions_enabled":true,"meta_data":{"duration_in_seconds":75},"expand_enabled":false,"lesson_type_label":null,"lesson_type_icon":null,"default_lesson_type_label":"Video","default_lesson_type_icon":"video","under_construction":false},{"id":5868559,"position":2,"chapter_id":1617734,"name":"Left Shoulder Feel For Proper Tilt","contentable_type":"Lesson","slug":"5868559-left-shoulder-feel-for-proper-tilt","is_free_trial":false,"next_content_id":5869289,"next_content_slug":"5869289-backswing-tilts-check-in","next_content_type":"Survey","display_name":"Video","contentable":2033980,"contentable_id":2033980,"payment_required":false,"draft":false,"is_released":true,"release_date":null,"prerequisite":false,"total_post_count":0,"discussions_enabled":true,"meta_data":{"duration_in_seconds":96},"expand_enabled":false,"lesson_type_label":null,"lesson_type_icon":null,"default_lesson_type_label":"Video","default_lesson_type_icon":"video","under_construction":false},{"id":5869289,"position":3,"chapter_id":1617734,"name":"Backswing Tilts Check-In","contentable_type":"Survey","slug":"5869289-backswing-tilts-check-in","is_free_trial":false,"next_content_id":5868692,"next_content_slug":"5868692-downswing-tilts","next_content_type":"HtmlItem","display_name":"Survey","contentable":242777,"contentable_id":242777,"payment_required":false,"draft":false,"is_released":true,"release_date":null,"prerequisite":false,"total_post_count":0,"discussions_enabled":false,"meta_data":{"question_count":2},"expand_enabled":false,"lesson_type_label":null,"lesson_type_icon":null,"default_lesson_type_label":"Survey","default_lesson_type_icon":"survey","under_construction":false},{"id":5868692,"position":0,"chapter_id":1653115,"name":"Downswing Tilts","contentable_type":"HtmlItem","slug":"5868692-downswing-tilts","is_free_trial":false,"next_content_id":5868630,"next_content_slug":"5868630-downswing-hip-shoulder-tilts","next_content_type":"Lesson","display_name":"Text","contentable":1602403,"contentable_id":1602403,"payment_required":false,"draft":false,"is_released":true,"release_date":null,"prerequisite":false,"total_post_count":0,"discussions_enabled":false,"meta_data":null,"expand_enabled":false,"lesson_type_label":null,"lesson_type_icon":null,"default_lesson_type_label":"Text","default_lesson_type_icon":"text","under_construction":false},{"id":5868630,"position":1,"chapter_id":1653115,"name":"Downswing Hip \u0026 Shoulder Tilts","contentable_type":"Lesson","slug":"5868630-downswing-hip-shoulder-tilts","is_free_trial":false,"next_content_id":5869305,"next_content_slug":"5869305-downswing-tilts-check-in","next_content_type":"Survey","display_name":"Video","contentable":2034005,"contentable_id":2034005,"payment_required":false,"draft":false,"is_released":true,"release_date":null,"prerequisite":false,"total_post_count":0,"discussions_enabled":true,"meta_data":{"duration_in_seconds":56},"expand_enabled":false,"lesson_type_label":null,"lesson_type_icon":null,"default_lesson_type_label":"Video","default_lesson_type_icon":"video","under_construction":false},{"id":5869305,"position":2,"chapter_id":1653115,"name":"Downswing Tilts Check-In","contentable_type":"Survey","slug":"5869305-downswing-tilts-check-in","is_free_trial":false,"next_content_id":5869324,"next_content_slug":"5869324-ingraining-rotation","next_content_type":"HtmlItem","display_name":"Survey","contentable":242778,"contentable_id":242778,"payment_required":false,"draft":false,"is_released":true,"release_date":null,"prerequisite":false,"total_post_count":0,"discussions_enabled":false,"meta_data":{"question_count":2},"expand_enabled":false,"lesson_type_label":null,"lesson_type_icon":null,"default_lesson_type_label":"Survey","default_lesson_type_icon":"survey","under_construction":false},{"id":5869324,"position":0,"chapter_id":1617742,"name":"Ingraining Rotation","contentable_type":"HtmlItem","slug":"5869324-ingraining-rotation","is_free_trial":false,"next_content_id":5868631,"next_content_slug":"5868631-trail-foot-clock-wise-feel","next_content_type":"Lesson","display_name":"Text","contentable":1602636,"contentable_id":1602636,"payment_required":false,"draft":false,"is_released":true,"release_date":null,"prerequisite":false,"total_post_count":0,"discussions_enabled":true,"meta_data":null,"expand_enabled":false,"lesson_type_label":null,"lesson_type_icon":null,"default_lesson_type_label":"Text","default_lesson_type_icon":"text","under_construction":false},{"id":5868631,"position":1,"chapter_id":1617742,"name":"Trail Foot Clock-Wise Feel","contentable_type":"Lesson","slug":"5868631-trail-foot-clock-wise-feel","is_free_trial":false,"next_content_id":5868634,"next_content_slug":"5868634-knee-to-target-downswing-feel","next_content_type":"Lesson","display_name":"Video","contentable":2034006,"contentable_id":2034006,"payment_required":false,"draft":false,"is_released":true,"release_date":null,"prerequisite":false,"total_post_count":0,"discussions_enabled":true,"meta_data":{"duration_in_seconds":73},"expand_enabled":false,"lesson_type_label":null,"lesson_type_icon":null,"default_lesson_type_label":"Video","default_lesson_type_icon":"video","under_construction":false},{"id":5868634,"position":2,"chapter_id":1617742,"name":"Knee To Target Downswing Feel","contentable_type":"Lesson","slug":"5868634-knee-to-target-downswing-feel","is_free_trial":false,"next_content_id":5868637,"next_content_slug":"5868637-alignment-rod-rotation-drill","next_content_type":"Lesson","display_name":"Video","contentable":2034008,"contentable_id":2034008,"payment_required":false,"draft":false,"is_released":true,"release_date":null,"prerequisite":false,"total_post_count":0,"discussions_enabled":true,"meta_data":{"duration_in_seconds":65},"expand_enabled":false,"lesson_type_label":null,"lesson_type_icon":null,"default_lesson_type_label":"Video","default_lesson_type_icon":"video","under_construction":false},{"id":5868637,"position":3,"chapter_id":1617742,"name":"Alignment Rod Rotation Drill","contentable_type":"Lesson","slug":"5868637-alignment-rod-rotation-drill","is_free_trial":false,"next_content_id":5869357,"next_content_slug":"5869357-ingraining-rotation-check-in","next_content_type":"Survey","display_name":"Video","contentable":2034011,"contentable_id":2034011,"payment_required":false,"draft":false,"is_released":true,"release_date":null,"prerequisite":false,"total_post_count":0,"discussions_enabled":true,"meta_data":{"duration_in_seconds":104},"expand_enabled":false,"lesson_type_label":null,"lesson_type_icon":null,"default_lesson_type_label":"Video","default_lesson_type_icon":"video","under_construction":false},{"id":5869357,"position":4,"chapter_id":1617742,"name":"Ingraining Rotation Check-In","contentable_type":"Survey","slug":"5869357-ingraining-rotation-check-in","is_free_trial":false,"next_content_id":5869367,"next_content_slug":"5869367-ingraining-pressure-shift","next_content_type":"HtmlItem","display_name":"Survey","contentable":242782,"contentable_id":242782,"payment_required":false,"draft":false,"is_released":true,"release_date":null,"prerequisite":false,"total_post_count":0,"discussions_enabled":false,"meta_data":{"question_count":4},"expand_enabled":false,"lesson_type_label":null,"lesson_type_icon":null,"default_lesson_type_label":"Survey","default_lesson_type_icon":"survey","under_construction":false},{"id":5869367,"position":0,"chapter_id":1617744,"name":"Ingraining Pressure Shift","contentable_type":"HtmlItem","slug":"5869367-ingraining-pressure-shift","is_free_trial":false,"next_content_id":5868641,"next_content_slug":"5868641-understanding-pressure-shift","next_content_type":"Lesson","display_name":"Text","contentable":1602653,"contentable_id":1602653,"payment_required":false,"draft":false,"is_released":true,"release_date":null,"prerequisite":false,"total_post_count":0,"discussions_enabled":true,"meta_data":null,"expand_enabled":false,"lesson_type_label":null,"lesson_type_icon":null,"default_lesson_type_label":"Text","default_lesson_type_icon":"text","under_construction":false},{"id":5868641,"position":1,"chapter_id":1617744,"name":"Understanding Pressure Shift ","contentable_type":"Lesson","slug":"5868641-understanding-pressure-shift","is_free_trial":false,"next_content_id":5868642,"next_content_slug":"5868642-pressure-shift-step-drill","next_content_type":"Lesson","display_name":"Video","contentable":2034013,"contentable_id":2034013,"payment_required":false,"draft":false,"is_released":true,"release_date":null,"prerequisite":false,"total_post_count":0,"discussions_enabled":true,"meta_data":{"duration_in_seconds":96},"expand_enabled":false,"lesson_type_label":null,"lesson_type_icon":null,"default_lesson_type_label":"Video","default_lesson_type_icon":"video","under_construction":false},{"id":5868642,"position":2,"chapter_id":1617744,"name":"Pressure Shift Step Drill","contentable_type":"Lesson","slug":"5868642-pressure-shift-step-drill","is_free_trial":false,"next_content_id":5869382,"next_content_slug":"5869382-ingraining-pressure-shift-check-in","next_content_type":"Survey","display_name":"Video","contentable":2034014,"contentable_id":2034014,"payment_required":false,"draft":false,"is_released":true,"release_date":null,"prerequisite":false,"total_post_count":0,"discussions_enabled":true,"meta_data":{"duration_in_seconds":117},"expand_enabled":false,"lesson_type_label":null,"lesson_type_icon":null,"default_lesson_type_label":"Video","default_lesson_type_icon":"video","under_construction":false},{"id":5869382,"position":3,"chapter_id":1617744,"name":"Ingraining Pressure Shift Check-In","contentable_type":"Survey","slug":"5869382-ingraining-pressure-shift-check-in","is_free_trial":false,"next_content_id":null,"next_content_slug":null,"next_content_type":null,"display_name":"Survey","contentable":242783,"contentable_id":242783,"payment_required":false,"draft":false,"is_released":true,"release_date":null,"prerequisite":false,"total_post_count":0,"discussions_enabled":false,"meta_data":{"question_count":3},"expand_enabled":false,"lesson_type_label":null,"lesson_type_icon":null,"default_lesson_type_label":"Survey","default_lesson_type_icon":"survey","under_construction":false}],"chapters":[{"id":1617895,"name":"Root Causes Of The Slide","position":0,"course_id":399268,"content_ids":[5868236,5868438]},{"id":1617734,"name":"PHASE 1: Backswing Tilts","position":1,"course_id":399268,"content_ids":[5868645,5868555,5868559,5869289]},{"id":1653115,"name":"PHASE 2: Downswing Tilts","position":2,"course_id":399268,"content_ids":[5868692,5868630,5869305]},{"id":1617742,"name":"PHASE 3: Ingraining Rotation","position":3,"course_id":399268,"content_ids":[5869324,5868631,5868634,5868637,5869357]},{"id":1617744,"name":"PHASE 4: Ingraining Pressure Shift","position":4,"course_id":399268,"content_ids":[5869367,5868641,5868642,5869382]}]}