{"course":{"id":384434,"name":"Starting The Downswing","slug":"Starting-The-Downswing","landing_page_url":"https://www.cogornogolf.com/courses/Starting-The-Downswing","checkout_page_url":"https://www.cogornogolf.com/enroll/405463","site_twitter_handle":"","support_email":"service@cogornogolf.com","subdomain":"cogornogolf","product_id":405463,"use_linkedin_profile_certification":false,"completion_page_html":"","use_custom_completion_page_html":false,"reviews_enabled":false,"goals_enabled":false,"autoplay_all_videos":true,"require_video_completion":false,"video_completion_percentage":"100","disable_chapter_completed_modal":false,"theme":"course_player_white","primary_color":null,"font":null,"logo":null,"show_logo":true,"disable_text_selection":false,"hide_lesson_type_label_and_icon":false,"hide_lesson_type_icon":false,"is_onboarding_demo_course":false,"social_share_course_completion_overridden":false,"social_share_chapter_completion_overridden":false,"social_share_message":null,"facebook_shared_landing_page_url":"https://www.cogornogolf.com/xt2t9","linkedin_shared_landing_page_url":"https://www.cogornogolf.com/aa3wb","twitter_shared_landing_page_url":"https://www.cogornogolf.com/y18x8","shared_landing_page_url":"https://www.cogornogolf.com/b00y6","chapter_ids":[1538150]},"contents":[{"id":5606361,"position":0,"chapter_id":1538150,"name":"Course Overview","contentable_type":"HtmlItem","slug":"5606361-course-overview","is_free_trial":false,"next_content_id":5554910,"next_content_slug":"5554910-the-correct-start-to-the-downswing","next_content_type":"Lesson","display_name":"Text","contentable":1531838,"contentable_id":1531838,"payment_required":false,"draft":false,"is_released":true,"release_date":null,"prerequisite":false,"total_post_count":0,"discussions_enabled":false,"meta_data":null,"expand_enabled":false,"lesson_type_label":null,"lesson_type_icon":null,"default_lesson_type_label":"Text","default_lesson_type_icon":"text","under_construction":false},{"id":5554910,"position":1,"chapter_id":1538150,"name":"The Correct Start To The Downswing","contentable_type":"Lesson","slug":"5554910-the-correct-start-to-the-downswing","is_free_trial":false,"next_content_id":5567019,"next_content_slug":"5567019-how-to-transition-from-backswing-to-downswing","next_content_type":"Lesson","display_name":"Video","contentable":1905719,"contentable_id":1905719,"payment_required":false,"draft":false,"is_released":true,"release_date":null,"prerequisite":false,"total_post_count":2,"discussions_enabled":true,"meta_data":{"duration_in_seconds":314},"expand_enabled":false,"lesson_type_label":null,"lesson_type_icon":null,"default_lesson_type_label":"Video","default_lesson_type_icon":"video","under_construction":false},{"id":5567019,"position":2,"chapter_id":1538150,"name":"How To Transition From Backswing To Downswing","contentable_type":"Lesson","slug":"5567019-how-to-transition-from-backswing-to-downswing","is_free_trial":false,"next_content_id":5554911,"next_content_slug":"5554911-downswing-leg-move","next_content_type":"Lesson","display_name":"Video","contentable":1911321,"contentable_id":1911321,"payment_required":false,"draft":false,"is_released":true,"release_date":null,"prerequisite":false,"total_post_count":1,"discussions_enabled":true,"meta_data":{"duration_in_seconds":708},"expand_enabled":false,"lesson_type_label":null,"lesson_type_icon":null,"default_lesson_type_label":"Video","default_lesson_type_icon":"video","under_construction":false},{"id":5554911,"position":3,"chapter_id":1538150,"name":"Downswing Leg Move","contentable_type":"Lesson","slug":"5554911-downswing-leg-move","is_free_trial":false,"next_content_id":5562129,"next_content_slug":"5562129-downswing-leg-move-takeaways","next_content_type":"HtmlItem","display_name":"Video","contentable":1905720,"contentable_id":1905720,"payment_required":false,"draft":false,"is_released":true,"release_date":null,"prerequisite":false,"total_post_count":4,"discussions_enabled":true,"meta_data":{"duration_in_seconds":726},"expand_enabled":false,"lesson_type_label":null,"lesson_type_icon":null,"default_lesson_type_label":"Video","default_lesson_type_icon":"video","under_construction":false},{"id":5562129,"position":4,"chapter_id":1538150,"name":"Downswing Leg Move Takeaways","contentable_type":"HtmlItem","slug":"5562129-downswing-leg-move-takeaways","is_free_trial":false,"next_content_id":5554912,"next_content_slug":"5554912-rotation-through-tilts-and-bonus-drills","next_content_type":"Lesson","display_name":"Text","contentable":1520666,"contentable_id":1520666,"payment_required":false,"draft":false,"is_released":true,"release_date":null,"prerequisite":false,"total_post_count":0,"discussions_enabled":true,"meta_data":null,"expand_enabled":false,"lesson_type_label":null,"lesson_type_icon":null,"default_lesson_type_label":"Text","default_lesson_type_icon":"text","under_construction":false},{"id":5554912,"position":5,"chapter_id":1538150,"name":"Rotation Through Tilts and Bonus Drills","contentable_type":"Lesson","slug":"5554912-rotation-through-tilts-and-bonus-drills","is_free_trial":false,"next_content_id":null,"next_content_slug":null,"next_content_type":null,"display_name":"Video","contentable":1905721,"contentable_id":1905721,"payment_required":false,"draft":false,"is_released":true,"release_date":null,"prerequisite":false,"total_post_count":1,"discussions_enabled":true,"meta_data":{"duration_in_seconds":921},"expand_enabled":false,"lesson_type_label":null,"lesson_type_icon":null,"default_lesson_type_label":"Video","default_lesson_type_icon":"video","under_construction":false}],"chapters":[{"id":1538150,"name":"Starting The Downswing","position":2,"course_id":384434,"content_ids":[5606361,5554910,5567019,5554911,5562129,5554912]}]}