{"course":{"id":384474,"name":"Staying Centered","slug":"Staying-Centered","landing_page_url":"https://www.cogornogolf.com/courses/Staying-Centered","checkout_page_url":"https://www.cogornogolf.com/enroll/405503","site_twitter_handle":"","support_email":"service@cogornogolf.com","subdomain":"cogornogolf","product_id":405503,"use_linkedin_profile_certification":false,"completion_page_html":"","use_custom_completion_page_html":false,"reviews_enabled":false,"goals_enabled":false,"autoplay_all_videos":true,"require_video_completion":false,"video_completion_percentage":"100","disable_chapter_completed_modal":false,"theme":"course_player_white","primary_color":null,"font":null,"logo":null,"show_logo":true,"disable_text_selection":false,"hide_lesson_type_label_and_icon":false,"hide_lesson_type_icon":false,"is_onboarding_demo_course":false,"social_share_course_completion_overridden":false,"social_share_chapter_completion_overridden":false,"social_share_message":null,"facebook_shared_landing_page_url":"https://www.cogornogolf.com/idmfo","linkedin_shared_landing_page_url":"https://www.cogornogolf.com/5cspg","twitter_shared_landing_page_url":"https://www.cogornogolf.com/wz8yc","shared_landing_page_url":"https://www.cogornogolf.com/3off8","chapter_ids":[1538409]},"contents":[{"id":5606144,"position":0,"chapter_id":1538409,"name":"Course Overview","contentable_type":"HtmlItem","slug":"5606144-course-overview","is_free_trial":false,"next_content_id":5556010,"next_content_slug":"5556010-staying-centered","next_content_type":"Lesson","display_name":"Text","contentable":1531784,"contentable_id":1531784,"payment_required":false,"draft":false,"is_released":true,"release_date":null,"prerequisite":false,"total_post_count":0,"discussions_enabled":false,"meta_data":null,"expand_enabled":false,"lesson_type_label":null,"lesson_type_icon":null,"default_lesson_type_label":"Text","default_lesson_type_icon":"text","under_construction":false},{"id":5556010,"position":1,"chapter_id":1538409,"name":"Staying Centered","contentable_type":"Lesson","slug":"5556010-staying-centered","is_free_trial":false,"next_content_id":5821280,"next_content_slug":"5821280-keeping-a-centered-head","next_content_type":"Lesson","display_name":"Video","contentable":1906693,"contentable_id":1906693,"payment_required":false,"draft":false,"is_released":true,"release_date":null,"prerequisite":false,"total_post_count":0,"discussions_enabled":true,"meta_data":{"duration_in_seconds":635},"expand_enabled":false,"lesson_type_label":null,"lesson_type_icon":null,"default_lesson_type_label":"Video","default_lesson_type_icon":"video","under_construction":false},{"id":5821280,"position":2,"chapter_id":1538409,"name":"Keeping A Centered Head","contentable_type":"Lesson","slug":"5821280-keeping-a-centered-head","is_free_trial":false,"next_content_id":5556015,"next_content_slug":"5556015-eliminating-sway","next_content_type":"Lesson","display_name":"Video","contentable":2015128,"contentable_id":2015128,"payment_required":false,"draft":false,"is_released":true,"release_date":null,"prerequisite":false,"total_post_count":0,"discussions_enabled":true,"meta_data":{"duration_in_seconds":653},"expand_enabled":false,"lesson_type_label":null,"lesson_type_icon":null,"default_lesson_type_label":"Video","default_lesson_type_icon":"video","under_construction":false},{"id":5556015,"position":3,"chapter_id":1538409,"name":"Eliminating Sway","contentable_type":"Lesson","slug":"5556015-eliminating-sway","is_free_trial":false,"next_content_id":5556023,"next_content_slug":"5556023-online-lesson-with-jeff-staying-centered","next_content_type":"Lesson","display_name":"Video","contentable":1906698,"contentable_id":1906698,"payment_required":false,"draft":false,"is_released":true,"release_date":null,"prerequisite":false,"total_post_count":0,"discussions_enabled":true,"meta_data":{"duration_in_seconds":724},"expand_enabled":false,"lesson_type_label":null,"lesson_type_icon":null,"default_lesson_type_label":"Video","default_lesson_type_icon":"video","under_construction":false},{"id":5556023,"position":4,"chapter_id":1538409,"name":"Online Lesson With Jeff: Staying Centered","contentable_type":"Lesson","slug":"5556023-online-lesson-with-jeff-staying-centered","is_free_trial":false,"next_content_id":null,"next_content_slug":null,"next_content_type":null,"display_name":"Video","contentable":1906706,"contentable_id":1906706,"payment_required":false,"draft":false,"is_released":true,"release_date":null,"prerequisite":false,"total_post_count":0,"discussions_enabled":true,"meta_data":{"duration_in_seconds":1521},"expand_enabled":false,"lesson_type_label":null,"lesson_type_icon":null,"default_lesson_type_label":"Video","default_lesson_type_icon":"video","under_construction":false}],"chapters":[{"id":1538409,"name":"Staying Centered","position":2,"course_id":384474,"content_ids":[5606144,5556010,5821280,5556015,5556023]}]}