{"course":{"id":384437,"name":"Wedge Basics","slug":"Wedge-Basics","landing_page_url":"https://www.cogornogolf.com/courses/Wedge-Basics","checkout_page_url":"https://www.cogornogolf.com/enroll/405466","site_twitter_handle":"","support_email":"service@cogornogolf.com","subdomain":"cogornogolf","product_id":405466,"use_linkedin_profile_certification":false,"completion_page_html":"","use_custom_completion_page_html":false,"reviews_enabled":false,"goals_enabled":false,"autoplay_all_videos":true,"require_video_completion":false,"video_completion_percentage":"100","disable_chapter_completed_modal":false,"theme":"course_player_white","primary_color":null,"font":null,"logo":null,"show_logo":true,"disable_text_selection":false,"hide_lesson_type_label_and_icon":false,"hide_lesson_type_icon":false,"is_onboarding_demo_course":false,"social_share_course_completion_overridden":false,"social_share_chapter_completion_overridden":false,"social_share_message":null,"facebook_shared_landing_page_url":"https://www.cogornogolf.com/zafzl","linkedin_shared_landing_page_url":"https://www.cogornogolf.com/lstyz","twitter_shared_landing_page_url":"https://www.cogornogolf.com/ux8dg","shared_landing_page_url":"https://www.cogornogolf.com/l4a7e","chapter_ids":[1538165]},"contents":[{"id":5554999,"position":0,"chapter_id":1538165,"name":"Set Up","contentable_type":"Lesson","slug":"5554999-set-up","is_free_trial":false,"next_content_id":5555000,"next_content_slug":"5555000-in-swing-pieces","next_content_type":"Lesson","display_name":"Video","contentable":1905807,"contentable_id":1905807,"payment_required":false,"draft":false,"is_released":true,"release_date":null,"prerequisite":false,"total_post_count":0,"discussions_enabled":true,"meta_data":{"duration_in_seconds":341},"expand_enabled":false,"lesson_type_label":null,"lesson_type_icon":null,"default_lesson_type_label":"Video","default_lesson_type_icon":"video","under_construction":false},{"id":5555000,"position":1,"chapter_id":1538165,"name":"In Swing Pieces","contentable_type":"Lesson","slug":"5555000-in-swing-pieces","is_free_trial":false,"next_content_id":5555001,"next_content_slug":"5555001-trajectories","next_content_type":"Lesson","display_name":"Video","contentable":1905808,"contentable_id":1905808,"payment_required":false,"draft":false,"is_released":true,"release_date":null,"prerequisite":false,"total_post_count":0,"discussions_enabled":true,"meta_data":{"duration_in_seconds":277},"expand_enabled":false,"lesson_type_label":null,"lesson_type_icon":null,"default_lesson_type_label":"Video","default_lesson_type_icon":"video","under_construction":false},{"id":5555001,"position":2,"chapter_id":1538165,"name":"Trajectories","contentable_type":"Lesson","slug":"5555001-trajectories","is_free_trial":false,"next_content_id":null,"next_content_slug":null,"next_content_type":null,"display_name":"Video","contentable":1905809,"contentable_id":1905809,"payment_required":false,"draft":false,"is_released":true,"release_date":null,"prerequisite":false,"total_post_count":3,"discussions_enabled":true,"meta_data":{"duration_in_seconds":618},"expand_enabled":false,"lesson_type_label":null,"lesson_type_icon":null,"default_lesson_type_label":"Video","default_lesson_type_icon":"video","under_construction":false}],"chapters":[{"id":1538165,"name":"Basics","position":2,"course_id":384437,"content_ids":[5554999,5555000,5555001]}]}