{"course":{"id":384457,"name":"Wrist Conditions","slug":"Wrist-Conditions","landing_page_url":"https://www.cogornogolf.com/courses/Wrist-Conditions","checkout_page_url":"https://www.cogornogolf.com/enroll/405486","site_twitter_handle":"","support_email":"service@cogornogolf.com","subdomain":"cogornogolf","product_id":405486,"use_linkedin_profile_certification":false,"completion_page_html":"","use_custom_completion_page_html":false,"reviews_enabled":false,"goals_enabled":false,"autoplay_all_videos":true,"require_video_completion":false,"video_completion_percentage":"100","disable_chapter_completed_modal":false,"theme":"course_player_white","primary_color":null,"font":null,"logo":null,"show_logo":true,"disable_text_selection":false,"hide_lesson_type_label_and_icon":false,"hide_lesson_type_icon":false,"is_onboarding_demo_course":false,"social_share_course_completion_overridden":false,"social_share_chapter_completion_overridden":false,"social_share_message":null,"facebook_shared_landing_page_url":"https://www.cogornogolf.com/1irjv","linkedin_shared_landing_page_url":"https://www.cogornogolf.com/uispd","twitter_shared_landing_page_url":"https://www.cogornogolf.com/nq2u4","shared_landing_page_url":"https://www.cogornogolf.com/c2ozb","chapter_ids":[1538317,1569474]},"contents":[{"id":5606505,"position":0,"chapter_id":1538317,"name":"Course Overview","contentable_type":"HtmlItem","slug":"5606505-course-overview","is_free_trial":false,"next_content_id":5555547,"next_content_slug":"5555547-wrist-angles","next_content_type":"Lesson","display_name":"Text","contentable":1531861,"contentable_id":1531861,"payment_required":false,"draft":false,"is_released":true,"release_date":null,"prerequisite":false,"total_post_count":0,"discussions_enabled":false,"meta_data":null,"expand_enabled":false,"lesson_type_label":null,"lesson_type_icon":null,"default_lesson_type_label":"Text","default_lesson_type_icon":"text","under_construction":false},{"id":5555547,"position":1,"chapter_id":1538317,"name":"Wrist Angles ","contentable_type":"Lesson","slug":"5555547-wrist-angles","is_free_trial":false,"next_content_id":5555536,"next_content_slug":"5555536-compressing-the-ball-arms-and-hands","next_content_type":"Lesson","display_name":"Video","contentable":1906248,"contentable_id":1906248,"payment_required":false,"draft":false,"is_released":true,"release_date":null,"prerequisite":false,"total_post_count":0,"discussions_enabled":true,"meta_data":{"duration_in_seconds":565},"expand_enabled":false,"lesson_type_label":null,"lesson_type_icon":null,"default_lesson_type_label":"Video","default_lesson_type_icon":"video","under_construction":false},{"id":5555536,"position":2,"chapter_id":1538317,"name":"Compressing The Ball - Arms and Hands","contentable_type":"Lesson","slug":"5555536-compressing-the-ball-arms-and-hands","is_free_trial":false,"next_content_id":5555529,"next_content_slug":"5555529-faults-and-fixes-wrist-conditions","next_content_type":"Lesson","display_name":"Video","contentable":1906237,"contentable_id":1906237,"payment_required":false,"draft":false,"is_released":true,"release_date":null,"prerequisite":false,"total_post_count":1,"discussions_enabled":true,"meta_data":{"duration_in_seconds":549},"expand_enabled":false,"lesson_type_label":null,"lesson_type_icon":null,"default_lesson_type_label":"Video","default_lesson_type_icon":"video","under_construction":false},{"id":5555529,"position":3,"chapter_id":1538317,"name":"Faults and Fixes - Wrist Conditions","contentable_type":"Lesson","slug":"5555529-faults-and-fixes-wrist-conditions","is_free_trial":false,"next_content_id":5555540,"next_content_slug":"5555540-compressing-the-ball-wrist-angles","next_content_type":"Lesson","display_name":"Video","contentable":1906230,"contentable_id":1906230,"payment_required":false,"draft":false,"is_released":true,"release_date":null,"prerequisite":false,"total_post_count":0,"discussions_enabled":true,"meta_data":{"duration_in_seconds":266},"expand_enabled":false,"lesson_type_label":null,"lesson_type_icon":null,"default_lesson_type_label":"Video","default_lesson_type_icon":"video","under_construction":false},{"id":5555540,"position":4,"chapter_id":1538317,"name":"Compressing The Ball - Wrist Angles","contentable_type":"Lesson","slug":"5555540-compressing-the-ball-wrist-angles","is_free_trial":false,"next_content_id":5566856,"next_content_slug":"5566856-killer-left-wrist-move","next_content_type":"Lesson","display_name":"Video","contentable":1906241,"contentable_id":1906241,"payment_required":false,"draft":false,"is_released":true,"release_date":null,"prerequisite":false,"total_post_count":0,"discussions_enabled":true,"meta_data":{"duration_in_seconds":462},"expand_enabled":false,"lesson_type_label":null,"lesson_type_icon":null,"default_lesson_type_label":"Video","default_lesson_type_icon":"video","under_construction":false},{"id":5566856,"position":5,"chapter_id":1538317,"name":"Killer Left Wrist Move","contentable_type":"Lesson","slug":"5566856-killer-left-wrist-move","is_free_trial":false,"next_content_id":5566854,"next_content_slug":"5566854-killer-right-wrist-move","next_content_type":"Lesson","display_name":"Video","contentable":1911259,"contentable_id":1911259,"payment_required":false,"draft":false,"is_released":true,"release_date":null,"prerequisite":false,"total_post_count":1,"discussions_enabled":true,"meta_data":{"duration_in_seconds":388},"expand_enabled":false,"lesson_type_label":null,"lesson_type_icon":null,"default_lesson_type_label":"Video","default_lesson_type_icon":"video","under_construction":false},{"id":5566854,"position":6,"chapter_id":1538317,"name":"Killer Right Wrist Move","contentable_type":"Lesson","slug":"5566854-killer-right-wrist-move","is_free_trial":false,"next_content_id":5566862,"next_content_slug":"5566862-matching-the-grip-with-wrist-conditions","next_content_type":"Lesson","display_name":"Video","contentable":1911258,"contentable_id":1911258,"payment_required":false,"draft":false,"is_released":true,"release_date":null,"prerequisite":false,"total_post_count":0,"discussions_enabled":true,"meta_data":{"duration_in_seconds":399},"expand_enabled":false,"lesson_type_label":null,"lesson_type_icon":null,"default_lesson_type_label":"Video","default_lesson_type_icon":"video","under_construction":false},{"id":5566862,"position":7,"chapter_id":1538317,"name":"Matching The Grip With Wrist Conditions","contentable_type":"Lesson","slug":"5566862-matching-the-grip-with-wrist-conditions","is_free_trial":false,"next_content_id":5675130,"next_content_slug":"5675130-perfecting-the-right-wrist","next_content_type":"Lesson","display_name":"Video","contentable":1911262,"contentable_id":1911262,"payment_required":false,"draft":false,"is_released":true,"release_date":null,"prerequisite":false,"total_post_count":1,"discussions_enabled":true,"meta_data":{"duration_in_seconds":423},"expand_enabled":false,"lesson_type_label":null,"lesson_type_icon":null,"default_lesson_type_label":"Video","default_lesson_type_icon":"video","under_construction":false},{"id":5675130,"position":0,"chapter_id":1569474,"name":"Perfecting the Right Wrist","contentable_type":"Lesson","slug":"5675130-perfecting-the-right-wrist","is_free_trial":false,"next_content_id":5675118,"next_content_slug":"5675118-practicing-right-wrist-conditions","next_content_type":"Lesson","display_name":"Video","contentable":1957950,"contentable_id":1957950,"payment_required":false,"draft":false,"is_released":true,"release_date":null,"prerequisite":false,"total_post_count":0,"discussions_enabled":true,"meta_data":{"duration_in_seconds":316},"expand_enabled":false,"lesson_type_label":null,"lesson_type_icon":null,"default_lesson_type_label":"Video","default_lesson_type_icon":"video","under_construction":false},{"id":5675118,"position":1,"chapter_id":1569474,"name":"Practicing Right Wrist Conditions","contentable_type":"Lesson","slug":"5675118-practicing-right-wrist-conditions","is_free_trial":false,"next_content_id":5675075,"next_content_slug":"5675075-how-the-right-wrist-works-in-the-backswing","next_content_type":"Lesson","display_name":"Video","contentable":1957948,"contentable_id":1957948,"payment_required":false,"draft":false,"is_released":true,"release_date":null,"prerequisite":false,"total_post_count":0,"discussions_enabled":true,"meta_data":{"duration_in_seconds":369},"expand_enabled":false,"lesson_type_label":null,"lesson_type_icon":null,"default_lesson_type_label":"Video","default_lesson_type_icon":"video","under_construction":false},{"id":5675075,"position":2,"chapter_id":1569474,"name":"How the Right Wrist Works In The Backswing","contentable_type":"Lesson","slug":"5675075-how-the-right-wrist-works-in-the-backswing","is_free_trial":false,"next_content_id":5675068,"next_content_slug":"5675068-bonus-drills-and-feedback-for-right-wrist","next_content_type":"Lesson","display_name":"Video","contentable":1957938,"contentable_id":1957938,"payment_required":false,"draft":false,"is_released":true,"release_date":null,"prerequisite":false,"total_post_count":0,"discussions_enabled":true,"meta_data":{"duration_in_seconds":188},"expand_enabled":false,"lesson_type_label":null,"lesson_type_icon":null,"default_lesson_type_label":"Video","default_lesson_type_icon":"video","under_construction":false},{"id":5675068,"position":3,"chapter_id":1569474,"name":"Bonus Drills and Feedback for Right Wrist","contentable_type":"Lesson","slug":"5675068-bonus-drills-and-feedback-for-right-wrist","is_free_trial":false,"next_content_id":null,"next_content_slug":null,"next_content_type":null,"display_name":"Video","contentable":1957936,"contentable_id":1957936,"payment_required":false,"draft":false,"is_released":true,"release_date":null,"prerequisite":false,"total_post_count":0,"discussions_enabled":true,"meta_data":{"duration_in_seconds":270},"expand_enabled":false,"lesson_type_label":null,"lesson_type_icon":null,"default_lesson_type_label":"Video","default_lesson_type_icon":"video","under_construction":false}],"chapters":[{"id":1538317,"name":"Wrist Conditions: Why You Must Use Your Hands","position":4,"course_id":384457,"content_ids":[5606505,5555547,5555536,5555529,5555540,5566856,5566854,5566862]},{"id":1569474,"name":"Perfecting The Right Wrist ","position":5,"course_id":384457,"content_ids":[5675130,5675118,5675075,5675068]}]}