{"course":{"id":384473,"name":"Backswing Mechanics","slug":"Backswing-Mechanics","landing_page_url":"https://www.cogornogolf.com/courses/Backswing-Mechanics","checkout_page_url":"https://www.cogornogolf.com/enroll/405502","site_twitter_handle":"","support_email":"service@cogornogolf.com","subdomain":"cogornogolf","product_id":405502,"use_linkedin_profile_certification":false,"completion_page_html":"","use_custom_completion_page_html":false,"reviews_enabled":false,"goals_enabled":false,"autoplay_all_videos":true,"require_video_completion":false,"video_completion_percentage":"100","disable_chapter_completed_modal":false,"theme":"course_player_white","primary_color":null,"font":null,"logo":null,"show_logo":true,"disable_text_selection":false,"hide_lesson_type_label_and_icon":false,"hide_lesson_type_icon":false,"is_onboarding_demo_course":false,"social_share_course_completion_overridden":false,"social_share_chapter_completion_overridden":false,"social_share_message":null,"facebook_shared_landing_page_url":"https://www.cogornogolf.com/opke3","linkedin_shared_landing_page_url":"https://www.cogornogolf.com/r7eze","twitter_shared_landing_page_url":"https://www.cogornogolf.com/g09uc","shared_landing_page_url":"https://www.cogornogolf.com/91fg3","chapter_ids":[1538403]},"contents":[{"id":5597953,"position":0,"chapter_id":1538403,"name":"Course Overview","contentable_type":"HtmlItem","slug":"5597953-course-overview","is_free_trial":false,"next_content_id":5555971,"next_content_slug":"5555971-arms-and-hands","next_content_type":"Lesson","display_name":"Text","contentable":1529686,"contentable_id":1529686,"payment_required":false,"draft":false,"is_released":true,"release_date":null,"prerequisite":false,"total_post_count":0,"discussions_enabled":false,"meta_data":null,"expand_enabled":false,"lesson_type_label":null,"lesson_type_icon":null,"default_lesson_type_label":"Text","default_lesson_type_icon":"text","under_construction":false},{"id":5555971,"position":1,"chapter_id":1538403,"name":"Arms and Hands","contentable_type":"Lesson","slug":"5555971-arms-and-hands","is_free_trial":false,"next_content_id":5555972,"next_content_slug":"5555972-body","next_content_type":"Lesson","display_name":"Video","contentable":1906654,"contentable_id":1906654,"payment_required":false,"draft":false,"is_released":true,"release_date":null,"prerequisite":false,"total_post_count":0,"discussions_enabled":true,"meta_data":{"duration_in_seconds":308},"expand_enabled":false,"lesson_type_label":null,"lesson_type_icon":null,"default_lesson_type_label":"Video","default_lesson_type_icon":"video","under_construction":false},{"id":5555972,"position":2,"chapter_id":1538403,"name":"Body","contentable_type":"Lesson","slug":"5555972-body","is_free_trial":false,"next_content_id":5555975,"next_content_slug":"5555975-top-of-backswing-body-arms-hands","next_content_type":"Lesson","display_name":"Video","contentable":1906655,"contentable_id":1906655,"payment_required":false,"draft":false,"is_released":true,"release_date":null,"prerequisite":false,"total_post_count":0,"discussions_enabled":true,"meta_data":{"duration_in_seconds":345},"expand_enabled":false,"lesson_type_label":null,"lesson_type_icon":null,"default_lesson_type_label":"Video","default_lesson_type_icon":"video","under_construction":false},{"id":5555975,"position":3,"chapter_id":1538403,"name":"Top of Backswing: Body, Arms, Hands","contentable_type":"Lesson","slug":"5555975-top-of-backswing-body-arms-hands","is_free_trial":false,"next_content_id":5555981,"next_content_slug":"5555981-backswing-plane","next_content_type":"Lesson","display_name":"Video","contentable":1906658,"contentable_id":1906658,"payment_required":false,"draft":false,"is_released":true,"release_date":null,"prerequisite":false,"total_post_count":0,"discussions_enabled":true,"meta_data":{"duration_in_seconds":355},"expand_enabled":false,"lesson_type_label":null,"lesson_type_icon":null,"default_lesson_type_label":"Video","default_lesson_type_icon":"video","under_construction":false},{"id":5555981,"position":4,"chapter_id":1538403,"name":"Backswing Plane","contentable_type":"Lesson","slug":"5555981-backswing-plane","is_free_trial":false,"next_content_id":5555982,"next_content_slug":"5555982-backswing-checkpoints","next_content_type":"Lesson","display_name":"Video","contentable":1906664,"contentable_id":1906664,"payment_required":false,"draft":false,"is_released":true,"release_date":null,"prerequisite":false,"total_post_count":0,"discussions_enabled":true,"meta_data":{"duration_in_seconds":321},"expand_enabled":false,"lesson_type_label":null,"lesson_type_icon":null,"default_lesson_type_label":"Video","default_lesson_type_icon":"video","under_construction":false},{"id":5555982,"position":5,"chapter_id":1538403,"name":"Backswing Checkpoints","contentable_type":"Lesson","slug":"5555982-backswing-checkpoints","is_free_trial":false,"next_content_id":null,"next_content_slug":null,"next_content_type":null,"display_name":"Video","contentable":1906665,"contentable_id":1906665,"payment_required":false,"draft":false,"is_released":true,"release_date":null,"prerequisite":false,"total_post_count":0,"discussions_enabled":true,"meta_data":{"duration_in_seconds":533},"expand_enabled":false,"lesson_type_label":null,"lesson_type_icon":null,"default_lesson_type_label":"Video","default_lesson_type_icon":"video","under_construction":false}],"chapters":[{"id":1538403,"name":"Mechanical Fundamentals: Backswing (P2-P4)","position":1,"course_id":384473,"content_ids":[5597953,5555971,5555972,5555975,5555981,5555982]}]}