{"course":{"id":384445,"name":"Ball Position","slug":"ball-position","landing_page_url":"https://www.cogornogolf.com/courses/ball-position","checkout_page_url":"https://www.cogornogolf.com/enroll/405474","site_twitter_handle":"","support_email":"service@cogornogolf.com","subdomain":"cogornogolf","product_id":405474,"use_linkedin_profile_certification":false,"completion_page_html":"","use_custom_completion_page_html":false,"reviews_enabled":false,"goals_enabled":false,"autoplay_all_videos":true,"require_video_completion":false,"video_completion_percentage":"100","disable_chapter_completed_modal":false,"theme":"course_player_white","primary_color":null,"font":null,"logo":null,"show_logo":true,"disable_text_selection":false,"hide_lesson_type_label_and_icon":false,"hide_lesson_type_icon":false,"is_onboarding_demo_course":false,"social_share_course_completion_overridden":false,"social_share_chapter_completion_overridden":false,"social_share_message":null,"facebook_shared_landing_page_url":"https://www.cogornogolf.com/s5qrt","linkedin_shared_landing_page_url":"https://www.cogornogolf.com/9vok9","twitter_shared_landing_page_url":"https://www.cogornogolf.com/hybto","shared_landing_page_url":"https://www.cogornogolf.com/xahfy","chapter_ids":[1538223]},"contents":[{"id":5596830,"position":0,"chapter_id":1538223,"name":"Course Overview","contentable_type":"HtmlItem","slug":"5596830-course-overview","is_free_trial":false,"next_content_id":5555174,"next_content_slug":"5555174-faults-and-fixes-ball-too-far-back","next_content_type":"Lesson","display_name":"Text","contentable":1529404,"contentable_id":1529404,"payment_required":false,"draft":false,"is_released":true,"release_date":null,"prerequisite":false,"total_post_count":0,"discussions_enabled":false,"meta_data":null,"expand_enabled":false,"lesson_type_label":null,"lesson_type_icon":null,"default_lesson_type_label":"Text","default_lesson_type_icon":"text","under_construction":false},{"id":5555174,"position":1,"chapter_id":1538223,"name":"Faults and Fixes - Ball Too Far Back","contentable_type":"Lesson","slug":"5555174-faults-and-fixes-ball-too-far-back","is_free_trial":false,"next_content_id":5555173,"next_content_slug":"5555173-faults-and-fixes-ball-too-far-forward","next_content_type":"Lesson","display_name":"Video","contentable":1905931,"contentable_id":1905931,"payment_required":false,"draft":false,"is_released":true,"release_date":null,"prerequisite":false,"total_post_count":0,"discussions_enabled":true,"meta_data":{"duration_in_seconds":202},"expand_enabled":false,"lesson_type_label":null,"lesson_type_icon":null,"default_lesson_type_label":"Video","default_lesson_type_icon":"video","under_construction":false},{"id":5555173,"position":2,"chapter_id":1538223,"name":"Faults and Fixes - Ball Too Far Forward","contentable_type":"Lesson","slug":"5555173-faults-and-fixes-ball-too-far-forward","is_free_trial":false,"next_content_id":null,"next_content_slug":null,"next_content_type":null,"display_name":"Video","contentable":1905930,"contentable_id":1905930,"payment_required":false,"draft":false,"is_released":true,"release_date":null,"prerequisite":false,"total_post_count":0,"discussions_enabled":true,"meta_data":{"duration_in_seconds":238},"expand_enabled":false,"lesson_type_label":null,"lesson_type_icon":null,"default_lesson_type_label":"Video","default_lesson_type_icon":"video","under_construction":false}],"chapters":[{"id":1538223,"name":"Ball Position","position":4,"course_id":384445,"content_ids":[5596830,5555174,5555173]}]}