{"course":{"id":384442,"name":"Body Positioning","slug":"Body-Positioning","landing_page_url":"https://www.cogornogolf.com/courses/Body-Positioning","checkout_page_url":"https://www.cogornogolf.com/enroll/405471","site_twitter_handle":"","support_email":"service@cogornogolf.com","subdomain":"cogornogolf","product_id":405471,"use_linkedin_profile_certification":false,"completion_page_html":"","use_custom_completion_page_html":false,"reviews_enabled":false,"goals_enabled":false,"autoplay_all_videos":true,"require_video_completion":false,"video_completion_percentage":"100","disable_chapter_completed_modal":false,"theme":"course_player_white","primary_color":null,"font":null,"logo":null,"show_logo":true,"disable_text_selection":false,"hide_lesson_type_label_and_icon":false,"hide_lesson_type_icon":false,"is_onboarding_demo_course":false,"social_share_course_completion_overridden":false,"social_share_chapter_completion_overridden":false,"social_share_message":null,"facebook_shared_landing_page_url":"https://www.cogornogolf.com/vv004","linkedin_shared_landing_page_url":"https://www.cogornogolf.com/4m2s7","twitter_shared_landing_page_url":"https://www.cogornogolf.com/jeu4u","shared_landing_page_url":"https://www.cogornogolf.com/jhjyl","chapter_ids":[1538191]},"contents":[{"id":5596732,"position":0,"chapter_id":1538191,"name":"Course Overview","contentable_type":"HtmlItem","slug":"5596732-course-overview","is_free_trial":false,"next_content_id":5555106,"next_content_slug":"5555106-face-on-setup","next_content_type":"Lesson","display_name":"Text","contentable":1529390,"contentable_id":1529390,"payment_required":false,"draft":false,"is_released":true,"release_date":null,"prerequisite":false,"total_post_count":0,"discussions_enabled":false,"meta_data":null,"expand_enabled":false,"lesson_type_label":null,"lesson_type_icon":null,"default_lesson_type_label":"Text","default_lesson_type_icon":"text","under_construction":false},{"id":5555106,"position":1,"chapter_id":1538191,"name":"Face On Setup","contentable_type":"Lesson","slug":"5555106-face-on-setup","is_free_trial":false,"next_content_id":5555105,"next_content_slug":"5555105-down-the-line-setup","next_content_type":"Lesson","display_name":"Video","contentable":1905900,"contentable_id":1905900,"payment_required":false,"draft":false,"is_released":true,"release_date":null,"prerequisite":false,"total_post_count":0,"discussions_enabled":true,"meta_data":{"duration_in_seconds":390},"expand_enabled":false,"lesson_type_label":null,"lesson_type_icon":null,"default_lesson_type_label":"Video","default_lesson_type_icon":"video","under_construction":false},{"id":5555105,"position":2,"chapter_id":1538191,"name":"Down The Line Setup","contentable_type":"Lesson","slug":"5555105-down-the-line-setup","is_free_trial":false,"next_content_id":5555107,"next_content_slug":"5555107-through-the-bag","next_content_type":"Lesson","display_name":"Video","contentable":1905899,"contentable_id":1905899,"payment_required":false,"draft":false,"is_released":true,"release_date":null,"prerequisite":false,"total_post_count":1,"discussions_enabled":true,"meta_data":{"duration_in_seconds":309},"expand_enabled":false,"lesson_type_label":null,"lesson_type_icon":null,"default_lesson_type_label":"Video","default_lesson_type_icon":"video","under_construction":false},{"id":5555107,"position":3,"chapter_id":1538191,"name":"Through the Bag","contentable_type":"Lesson","slug":"5555107-through-the-bag","is_free_trial":false,"next_content_id":5555108,"next_content_slug":"5555108-faults-and-fixes-feet-width-tilt-and-hands","next_content_type":"Lesson","display_name":"Video","contentable":1905901,"contentable_id":1905901,"payment_required":false,"draft":false,"is_released":true,"release_date":null,"prerequisite":false,"total_post_count":1,"discussions_enabled":true,"meta_data":{"duration_in_seconds":295},"expand_enabled":false,"lesson_type_label":null,"lesson_type_icon":null,"default_lesson_type_label":"Video","default_lesson_type_icon":"video","under_construction":false},{"id":5555108,"position":4,"chapter_id":1538191,"name":"Faults and Fixes - Feet Width, Tilt and Hands","contentable_type":"Lesson","slug":"5555108-faults-and-fixes-feet-width-tilt-and-hands","is_free_trial":false,"next_content_id":null,"next_content_slug":null,"next_content_type":null,"display_name":"Video","contentable":1905902,"contentable_id":1905902,"payment_required":false,"draft":false,"is_released":true,"release_date":null,"prerequisite":false,"total_post_count":1,"discussions_enabled":true,"meta_data":{"duration_in_seconds":355},"expand_enabled":false,"lesson_type_label":null,"lesson_type_icon":null,"default_lesson_type_label":"Video","default_lesson_type_icon":"video","under_construction":false}],"chapters":[{"id":1538191,"name":"Body Positioning Fundamentals","position":3,"course_id":384442,"content_ids":[5596732,5555106,5555105,5555107,5555108]}]}