{"course":{"id":791789,"name":"Compression Master Class","slug":"compression-master-class","landing_page_url":"https://www.cogornogolf.com/courses/compression-master-class","checkout_page_url":"https://www.cogornogolf.com/enroll/832114","site_twitter_handle":"","support_email":"service@cogornogolf.com","subdomain":"cogornogolf","product_id":832114,"use_linkedin_profile_certification":false,"completion_page_html":"","use_custom_completion_page_html":false,"reviews_enabled":false,"goals_enabled":false,"autoplay_all_videos":true,"require_video_completion":false,"video_completion_percentage":"100","disable_chapter_completed_modal":false,"theme":null,"primary_color":null,"font":null,"logo":null,"show_logo":true,"disable_text_selection":false,"hide_lesson_type_label_and_icon":false,"hide_lesson_type_icon":false,"is_onboarding_demo_course":false,"social_share_course_completion_overridden":false,"social_share_chapter_completion_overridden":false,"social_share_message":null,"facebook_shared_landing_page_url":"https://www.cogornogolf.com/qplrh","linkedin_shared_landing_page_url":"https://www.cogornogolf.com/grdit","twitter_shared_landing_page_url":"https://www.cogornogolf.com/y13gh","shared_landing_page_url":"https://www.cogornogolf.com/u1m1k","chapter_ids":[3540381]},"contents":[{"id":13716500,"position":2,"chapter_id":3540381,"name":"Video 1-What To Expect","contentable_type":"Lesson","slug":"13716500-video-1-what-to-expect","is_free_trial":false,"next_content_id":13716520,"next_content_slug":"13716520-video-2-what-is-compression","next_content_type":"Lesson","display_name":"Video","contentable":5386012,"contentable_id":5386012,"payment_required":false,"draft":false,"is_released":true,"release_date":null,"prerequisite":false,"total_post_count":0,"discussions_enabled":false,"meta_data":{"duration_in_seconds":43},"expand_enabled":false,"lesson_type_label":null,"lesson_type_icon":null,"default_lesson_type_label":"Video","default_lesson_type_icon":"video","under_construction":false},{"id":13716520,"position":3,"chapter_id":3540381,"name":"Video 2-What Is Compression?","contentable_type":"Lesson","slug":"13716520-video-2-what-is-compression","is_free_trial":false,"next_content_id":13716525,"next_content_slug":"13716525-video-3-understanding-impact","next_content_type":"Lesson","display_name":"Video","contentable":5386024,"contentable_id":5386024,"payment_required":false,"draft":false,"is_released":true,"release_date":null,"prerequisite":false,"total_post_count":0,"discussions_enabled":false,"meta_data":{"duration_in_seconds":254},"expand_enabled":false,"lesson_type_label":null,"lesson_type_icon":null,"default_lesson_type_label":"Video","default_lesson_type_icon":"video","under_construction":false},{"id":13716525,"position":4,"chapter_id":3540381,"name":"Video 3-Understanding Impact","contentable_type":"Lesson","slug":"13716525-video-3-understanding-impact","is_free_trial":false,"next_content_id":13716530,"next_content_slug":"13716530-video-4-setup","next_content_type":"Lesson","display_name":"Video","contentable":5386027,"contentable_id":5386027,"payment_required":false,"draft":false,"is_released":true,"release_date":null,"prerequisite":false,"total_post_count":0,"discussions_enabled":false,"meta_data":{"duration_in_seconds":140},"expand_enabled":false,"lesson_type_label":null,"lesson_type_icon":null,"default_lesson_type_label":"Video","default_lesson_type_icon":"video","under_construction":false},{"id":13716530,"position":5,"chapter_id":3540381,"name":"Video 4-Setup","contentable_type":"Lesson","slug":"13716530-video-4-setup","is_free_trial":false,"next_content_id":13716548,"next_content_slug":"13716548-video-5-backswing-clubface","next_content_type":"Lesson","display_name":"Video","contentable":5386031,"contentable_id":5386031,"payment_required":false,"draft":false,"is_released":true,"release_date":null,"prerequisite":false,"total_post_count":0,"discussions_enabled":false,"meta_data":{"duration_in_seconds":183},"expand_enabled":false,"lesson_type_label":null,"lesson_type_icon":null,"default_lesson_type_label":"Video","default_lesson_type_icon":"video","under_construction":false},{"id":13716548,"position":6,"chapter_id":3540381,"name":"Video 5-Backswing Clubface","contentable_type":"Lesson","slug":"13716548-video-5-backswing-clubface","is_free_trial":false,"next_content_id":13716553,"next_content_slug":"13716553-video-6-backswing-left-wrist","next_content_type":"Lesson","display_name":"Video","contentable":5386041,"contentable_id":5386041,"payment_required":false,"draft":false,"is_released":true,"release_date":null,"prerequisite":false,"total_post_count":0,"discussions_enabled":false,"meta_data":{"duration_in_seconds":240},"expand_enabled":false,"lesson_type_label":null,"lesson_type_icon":null,"default_lesson_type_label":"Video","default_lesson_type_icon":"video","under_construction":false},{"id":13716553,"position":7,"chapter_id":3540381,"name":"Video 6-Backswing Left Wrist","contentable_type":"Lesson","slug":"13716553-video-6-backswing-left-wrist","is_free_trial":false,"next_content_id":13716556,"next_content_slug":"13716556-video-7-backswing-right-wrist","next_content_type":"Lesson","display_name":"Video","contentable":5386044,"contentable_id":5386044,"payment_required":false,"draft":false,"is_released":true,"release_date":null,"prerequisite":false,"total_post_count":0,"discussions_enabled":false,"meta_data":{"duration_in_seconds":263},"expand_enabled":false,"lesson_type_label":null,"lesson_type_icon":null,"default_lesson_type_label":"Video","default_lesson_type_icon":"video","under_construction":false},{"id":13716556,"position":8,"chapter_id":3540381,"name":"Video 7-Backswing Right Wrist","contentable_type":"Lesson","slug":"13716556-video-7-backswing-right-wrist","is_free_trial":false,"next_content_id":13716558,"next_content_slug":"13716558-video-8-backswing-body-motions","next_content_type":"Lesson","display_name":"Video","contentable":5386046,"contentable_id":5386046,"payment_required":false,"draft":false,"is_released":true,"release_date":null,"prerequisite":false,"total_post_count":0,"discussions_enabled":false,"meta_data":{"duration_in_seconds":206},"expand_enabled":false,"lesson_type_label":null,"lesson_type_icon":null,"default_lesson_type_label":"Video","default_lesson_type_icon":"video","under_construction":false},{"id":13716558,"position":9,"chapter_id":3540381,"name":"Video 8-Backswing Body Motions","contentable_type":"Lesson","slug":"13716558-video-8-backswing-body-motions","is_free_trial":false,"next_content_id":13716561,"next_content_slug":"13716561-video-9-backswing-clubface","next_content_type":"Lesson","display_name":"Video","contentable":5386047,"contentable_id":5386047,"payment_required":false,"draft":false,"is_released":true,"release_date":null,"prerequisite":false,"total_post_count":0,"discussions_enabled":false,"meta_data":{"duration_in_seconds":221},"expand_enabled":false,"lesson_type_label":null,"lesson_type_icon":null,"default_lesson_type_label":"Video","default_lesson_type_icon":"video","under_construction":false},{"id":13716561,"position":10,"chapter_id":3540381,"name":"Video 9-Backswing Clubface","contentable_type":"Lesson","slug":"13716561-video-9-backswing-clubface","is_free_trial":false,"next_content_id":13716565,"next_content_slug":"13716565-video-10-downswing-left-wrist","next_content_type":"Lesson","display_name":"Video","contentable":5386049,"contentable_id":5386049,"payment_required":false,"draft":false,"is_released":true,"release_date":null,"prerequisite":false,"total_post_count":0,"discussions_enabled":false,"meta_data":{"duration_in_seconds":164},"expand_enabled":false,"lesson_type_label":null,"lesson_type_icon":null,"default_lesson_type_label":"Video","default_lesson_type_icon":"video","under_construction":false},{"id":13716565,"position":11,"chapter_id":3540381,"name":"Video 10-Downswing Left Wrist","contentable_type":"Lesson","slug":"13716565-video-10-downswing-left-wrist","is_free_trial":false,"next_content_id":13716572,"next_content_slug":"13716572-video-11-downswing-right-wrist","next_content_type":"Lesson","display_name":"Video","contentable":5386051,"contentable_id":5386051,"payment_required":false,"draft":false,"is_released":true,"release_date":null,"prerequisite":false,"total_post_count":0,"discussions_enabled":false,"meta_data":{"duration_in_seconds":121},"expand_enabled":false,"lesson_type_label":null,"lesson_type_icon":null,"default_lesson_type_label":"Video","default_lesson_type_icon":"video","under_construction":false},{"id":13716572,"position":12,"chapter_id":3540381,"name":"Video 11-Downswing Right Wrist","contentable_type":"Lesson","slug":"13716572-video-11-downswing-right-wrist","is_free_trial":false,"next_content_id":13716678,"next_content_slug":"13716678-video-12-downswing-body-bends","next_content_type":"Lesson","display_name":"Video","contentable":5386054,"contentable_id":5386054,"payment_required":false,"draft":false,"is_released":true,"release_date":null,"prerequisite":false,"total_post_count":0,"discussions_enabled":false,"meta_data":{"duration_in_seconds":115},"expand_enabled":false,"lesson_type_label":null,"lesson_type_icon":null,"default_lesson_type_label":"Video","default_lesson_type_icon":"video","under_construction":false},{"id":13716678,"position":13,"chapter_id":3540381,"name":"Video 12-Downswing Body (Bends)","contentable_type":"Lesson","slug":"13716678-video-12-downswing-body-bends","is_free_trial":false,"next_content_id":13716699,"next_content_slug":"13716699-video-13-downswing-body-tilt","next_content_type":"Lesson","display_name":"Video","contentable":5386093,"contentable_id":5386093,"payment_required":false,"draft":false,"is_released":true,"release_date":null,"prerequisite":false,"total_post_count":0,"discussions_enabled":false,"meta_data":{"duration_in_seconds":236},"expand_enabled":false,"lesson_type_label":null,"lesson_type_icon":null,"default_lesson_type_label":"Video","default_lesson_type_icon":"video","under_construction":false},{"id":13716699,"position":14,"chapter_id":3540381,"name":"Video 13-Downswing Body (Tilt)","contentable_type":"Lesson","slug":"13716699-video-13-downswing-body-tilt","is_free_trial":false,"next_content_id":13716704,"next_content_slug":"13716704-video-14-downswing-body-rotation","next_content_type":"Lesson","display_name":"Video","contentable":5386105,"contentable_id":5386105,"payment_required":false,"draft":false,"is_released":true,"release_date":null,"prerequisite":false,"total_post_count":0,"discussions_enabled":false,"meta_data":{"duration_in_seconds":98},"expand_enabled":false,"lesson_type_label":null,"lesson_type_icon":null,"default_lesson_type_label":"Video","default_lesson_type_icon":"video","under_construction":false},{"id":13716704,"position":15,"chapter_id":3540381,"name":"Video 14-Downswing Body Rotation","contentable_type":"Lesson","slug":"13716704-video-14-downswing-body-rotation","is_free_trial":false,"next_content_id":13716727,"next_content_slug":"13716727-video-15-completing-the-backswing","next_content_type":"Lesson","display_name":"Video","contentable":5386107,"contentable_id":5386107,"payment_required":false,"draft":false,"is_released":true,"release_date":null,"prerequisite":false,"total_post_count":0,"discussions_enabled":false,"meta_data":{"duration_in_seconds":137},"expand_enabled":false,"lesson_type_label":null,"lesson_type_icon":null,"default_lesson_type_label":"Video","default_lesson_type_icon":"video","under_construction":false},{"id":13716727,"position":16,"chapter_id":3540381,"name":"Video 15-Completing The Backswing","contentable_type":"Lesson","slug":"13716727-video-15-completing-the-backswing","is_free_trial":false,"next_content_id":13716732,"next_content_slug":"13716732-video-16-shallowing-angle-of-attack-club-option-1","next_content_type":"Lesson","display_name":"Video","contentable":5386115,"contentable_id":5386115,"payment_required":false,"draft":false,"is_released":true,"release_date":null,"prerequisite":false,"total_post_count":0,"discussions_enabled":false,"meta_data":{"duration_in_seconds":146},"expand_enabled":false,"lesson_type_label":null,"lesson_type_icon":null,"default_lesson_type_label":"Video","default_lesson_type_icon":"video","under_construction":false},{"id":13716732,"position":17,"chapter_id":3540381,"name":"Video 16-Shallowing Angle Of Attack-Club Option 1","contentable_type":"Lesson","slug":"13716732-video-16-shallowing-angle-of-attack-club-option-1","is_free_trial":false,"next_content_id":13716735,"next_content_slug":"13716735-video-17-shallowing-angle-of-attack-club-option-2","next_content_type":"Lesson","display_name":"Video","contentable":5386117,"contentable_id":5386117,"payment_required":false,"draft":false,"is_released":true,"release_date":null,"prerequisite":false,"total_post_count":0,"discussions_enabled":false,"meta_data":{"duration_in_seconds":212},"expand_enabled":false,"lesson_type_label":null,"lesson_type_icon":null,"default_lesson_type_label":"Video","default_lesson_type_icon":"video","under_construction":false},{"id":13716735,"position":18,"chapter_id":3540381,"name":"Video 17-Shallowing Angle Of Attack-Club Option 2","contentable_type":"Lesson","slug":"13716735-video-17-shallowing-angle-of-attack-club-option-2","is_free_trial":false,"next_content_id":13716792,"next_content_slug":"13716792-video-18-follow-through-body-motions","next_content_type":"Lesson","display_name":"Video","contentable":5386119,"contentable_id":5386119,"payment_required":false,"draft":false,"is_released":true,"release_date":null,"prerequisite":false,"total_post_count":0,"discussions_enabled":false,"meta_data":{"duration_in_seconds":211},"expand_enabled":false,"lesson_type_label":null,"lesson_type_icon":null,"default_lesson_type_label":"Video","default_lesson_type_icon":"video","under_construction":false},{"id":13716792,"position":19,"chapter_id":3540381,"name":"Video 18-Follow Through Body Motions","contentable_type":"Lesson","slug":"13716792-video-18-follow-through-body-motions","is_free_trial":false,"next_content_id":13716808,"next_content_slug":"13716808-video-19-fairway-woods-and-hybrids","next_content_type":"Lesson","display_name":"Video","contentable":5386135,"contentable_id":5386135,"payment_required":false,"draft":false,"is_released":true,"release_date":null,"prerequisite":false,"total_post_count":0,"discussions_enabled":false,"meta_data":{"duration_in_seconds":209},"expand_enabled":false,"lesson_type_label":null,"lesson_type_icon":null,"default_lesson_type_label":"Video","default_lesson_type_icon":"video","under_construction":false},{"id":13716808,"position":20,"chapter_id":3540381,"name":"Video 19-Fairway Woods And Hybrids","contentable_type":"Lesson","slug":"13716808-video-19-fairway-woods-and-hybrids","is_free_trial":false,"next_content_id":13716812,"next_content_slug":"13716812-video-20-driver","next_content_type":"Lesson","display_name":"Video","contentable":5386144,"contentable_id":5386144,"payment_required":false,"draft":false,"is_released":true,"release_date":null,"prerequisite":false,"total_post_count":0,"discussions_enabled":false,"meta_data":{"duration_in_seconds":173},"expand_enabled":false,"lesson_type_label":null,"lesson_type_icon":null,"default_lesson_type_label":"Video","default_lesson_type_icon":"video","under_construction":false},{"id":13716812,"position":21,"chapter_id":3540381,"name":"Video 20-Driver","contentable_type":"Lesson","slug":"13716812-video-20-driver","is_free_trial":false,"next_content_id":13716820,"next_content_slug":"13716820-video-21-wedges-30-50","next_content_type":"Lesson","display_name":"Video","contentable":5386146,"contentable_id":5386146,"payment_required":false,"draft":false,"is_released":true,"release_date":null,"prerequisite":false,"total_post_count":0,"discussions_enabled":false,"meta_data":{"duration_in_seconds":241},"expand_enabled":false,"lesson_type_label":null,"lesson_type_icon":null,"default_lesson_type_label":"Video","default_lesson_type_icon":"video","under_construction":false},{"id":13716820,"position":22,"chapter_id":3540381,"name":"Video 21-Wedges 30-50","contentable_type":"Lesson","slug":"13716820-video-21-wedges-30-50","is_free_trial":false,"next_content_id":13716826,"next_content_slug":"13716826-video-22-wedges-50-100","next_content_type":"Lesson","display_name":"Video","contentable":5386148,"contentable_id":5386148,"payment_required":false,"draft":false,"is_released":true,"release_date":null,"prerequisite":false,"total_post_count":0,"discussions_enabled":false,"meta_data":{"duration_in_seconds":108},"expand_enabled":false,"lesson_type_label":null,"lesson_type_icon":null,"default_lesson_type_label":"Video","default_lesson_type_icon":"video","under_construction":false},{"id":13716826,"position":23,"chapter_id":3540381,"name":"Video 22-Wedges 50-100","contentable_type":"Lesson","slug":"13716826-video-22-wedges-50-100","is_free_trial":false,"next_content_id":13716830,"next_content_slug":"13716830-video-23-30-day-practice-plan","next_content_type":"Lesson","display_name":"Video","contentable":5386152,"contentable_id":5386152,"payment_required":false,"draft":false,"is_released":true,"release_date":null,"prerequisite":false,"total_post_count":0,"discussions_enabled":false,"meta_data":{"duration_in_seconds":43},"expand_enabled":false,"lesson_type_label":null,"lesson_type_icon":null,"default_lesson_type_label":"Video","default_lesson_type_icon":"video","under_construction":false},{"id":13716830,"position":24,"chapter_id":3540381,"name":"Video 23-30-Day Practice Plan","contentable_type":"Lesson","slug":"13716830-video-23-30-day-practice-plan","is_free_trial":false,"next_content_id":13716838,"next_content_slug":"13716838-video-24-practice-principles","next_content_type":"Lesson","display_name":"Video","contentable":5386153,"contentable_id":5386153,"payment_required":false,"draft":false,"is_released":true,"release_date":null,"prerequisite":false,"total_post_count":0,"discussions_enabled":false,"meta_data":{"duration_in_seconds":242},"expand_enabled":false,"lesson_type_label":null,"lesson_type_icon":null,"default_lesson_type_label":"Video","default_lesson_type_icon":"video","under_construction":false},{"id":13716838,"position":25,"chapter_id":3540381,"name":"Video 24-Practice Principles","contentable_type":"Lesson","slug":"13716838-video-24-practice-principles","is_free_trial":false,"next_content_id":null,"next_content_slug":null,"next_content_type":null,"display_name":"Video","contentable":5386157,"contentable_id":5386157,"payment_required":false,"draft":false,"is_released":true,"release_date":null,"prerequisite":false,"total_post_count":0,"discussions_enabled":false,"meta_data":{"duration_in_seconds":91},"expand_enabled":false,"lesson_type_label":null,"lesson_type_icon":null,"default_lesson_type_label":"Video","default_lesson_type_icon":"video","under_construction":false}],"chapters":[{"id":3540381,"name":"Compression Master Class","position":2,"course_id":791789,"content_ids":[13716500,13716520,13716525,13716530,13716548,13716553,13716556,13716558,13716561,13716565,13716572,13716678,13716699,13716704,13716727,13716732,13716735,13716792,13716808,13716812,13716820,13716826,13716830,13716838]}]}