{"course":{"id":384704,"name":"Compression With Your Irons","slug":"Compression","landing_page_url":"https://www.cogornogolf.com/courses/Compression","checkout_page_url":"https://www.cogornogolf.com/enroll/405743","site_twitter_handle":"","support_email":"service@cogornogolf.com","subdomain":"cogornogolf","product_id":405743,"use_linkedin_profile_certification":false,"completion_page_html":"","use_custom_completion_page_html":false,"reviews_enabled":false,"goals_enabled":false,"autoplay_all_videos":true,"require_video_completion":false,"video_completion_percentage":"100","disable_chapter_completed_modal":false,"theme":"course_player_white","primary_color":null,"font":null,"logo":null,"show_logo":true,"disable_text_selection":false,"hide_lesson_type_label_and_icon":false,"hide_lesson_type_icon":false,"is_onboarding_demo_course":false,"social_share_course_completion_overridden":false,"social_share_chapter_completion_overridden":false,"social_share_message":null,"facebook_shared_landing_page_url":"https://www.cogornogolf.com/ylmee","linkedin_shared_landing_page_url":"https://www.cogornogolf.com/mdiu7","twitter_shared_landing_page_url":"https://www.cogornogolf.com/2ajt6","shared_landing_page_url":"https://www.cogornogolf.com/4i3xa","chapter_ids":[1539659]},"contents":[{"id":5617241,"position":0,"chapter_id":1539659,"name":"Course Overview","contentable_type":"HtmlItem","slug":"5617241-course-overview","is_free_trial":false,"next_content_id":5561146,"next_content_slug":"5561146-compressing-the-ball-arms-and-hands","next_content_type":"Lesson","display_name":"Text","contentable":1534766,"contentable_id":1534766,"payment_required":false,"draft":false,"is_released":true,"release_date":null,"prerequisite":false,"total_post_count":0,"discussions_enabled":false,"meta_data":null,"expand_enabled":false,"lesson_type_label":null,"lesson_type_icon":null,"default_lesson_type_label":"Text","default_lesson_type_icon":"text","under_construction":false},{"id":5561146,"position":1,"chapter_id":1539659,"name":"Compressing The Ball - Arms and Hands","contentable_type":"Lesson","slug":"5561146-compressing-the-ball-arms-and-hands","is_free_trial":false,"next_content_id":5561147,"next_content_slug":"5561147-compressing-the-ball-body","next_content_type":"Lesson","display_name":"Video","contentable":1908881,"contentable_id":1908881,"payment_required":false,"draft":false,"is_released":true,"release_date":null,"prerequisite":false,"total_post_count":2,"discussions_enabled":true,"meta_data":{"duration_in_seconds":549},"expand_enabled":false,"lesson_type_label":null,"lesson_type_icon":null,"default_lesson_type_label":"Video","default_lesson_type_icon":"video","under_construction":false},{"id":5561147,"position":2,"chapter_id":1539659,"name":"Compressing The Ball - Body","contentable_type":"Lesson","slug":"5561147-compressing-the-ball-body","is_free_trial":false,"next_content_id":5561152,"next_content_slug":"5561152-compressing-the-ball-shoulder-movement","next_content_type":"Lesson","display_name":"Video","contentable":1908882,"contentable_id":1908882,"payment_required":false,"draft":false,"is_released":true,"release_date":null,"prerequisite":false,"total_post_count":1,"discussions_enabled":true,"meta_data":{"duration_in_seconds":406},"expand_enabled":false,"lesson_type_label":null,"lesson_type_icon":null,"default_lesson_type_label":"Video","default_lesson_type_icon":"video","under_construction":false},{"id":5561152,"position":3,"chapter_id":1539659,"name":"Compressing The Ball - Shoulder Movement","contentable_type":"Lesson","slug":"5561152-compressing-the-ball-shoulder-movement","is_free_trial":false,"next_content_id":5561148,"next_content_slug":"5561148-shaft-lean-at-impact","next_content_type":"Lesson","display_name":"Video","contentable":1908887,"contentable_id":1908887,"payment_required":false,"draft":false,"is_released":true,"release_date":null,"prerequisite":false,"total_post_count":0,"discussions_enabled":true,"meta_data":{"duration_in_seconds":595},"expand_enabled":false,"lesson_type_label":null,"lesson_type_icon":null,"default_lesson_type_label":"Video","default_lesson_type_icon":"video","under_construction":false},{"id":5561148,"position":4,"chapter_id":1539659,"name":"Shaft Lean At Impact","contentable_type":"Lesson","slug":"5561148-shaft-lean-at-impact","is_free_trial":false,"next_content_id":5561149,"next_content_slug":"5561149-keys-to-shaft-lean","next_content_type":"Lesson","display_name":"Video","contentable":1908883,"contentable_id":1908883,"payment_required":false,"draft":false,"is_released":true,"release_date":null,"prerequisite":false,"total_post_count":1,"discussions_enabled":true,"meta_data":{"duration_in_seconds":494},"expand_enabled":false,"lesson_type_label":null,"lesson_type_icon":null,"default_lesson_type_label":"Video","default_lesson_type_icon":"video","under_construction":false},{"id":5561149,"position":5,"chapter_id":1539659,"name":"Keys To Shaft Lean","contentable_type":"Lesson","slug":"5561149-keys-to-shaft-lean","is_free_trial":false,"next_content_id":6043712,"next_content_slug":"6043712-how-to-get-more-shaft-lean","next_content_type":"Lesson","display_name":"Video","contentable":1908884,"contentable_id":1908884,"payment_required":false,"draft":false,"is_released":true,"release_date":null,"prerequisite":false,"total_post_count":1,"discussions_enabled":true,"meta_data":{"duration_in_seconds":329},"expand_enabled":false,"lesson_type_label":null,"lesson_type_icon":null,"default_lesson_type_label":"Video","default_lesson_type_icon":"video","under_construction":false},{"id":6043712,"position":6,"chapter_id":1539659,"name":"How To Get More Shaft Lean","contentable_type":"Lesson","slug":"6043712-how-to-get-more-shaft-lean","is_free_trial":false,"next_content_id":5561151,"next_content_slug":"5561151-eric-s-favorite-compression-drill","next_content_type":"Lesson","display_name":"Video","contentable":2107715,"contentable_id":2107715,"payment_required":false,"draft":false,"is_released":true,"release_date":null,"prerequisite":false,"total_post_count":0,"discussions_enabled":true,"meta_data":{"duration_in_seconds":607},"expand_enabled":false,"lesson_type_label":null,"lesson_type_icon":null,"default_lesson_type_label":"Video","default_lesson_type_icon":"video","under_construction":false},{"id":5561151,"position":7,"chapter_id":1539659,"name":"Eric's Favorite Compression Drill","contentable_type":"Lesson","slug":"5561151-eric-s-favorite-compression-drill","is_free_trial":false,"next_content_id":5561153,"next_content_slug":"5561153-keys-to-elite-ball-striking","next_content_type":"Lesson","display_name":"Video","contentable":1908886,"contentable_id":1908886,"payment_required":false,"draft":false,"is_released":true,"release_date":null,"prerequisite":false,"total_post_count":0,"discussions_enabled":true,"meta_data":{"duration_in_seconds":392},"expand_enabled":false,"lesson_type_label":null,"lesson_type_icon":null,"default_lesson_type_label":"Video","default_lesson_type_icon":"video","under_construction":false},{"id":5561153,"position":8,"chapter_id":1539659,"name":"Keys To Elite Ball Striking","contentable_type":"Lesson","slug":"5561153-keys-to-elite-ball-striking","is_free_trial":false,"next_content_id":null,"next_content_slug":null,"next_content_type":null,"display_name":"Video","contentable":1908888,"contentable_id":1908888,"payment_required":false,"draft":false,"is_released":true,"release_date":null,"prerequisite":false,"total_post_count":1,"discussions_enabled":true,"meta_data":{"duration_in_seconds":509},"expand_enabled":false,"lesson_type_label":null,"lesson_type_icon":null,"default_lesson_type_label":"Video","default_lesson_type_icon":"video","under_construction":false}],"chapters":[{"id":1539659,"name":"Compression And Puring Your Irons","position":5,"course_id":384704,"content_ids":[5617241,5561146,5561147,5561152,5561148,5561149,6043712,5561151,5561153]}]}