{"course":{"id":402866,"name":"Ball Striking","slug":"core-practice-ball-striking","landing_page_url":"https://www.cogornogolf.com/courses/core-practice-ball-striking","checkout_page_url":"https://www.cogornogolf.com/enroll/424931","site_twitter_handle":"","support_email":"service@cogornogolf.com","subdomain":"cogornogolf","product_id":424931,"use_linkedin_profile_certification":false,"completion_page_html":"\u003cdiv class=\"fr-view\"\u003e\u003cp\u003eCongrats on sticking to the process!\u0026nbsp;\u003c/p\u003e\u003c/div\u003e","use_custom_completion_page_html":false,"reviews_enabled":false,"goals_enabled":false,"autoplay_all_videos":true,"require_video_completion":false,"video_completion_percentage":"100","disable_chapter_completed_modal":false,"theme":"course_player_white","primary_color":null,"font":null,"logo":null,"show_logo":true,"disable_text_selection":false,"hide_lesson_type_label_and_icon":false,"hide_lesson_type_icon":false,"is_onboarding_demo_course":false,"social_share_course_completion_overridden":false,"social_share_chapter_completion_overridden":false,"social_share_message":null,"facebook_shared_landing_page_url":"https://www.cogornogolf.com/wjcaq","linkedin_shared_landing_page_url":"https://www.cogornogolf.com/rfacn","twitter_shared_landing_page_url":"https://www.cogornogolf.com/2p4hv","shared_landing_page_url":"https://www.cogornogolf.com/nefvb","chapter_ids":[1637219,1637220,1637221,1637222,1637223,1664169]},"contents":[{"id":5945335,"position":0,"chapter_id":1637219,"name":"Ball Striking Practice Guide","contentable_type":"HtmlItem","slug":"5945335-ball-striking-practice-guide","is_free_trial":false,"next_content_id":6072682,"next_content_slug":"6072682-how-to-practice-block-skill-game","next_content_type":"Lesson","display_name":"Text","contentable":1622164,"contentable_id":1622164,"payment_required":false,"draft":false,"is_released":true,"release_date":"2021-10-21T12:32:09.529Z","prerequisite":false,"total_post_count":0,"discussions_enabled":true,"meta_data":null,"expand_enabled":false,"lesson_type_label":null,"lesson_type_icon":null,"default_lesson_type_label":"Text","default_lesson_type_icon":"text","under_construction":false},{"id":6072682,"position":1,"chapter_id":1637219,"name":"How To Practice: Block / Skill / Game","contentable_type":"Lesson","slug":"6072682-how-to-practice-block-skill-game","is_free_trial":false,"next_content_id":5945336,"next_content_slug":"5945336-how-to-practice-distance-control","next_content_type":"Lesson","display_name":"Video","contentable":2119593,"contentable_id":2119593,"payment_required":false,"draft":false,"is_released":true,"release_date":null,"prerequisite":false,"total_post_count":1,"discussions_enabled":true,"meta_data":{"duration_in_seconds":204},"expand_enabled":false,"lesson_type_label":null,"lesson_type_icon":null,"default_lesson_type_label":"Video","default_lesson_type_icon":"video","under_construction":false},{"id":5945336,"position":2,"chapter_id":1637219,"name":"How To Practice: Distance Control","contentable_type":"Lesson","slug":"5945336-how-to-practice-distance-control","is_free_trial":false,"next_content_id":6060277,"next_content_slug":"6060277-ball-striking-session-1","next_content_type":"Download","display_name":"Video","contentable":2064997,"contentable_id":2064997,"payment_required":false,"draft":false,"is_released":true,"release_date":"2021-10-21T12:32:09.529Z","prerequisite":false,"total_post_count":0,"discussions_enabled":true,"meta_data":{"duration_in_seconds":576},"expand_enabled":false,"lesson_type_label":null,"lesson_type_icon":null,"default_lesson_type_label":"Video","default_lesson_type_icon":"video","under_construction":false},{"id":6060277,"position":3,"chapter_id":1637219,"name":"Ball Striking Session 1","contentable_type":"Download","slug":"6060277-ball-striking-session-1","is_free_trial":false,"next_content_id":6072810,"next_content_slug":"6072810-weekly-scorecard","next_content_type":"Survey","display_name":"Download","contentable":156491,"contentable_id":156491,"payment_required":false,"draft":false,"is_released":true,"release_date":"2021-10-21T12:32:09.529Z","prerequisite":false,"total_post_count":0,"discussions_enabled":true,"meta_data":null,"expand_enabled":false,"lesson_type_label":null,"lesson_type_icon":null,"default_lesson_type_label":"Download","default_lesson_type_icon":"download","under_construction":false},{"id":6072810,"position":4,"chapter_id":1637219,"name":"Weekly Scorecard","contentable_type":"Survey","slug":"6072810-weekly-scorecard","is_free_trial":false,"next_content_id":5945338,"next_content_slug":"5945338-how-to-practice-fade","next_content_type":"Lesson","display_name":"Survey","contentable":252179,"contentable_id":252179,"payment_required":false,"draft":false,"is_released":true,"release_date":null,"prerequisite":false,"total_post_count":0,"discussions_enabled":true,"meta_data":{"question_count":1},"expand_enabled":false,"lesson_type_label":null,"lesson_type_icon":null,"default_lesson_type_label":"Survey","default_lesson_type_icon":"survey","under_construction":false},{"id":5945338,"position":0,"chapter_id":1637220,"name":"How To Practice: Fade","contentable_type":"Lesson","slug":"5945338-how-to-practice-fade","is_free_trial":false,"next_content_id":5945342,"next_content_slug":"5945342-how-to-practice-draw","next_content_type":"Lesson","display_name":"Video","contentable":2064998,"contentable_id":2064998,"payment_required":false,"draft":false,"is_released":false,"release_date":"2021-10-28T12:32:09.529Z","prerequisite":false,"total_post_count":0,"discussions_enabled":true,"meta_data":{"duration_in_seconds":334},"expand_enabled":false,"lesson_type_label":null,"lesson_type_icon":null,"default_lesson_type_label":"Video","default_lesson_type_icon":"video","under_construction":false},{"id":5945342,"position":1,"chapter_id":1637220,"name":"How To Practice: Draw","contentable_type":"Lesson","slug":"5945342-how-to-practice-draw","is_free_trial":false,"next_content_id":6060378,"next_content_slug":"6060378-ball-striking-session-2","next_content_type":"Download","display_name":"Video","contentable":2065000,"contentable_id":2065000,"payment_required":false,"draft":false,"is_released":false,"release_date":"2021-11-04T12:32:09.529Z","prerequisite":false,"total_post_count":0,"discussions_enabled":true,"meta_data":{"duration_in_seconds":393},"expand_enabled":false,"lesson_type_label":null,"lesson_type_icon":null,"default_lesson_type_label":"Video","default_lesson_type_icon":"video","under_construction":false},{"id":6060378,"position":2,"chapter_id":1637220,"name":"Ball Striking Session 2","contentable_type":"Download","slug":"6060378-ball-striking-session-2","is_free_trial":false,"next_content_id":6073550,"next_content_slug":"6073550-weekly-scorecard","next_content_type":"Survey","display_name":"Download","contentable":156503,"contentable_id":156503,"payment_required":false,"draft":false,"is_released":false,"release_date":"2021-10-28T12:32:09.529Z","prerequisite":false,"total_post_count":0,"discussions_enabled":true,"meta_data":null,"expand_enabled":false,"lesson_type_label":null,"lesson_type_icon":null,"default_lesson_type_label":"Download","default_lesson_type_icon":"download","under_construction":false},{"id":6073550,"position":3,"chapter_id":1637220,"name":"Weekly Scorecard","contentable_type":"Survey","slug":"6073550-weekly-scorecard","is_free_trial":false,"next_content_id":6060376,"next_content_slug":"6060376-ball-striking-session-3","next_content_type":"Download","display_name":"Survey","contentable":252217,"contentable_id":252217,"payment_required":false,"draft":false,"is_released":true,"release_date":null,"prerequisite":false,"total_post_count":0,"discussions_enabled":true,"meta_data":{"question_count":1},"expand_enabled":false,"lesson_type_label":null,"lesson_type_icon":null,"default_lesson_type_label":"Survey","default_lesson_type_icon":"survey","under_construction":false},{"id":6060376,"position":0,"chapter_id":1637221,"name":"Ball Striking Session 3","contentable_type":"Download","slug":"6060376-ball-striking-session-3","is_free_trial":false,"next_content_id":6073555,"next_content_slug":"6073555-weekly-scorecard","next_content_type":"Survey","display_name":"Download","contentable":156502,"contentable_id":156502,"payment_required":false,"draft":false,"is_released":false,"release_date":"2021-11-04T12:32:09.529Z","prerequisite":false,"total_post_count":0,"discussions_enabled":true,"meta_data":null,"expand_enabled":false,"lesson_type_label":null,"lesson_type_icon":null,"default_lesson_type_label":"Download","default_lesson_type_icon":"download","under_construction":false},{"id":6073555,"position":2,"chapter_id":1637221,"name":"Weekly Scorecard","contentable_type":"Survey","slug":"6073555-weekly-scorecard","is_free_trial":false,"next_content_id":5945346,"next_content_slug":"5945346-how-to-practice-advanced-skills","next_content_type":"Lesson","display_name":"Survey","contentable":252218,"contentable_id":252218,"payment_required":false,"draft":false,"is_released":true,"release_date":null,"prerequisite":false,"total_post_count":0,"discussions_enabled":true,"meta_data":{"question_count":1},"expand_enabled":false,"lesson_type_label":null,"lesson_type_icon":null,"default_lesson_type_label":"Survey","default_lesson_type_icon":"survey","under_construction":false},{"id":5945346,"position":0,"chapter_id":1637222,"name":"How To Practice: Advanced Skills","contentable_type":"Lesson","slug":"5945346-how-to-practice-advanced-skills","is_free_trial":false,"next_content_id":6060374,"next_content_slug":"6060374-ball-striking-session-4","next_content_type":"Download","display_name":"Video","contentable":2065002,"contentable_id":2065002,"payment_required":false,"draft":false,"is_released":false,"release_date":"2021-11-11T12:32:09.529Z","prerequisite":false,"total_post_count":0,"discussions_enabled":true,"meta_data":{"duration_in_seconds":561},"expand_enabled":false,"lesson_type_label":null,"lesson_type_icon":null,"default_lesson_type_label":"Video","default_lesson_type_icon":"video","under_construction":false},{"id":6060374,"position":1,"chapter_id":1637222,"name":"Ball Striking Session 4","contentable_type":"Download","slug":"6060374-ball-striking-session-4","is_free_trial":false,"next_content_id":6073580,"next_content_slug":"6073580-weekly-scorecard","next_content_type":"Survey","display_name":"Download","contentable":156501,"contentable_id":156501,"payment_required":false,"draft":false,"is_released":false,"release_date":"2021-11-11T12:32:09.529Z","prerequisite":false,"total_post_count":0,"discussions_enabled":true,"meta_data":null,"expand_enabled":false,"lesson_type_label":null,"lesson_type_icon":null,"default_lesson_type_label":"Download","default_lesson_type_icon":"download","under_construction":false},{"id":6073580,"position":2,"chapter_id":1637222,"name":"Weekly Scorecard","contentable_type":"Survey","slug":"6073580-weekly-scorecard","is_free_trial":false,"next_content_id":6060365,"next_content_slug":"6060365-ball-striking-session-5","next_content_type":"Download","display_name":"Survey","contentable":252220,"contentable_id":252220,"payment_required":false,"draft":false,"is_released":true,"release_date":null,"prerequisite":false,"total_post_count":0,"discussions_enabled":true,"meta_data":{"question_count":1},"expand_enabled":false,"lesson_type_label":null,"lesson_type_icon":null,"default_lesson_type_label":"Survey","default_lesson_type_icon":"survey","under_construction":false},{"id":6060365,"position":0,"chapter_id":1637223,"name":"Ball Striking Session 5","contentable_type":"Download","slug":"6060365-ball-striking-session-5","is_free_trial":false,"next_content_id":6073839,"next_content_slug":"6073839-weekly-scorecard","next_content_type":"Survey","display_name":"Download","contentable":156500,"contentable_id":156500,"payment_required":false,"draft":false,"is_released":false,"release_date":"2021-11-18T12:32:09.529Z","prerequisite":false,"total_post_count":0,"discussions_enabled":true,"meta_data":null,"expand_enabled":false,"lesson_type_label":null,"lesson_type_icon":null,"default_lesson_type_label":"Download","default_lesson_type_icon":"download","under_construction":false},{"id":6073839,"position":2,"chapter_id":1637223,"name":"Weekly Scorecard","contentable_type":"Survey","slug":"6073839-weekly-scorecard","is_free_trial":false,"next_content_id":6060362,"next_content_slug":"6060362-ball-striking-session-6","next_content_type":"Download","display_name":"Survey","contentable":252235,"contentable_id":252235,"payment_required":false,"draft":false,"is_released":true,"release_date":null,"prerequisite":false,"total_post_count":0,"discussions_enabled":true,"meta_data":{"question_count":1},"expand_enabled":false,"lesson_type_label":null,"lesson_type_icon":null,"default_lesson_type_label":"Survey","default_lesson_type_icon":"survey","under_construction":false},{"id":6060362,"position":2,"chapter_id":1664169,"name":"Ball Striking Session 6","contentable_type":"Download","slug":"6060362-ball-striking-session-6","is_free_trial":false,"next_content_id":6073860,"next_content_slug":"6073860-weekly-scorecard","next_content_type":"Survey","display_name":"Download","contentable":156499,"contentable_id":156499,"payment_required":false,"draft":false,"is_released":false,"release_date":"2021-11-25T12:32:09.529Z","prerequisite":false,"total_post_count":0,"discussions_enabled":true,"meta_data":null,"expand_enabled":false,"lesson_type_label":null,"lesson_type_icon":null,"default_lesson_type_label":"Download","default_lesson_type_icon":"download","under_construction":false},{"id":6073860,"position":3,"chapter_id":1664169,"name":"Weekly Scorecard","contentable_type":"Survey","slug":"6073860-weekly-scorecard","is_free_trial":false,"next_content_id":null,"next_content_slug":null,"next_content_type":null,"display_name":"Survey","contentable":252239,"contentable_id":252239,"payment_required":false,"draft":false,"is_released":true,"release_date":null,"prerequisite":false,"total_post_count":0,"discussions_enabled":true,"meta_data":{"question_count":1},"expand_enabled":false,"lesson_type_label":null,"lesson_type_icon":null,"default_lesson_type_label":"Survey","default_lesson_type_icon":"survey","under_construction":false}],"chapters":[{"id":1637219,"name":"Week 1: Distance Control","position":0,"course_id":402866,"content_ids":[5945335,6072682,5945336,6060277,6072810]},{"id":1637220,"name":"Week 2: Trajectory Control","position":1,"course_id":402866,"content_ids":[5945338,5945342,6060378,6073550]},{"id":1637221,"name":"Week 3: Distance Control - Same Club","position":2,"course_id":402866,"content_ids":[6060376,6073555]},{"id":1637222,"name":"Week 4: Advanced Skills","position":3,"course_id":402866,"content_ids":[5945346,6060374,6073580]},{"id":1637223,"name":"Week 5: Advanced Distance Control","position":4,"course_id":402866,"content_ids":[6060365,6073839]},{"id":1664169,"name":"Week 6: Advanced Direction Control","position":5,"course_id":402866,"content_ids":[6060362,6073860]}]}