{"course":{"id":407911,"name":"Accuracy \u0026 Consistency","slug":"core-practice-accuracy-consistency","landing_page_url":"https://www.cogornogolf.com/courses/core-practice-accuracy-consistency","checkout_page_url":"https://www.cogornogolf.com/enroll/430246","site_twitter_handle":"","support_email":"service@cogornogolf.com","subdomain":"cogornogolf","product_id":430246,"use_linkedin_profile_certification":false,"completion_page_html":"\u003cdiv class=\"fr-view\"\u003e\u003cp\u003eCongrats on sticking to the process!\u0026nbsp;\u003c/p\u003e\u003c/div\u003e","use_custom_completion_page_html":false,"reviews_enabled":false,"goals_enabled":false,"autoplay_all_videos":true,"require_video_completion":false,"video_completion_percentage":"100","disable_chapter_completed_modal":false,"theme":"course_player_white","primary_color":null,"font":null,"logo":null,"show_logo":true,"disable_text_selection":false,"hide_lesson_type_label_and_icon":false,"hide_lesson_type_icon":false,"is_onboarding_demo_course":false,"social_share_course_completion_overridden":false,"social_share_chapter_completion_overridden":false,"social_share_message":null,"facebook_shared_landing_page_url":"https://www.cogornogolf.com/9b6on","linkedin_shared_landing_page_url":"https://www.cogornogolf.com/uh32g","twitter_shared_landing_page_url":"https://www.cogornogolf.com/5euhy","shared_landing_page_url":"https://www.cogornogolf.com/pbwog","chapter_ids":[1664187,1664188,1664189,1664190,1664191,1664192]},"contents":[{"id":6060471,"position":0,"chapter_id":1664187,"name":"Accuracy \u0026 Consistency Practice Guide","contentable_type":"HtmlItem","slug":"6060471-accuracy-consistency-practice-guide","is_free_trial":false,"next_content_id":6060473,"next_content_slug":"6060473-how-to-practice-block-skill-game","next_content_type":"Lesson","display_name":"Text","contentable":1648776,"contentable_id":1648776,"payment_required":false,"draft":false,"is_released":true,"release_date":"2021-10-21T12:32:09.529Z","prerequisite":false,"total_post_count":0,"discussions_enabled":true,"meta_data":null,"expand_enabled":false,"lesson_type_label":null,"lesson_type_icon":null,"default_lesson_type_label":"Text","default_lesson_type_icon":"text","under_construction":false},{"id":6060473,"position":1,"chapter_id":1664187,"name":"How To Practice: Block / Skill / Game","contentable_type":"Lesson","slug":"6060473-how-to-practice-block-skill-game","is_free_trial":false,"next_content_id":6077090,"next_content_slug":"6077090-identifying-your-ball-pattern","next_content_type":"Lesson","display_name":"Video","contentable":2114838,"contentable_id":2114838,"payment_required":false,"draft":false,"is_released":true,"release_date":"2021-10-21T12:32:09.529Z","prerequisite":false,"total_post_count":0,"discussions_enabled":true,"meta_data":{"duration_in_seconds":204},"expand_enabled":false,"lesson_type_label":null,"lesson_type_icon":null,"default_lesson_type_label":"Video","default_lesson_type_icon":"video","under_construction":false},{"id":6077090,"position":2,"chapter_id":1664187,"name":"Identifying Your Ball Pattern","contentable_type":"Lesson","slug":"6077090-identifying-your-ball-pattern","is_free_trial":false,"next_content_id":6077038,"next_content_slug":"6077038-block-mechanic-priorities","next_content_type":"Lesson","display_name":"Video","contentable":2121527,"contentable_id":2121527,"payment_required":false,"draft":false,"is_released":true,"release_date":null,"prerequisite":false,"total_post_count":0,"discussions_enabled":true,"meta_data":{"duration_in_seconds":322},"expand_enabled":false,"lesson_type_label":null,"lesson_type_icon":null,"default_lesson_type_label":"Video","default_lesson_type_icon":"video","under_construction":false},{"id":6077038,"position":3,"chapter_id":1664187,"name":"Block Mechanic Priorities","contentable_type":"Lesson","slug":"6077038-block-mechanic-priorities","is_free_trial":false,"next_content_id":6060472,"next_content_slug":"6060472-accuracy-consistency-session-1","next_content_type":"Download","display_name":"Video","contentable":2121502,"contentable_id":2121502,"payment_required":false,"draft":false,"is_released":true,"release_date":null,"prerequisite":false,"total_post_count":0,"discussions_enabled":true,"meta_data":{"duration_in_seconds":148},"expand_enabled":false,"lesson_type_label":null,"lesson_type_icon":null,"default_lesson_type_label":"Video","default_lesson_type_icon":"video","under_construction":false},{"id":6060472,"position":4,"chapter_id":1664187,"name":"Accuracy \u0026 Consistency Session 1","contentable_type":"Download","slug":"6060472-accuracy-consistency-session-1","is_free_trial":false,"next_content_id":6077747,"next_content_slug":"6077747-weekly-scorecard","next_content_type":"Survey","display_name":"Download","contentable":156510,"contentable_id":156510,"payment_required":false,"draft":false,"is_released":true,"release_date":"2021-10-21T12:32:09.529Z","prerequisite":false,"total_post_count":0,"discussions_enabled":true,"meta_data":null,"expand_enabled":false,"lesson_type_label":null,"lesson_type_icon":null,"default_lesson_type_label":"Download","default_lesson_type_icon":"download","under_construction":false},{"id":6077747,"position":5,"chapter_id":1664187,"name":"Weekly Scorecard","contentable_type":"Survey","slug":"6077747-weekly-scorecard","is_free_trial":false,"next_content_id":6074065,"next_content_slug":"6074065-how-to-practice-distance-control","next_content_type":"Lesson","display_name":"Survey","contentable":252380,"contentable_id":252380,"payment_required":false,"draft":false,"is_released":true,"release_date":null,"prerequisite":false,"total_post_count":0,"discussions_enabled":true,"meta_data":{"question_count":1},"expand_enabled":false,"lesson_type_label":null,"lesson_type_icon":null,"default_lesson_type_label":"Survey","default_lesson_type_icon":"survey","under_construction":false},{"id":6074065,"position":0,"chapter_id":1664188,"name":"How To Practice: Distance Control","contentable_type":"Lesson","slug":"6074065-how-to-practice-distance-control","is_free_trial":false,"next_content_id":6060474,"next_content_slug":"6060474-accuracy-consistency-session-2","next_content_type":"Download","display_name":"Video","contentable":2120131,"contentable_id":2120131,"payment_required":false,"draft":false,"is_released":true,"release_date":null,"prerequisite":false,"total_post_count":0,"discussions_enabled":true,"meta_data":{"duration_in_seconds":576},"expand_enabled":false,"lesson_type_label":null,"lesson_type_icon":null,"default_lesson_type_label":"Video","default_lesson_type_icon":"video","under_construction":false},{"id":6060474,"position":1,"chapter_id":1664188,"name":"Accuracy \u0026 Consistency Session 2","contentable_type":"Download","slug":"6060474-accuracy-consistency-session-2","is_free_trial":false,"next_content_id":6074070,"next_content_slug":"6074070-weekly-scorecard","next_content_type":"Survey","display_name":"Download","contentable":156511,"contentable_id":156511,"payment_required":false,"draft":false,"is_released":false,"release_date":"2021-10-28T12:32:09.529Z","prerequisite":false,"total_post_count":0,"discussions_enabled":true,"meta_data":null,"expand_enabled":false,"lesson_type_label":null,"lesson_type_icon":null,"default_lesson_type_label":"Download","default_lesson_type_icon":"download","under_construction":false},{"id":6074070,"position":3,"chapter_id":1664188,"name":"Weekly Scorecard","contentable_type":"Survey","slug":"6074070-weekly-scorecard","is_free_trial":false,"next_content_id":6060477,"next_content_slug":"6060477-practicing-the-driver","next_content_type":"Lesson","display_name":"Survey","contentable":252247,"contentable_id":252247,"payment_required":false,"draft":false,"is_released":true,"release_date":null,"prerequisite":false,"total_post_count":0,"discussions_enabled":true,"meta_data":{"question_count":1},"expand_enabled":false,"lesson_type_label":null,"lesson_type_icon":null,"default_lesson_type_label":"Survey","default_lesson_type_icon":"survey","under_construction":false},{"id":6060477,"position":0,"chapter_id":1664189,"name":"Practicing The Driver","contentable_type":"Lesson","slug":"6060477-practicing-the-driver","is_free_trial":false,"next_content_id":6060476,"next_content_slug":"6060476-accuracy-consistency-session-3","next_content_type":"Download","display_name":"Video","contentable":2114840,"contentable_id":2114840,"payment_required":false,"draft":false,"is_released":false,"release_date":"2021-11-04T12:32:09.529Z","prerequisite":false,"total_post_count":0,"discussions_enabled":true,"meta_data":{"duration_in_seconds":247},"expand_enabled":false,"lesson_type_label":null,"lesson_type_icon":null,"default_lesson_type_label":"Video","default_lesson_type_icon":"video","under_construction":false},{"id":6060476,"position":1,"chapter_id":1664189,"name":"Accuracy \u0026 Consistency Session 3","contentable_type":"Download","slug":"6060476-accuracy-consistency-session-3","is_free_trial":false,"next_content_id":6077754,"next_content_slug":"6077754-weekly-scorecard","next_content_type":"Survey","display_name":"Download","contentable":156512,"contentable_id":156512,"payment_required":false,"draft":false,"is_released":false,"release_date":"2021-11-04T12:32:09.529Z","prerequisite":false,"total_post_count":0,"discussions_enabled":true,"meta_data":null,"expand_enabled":false,"lesson_type_label":null,"lesson_type_icon":null,"default_lesson_type_label":"Download","default_lesson_type_icon":"download","under_construction":false},{"id":6077754,"position":2,"chapter_id":1664189,"name":"Weekly Scorecard","contentable_type":"Survey","slug":"6077754-weekly-scorecard","is_free_trial":false,"next_content_id":6060479,"next_content_slug":"6060479-how-to-practice-draw","next_content_type":"Lesson","display_name":"Survey","contentable":252381,"contentable_id":252381,"payment_required":false,"draft":false,"is_released":true,"release_date":null,"prerequisite":false,"total_post_count":0,"discussions_enabled":true,"meta_data":{"question_count":1},"expand_enabled":false,"lesson_type_label":null,"lesson_type_icon":null,"default_lesson_type_label":"Survey","default_lesson_type_icon":"survey","under_construction":false},{"id":6060479,"position":0,"chapter_id":1664190,"name":"How To Practice: Draw","contentable_type":"Lesson","slug":"6060479-how-to-practice-draw","is_free_trial":false,"next_content_id":6077499,"next_content_slug":"6077499-how-to-practice-fade","next_content_type":"Lesson","display_name":"Video","contentable":2114841,"contentable_id":2114841,"payment_required":false,"draft":false,"is_released":false,"release_date":"2021-11-11T12:32:09.529Z","prerequisite":false,"total_post_count":0,"discussions_enabled":true,"meta_data":{"duration_in_seconds":393},"expand_enabled":false,"lesson_type_label":null,"lesson_type_icon":null,"default_lesson_type_label":"Video","default_lesson_type_icon":"video","under_construction":false},{"id":6077499,"position":1,"chapter_id":1664190,"name":"How To Practice: Fade","contentable_type":"Lesson","slug":"6077499-how-to-practice-fade","is_free_trial":false,"next_content_id":6060478,"next_content_slug":"6060478-accuracy-consistency-session-4","next_content_type":"Download","display_name":"Video","contentable":2121698,"contentable_id":2121698,"payment_required":false,"draft":false,"is_released":true,"release_date":null,"prerequisite":false,"total_post_count":0,"discussions_enabled":true,"meta_data":{"duration_in_seconds":334},"expand_enabled":false,"lesson_type_label":null,"lesson_type_icon":null,"default_lesson_type_label":"Video","default_lesson_type_icon":"video","under_construction":false},{"id":6060478,"position":2,"chapter_id":1664190,"name":"Accuracy \u0026 Consistency Session 4","contentable_type":"Download","slug":"6060478-accuracy-consistency-session-4","is_free_trial":false,"next_content_id":6077778,"next_content_slug":"6077778-weekly-scorecard","next_content_type":"Survey","display_name":"Download","contentable":156513,"contentable_id":156513,"payment_required":false,"draft":false,"is_released":false,"release_date":"2021-11-11T12:32:09.529Z","prerequisite":false,"total_post_count":0,"discussions_enabled":true,"meta_data":null,"expand_enabled":false,"lesson_type_label":null,"lesson_type_icon":null,"default_lesson_type_label":"Download","default_lesson_type_icon":"download","under_construction":false},{"id":6077778,"position":3,"chapter_id":1664190,"name":"Weekly Scorecard","contentable_type":"Survey","slug":"6077778-weekly-scorecard","is_free_trial":false,"next_content_id":6060481,"next_content_slug":"6060481-finding-fairways-with-your-pattern","next_content_type":"Lesson","display_name":"Survey","contentable":252384,"contentable_id":252384,"payment_required":false,"draft":false,"is_released":true,"release_date":null,"prerequisite":false,"total_post_count":0,"discussions_enabled":true,"meta_data":{"question_count":1},"expand_enabled":false,"lesson_type_label":null,"lesson_type_icon":null,"default_lesson_type_label":"Survey","default_lesson_type_icon":"survey","under_construction":false},{"id":6060481,"position":0,"chapter_id":1664191,"name":"Finding Fairways With Your Pattern","contentable_type":"Lesson","slug":"6060481-finding-fairways-with-your-pattern","is_free_trial":false,"next_content_id":6060480,"next_content_slug":"6060480-accuracy-consistency-session-5","next_content_type":"Download","display_name":"Video","contentable":2114842,"contentable_id":2114842,"payment_required":false,"draft":false,"is_released":false,"release_date":"2021-11-18T12:32:09.529Z","prerequisite":false,"total_post_count":0,"discussions_enabled":true,"meta_data":{"duration_in_seconds":648},"expand_enabled":false,"lesson_type_label":null,"lesson_type_icon":null,"default_lesson_type_label":"Video","default_lesson_type_icon":"video","under_construction":false},{"id":6060480,"position":1,"chapter_id":1664191,"name":"Accuracy \u0026 Consistency Session 5","contentable_type":"Download","slug":"6060480-accuracy-consistency-session-5","is_free_trial":false,"next_content_id":6077780,"next_content_slug":"6077780-weekly-scorecard","next_content_type":"Survey","display_name":"Download","contentable":156514,"contentable_id":156514,"payment_required":false,"draft":false,"is_released":false,"release_date":"2021-11-18T12:32:09.529Z","prerequisite":false,"total_post_count":0,"discussions_enabled":true,"meta_data":null,"expand_enabled":false,"lesson_type_label":null,"lesson_type_icon":null,"default_lesson_type_label":"Download","default_lesson_type_icon":"download","under_construction":false},{"id":6077780,"position":2,"chapter_id":1664191,"name":"Weekly Scorecard","contentable_type":"Survey","slug":"6077780-weekly-scorecard","is_free_trial":false,"next_content_id":6060483,"next_content_slug":"6060483-how-to-practice-advanced-skills","next_content_type":"Lesson","display_name":"Survey","contentable":252385,"contentable_id":252385,"payment_required":false,"draft":false,"is_released":true,"release_date":null,"prerequisite":false,"total_post_count":0,"discussions_enabled":true,"meta_data":{"question_count":1},"expand_enabled":false,"lesson_type_label":null,"lesson_type_icon":null,"default_lesson_type_label":"Survey","default_lesson_type_icon":"survey","under_construction":false},{"id":6060483,"position":0,"chapter_id":1664192,"name":"How To Practice: Advanced Skills","contentable_type":"Lesson","slug":"6060483-how-to-practice-advanced-skills","is_free_trial":false,"next_content_id":6060482,"next_content_slug":"6060482-accuracy-consistency-session-6","next_content_type":"Download","display_name":"Video","contentable":2114843,"contentable_id":2114843,"payment_required":false,"draft":false,"is_released":false,"release_date":"2021-11-25T12:32:09.529Z","prerequisite":false,"total_post_count":0,"discussions_enabled":true,"meta_data":{"duration_in_seconds":561},"expand_enabled":false,"lesson_type_label":null,"lesson_type_icon":null,"default_lesson_type_label":"Video","default_lesson_type_icon":"video","under_construction":false},{"id":6060482,"position":1,"chapter_id":1664192,"name":"Accuracy \u0026 Consistency Session 6","contentable_type":"Download","slug":"6060482-accuracy-consistency-session-6","is_free_trial":false,"next_content_id":6077789,"next_content_slug":"6077789-weekly-scorecard","next_content_type":"Survey","display_name":"Download","contentable":156515,"contentable_id":156515,"payment_required":false,"draft":false,"is_released":false,"release_date":"2021-11-25T12:32:09.529Z","prerequisite":false,"total_post_count":0,"discussions_enabled":true,"meta_data":null,"expand_enabled":false,"lesson_type_label":null,"lesson_type_icon":null,"default_lesson_type_label":"Download","default_lesson_type_icon":"download","under_construction":false},{"id":6077789,"position":2,"chapter_id":1664192,"name":"Weekly Scorecard","contentable_type":"Survey","slug":"6077789-weekly-scorecard","is_free_trial":false,"next_content_id":null,"next_content_slug":null,"next_content_type":null,"display_name":"Survey","contentable":252386,"contentable_id":252386,"payment_required":false,"draft":false,"is_released":true,"release_date":null,"prerequisite":false,"total_post_count":0,"discussions_enabled":true,"meta_data":{"question_count":1},"expand_enabled":false,"lesson_type_label":null,"lesson_type_icon":null,"default_lesson_type_label":"Survey","default_lesson_type_icon":"survey","under_construction":false}],"chapters":[{"id":1664187,"name":"Week 1: Finding Your Ball Pattern","position":0,"course_id":407911,"content_ids":[6060471,6060473,6077090,6077038,6060472,6077747]},{"id":1664188,"name":"Week 2: Distance Control","position":1,"course_id":407911,"content_ids":[6074065,6060474,6074070]},{"id":1664189,"name":"Week 3: Driver Pattern","position":2,"course_id":407911,"content_ids":[6060477,6060476,6077754]},{"id":1664190,"name":"Week 4: Trajectory Control","position":3,"course_id":407911,"content_ids":[6060479,6077499,6060478,6077778]},{"id":1664191,"name":"Week 5: Finding More Fairways","position":4,"course_id":407911,"content_ids":[6060481,6060480,6077780]},{"id":1664192,"name":"Week 6: Advanced Skills","position":5,"course_id":407911,"content_ids":[6060483,6060482,6077789]}]}