{"course":{"id":407913,"name":"Speed \u0026 Power","slug":"core-practice-speed-power","landing_page_url":"https://www.cogornogolf.com/courses/core-practice-speed-power","checkout_page_url":"https://www.cogornogolf.com/enroll/430248","site_twitter_handle":"","support_email":"service@cogornogolf.com","subdomain":"cogornogolf","product_id":430248,"use_linkedin_profile_certification":false,"completion_page_html":"\u003cdiv class=\"fr-view\"\u003e\u003cp\u003eCongrats on sticking to the process!\u0026nbsp;\u003c/p\u003e\u003c/div\u003e","use_custom_completion_page_html":false,"reviews_enabled":false,"goals_enabled":false,"autoplay_all_videos":true,"require_video_completion":false,"video_completion_percentage":"100","disable_chapter_completed_modal":false,"theme":"course_player_white","primary_color":null,"font":null,"logo":null,"show_logo":true,"disable_text_selection":false,"hide_lesson_type_label_and_icon":false,"hide_lesson_type_icon":false,"is_onboarding_demo_course":false,"social_share_course_completion_overridden":false,"social_share_chapter_completion_overridden":false,"social_share_message":null,"facebook_shared_landing_page_url":"https://www.cogornogolf.com/9e0pd","linkedin_shared_landing_page_url":"https://www.cogornogolf.com/a7w5d","twitter_shared_landing_page_url":"https://www.cogornogolf.com/4s011","shared_landing_page_url":"https://www.cogornogolf.com/57fgb","chapter_ids":[1664199,1664200,1664201,1664202,1664203,1664204]},"contents":[{"id":6060498,"position":0,"chapter_id":1664199,"name":"Speed \u0026 Power Practice Guide","contentable_type":"HtmlItem","slug":"6060498-speed-power-practice-guide","is_free_trial":false,"next_content_id":6060499,"next_content_slug":"6060499-speed-power-session-1","next_content_type":"Download","display_name":"Text","contentable":1648779,"contentable_id":1648779,"payment_required":false,"draft":false,"is_released":true,"release_date":"2021-10-21T12:32:09.529Z","prerequisite":false,"total_post_count":0,"discussions_enabled":true,"meta_data":null,"expand_enabled":false,"lesson_type_label":null,"lesson_type_icon":null,"default_lesson_type_label":"Text","default_lesson_type_icon":"text","under_construction":false},{"id":6060499,"position":1,"chapter_id":1664199,"name":"Speed \u0026 Power Session 1","contentable_type":"Download","slug":"6060499-speed-power-session-1","is_free_trial":false,"next_content_id":6080704,"next_content_slug":"6080704-weekly-scorecard","next_content_type":"Survey","display_name":"Download","contentable":156522,"contentable_id":156522,"payment_required":false,"draft":false,"is_released":true,"release_date":"2021-10-21T12:32:09.529Z","prerequisite":false,"total_post_count":0,"discussions_enabled":true,"meta_data":null,"expand_enabled":false,"lesson_type_label":null,"lesson_type_icon":null,"default_lesson_type_label":"Download","default_lesson_type_icon":"download","under_construction":false},{"id":6080704,"position":2,"chapter_id":1664199,"name":"Weekly Scorecard","contentable_type":"Survey","slug":"6080704-weekly-scorecard","is_free_trial":false,"next_content_id":6060501,"next_content_slug":"6060501-speed-power-session-2","next_content_type":"Download","display_name":"Survey","contentable":252580,"contentable_id":252580,"payment_required":false,"draft":false,"is_released":true,"release_date":null,"prerequisite":false,"total_post_count":0,"discussions_enabled":true,"meta_data":{"question_count":3},"expand_enabled":false,"lesson_type_label":null,"lesson_type_icon":null,"default_lesson_type_label":"Survey","default_lesson_type_icon":"survey","under_construction":false},{"id":6060501,"position":0,"chapter_id":1664200,"name":"Speed \u0026 Power Session 2","contentable_type":"Download","slug":"6060501-speed-power-session-2","is_free_trial":false,"next_content_id":6080715,"next_content_slug":"6080715-weekly-scorecard","next_content_type":"Survey","display_name":"Download","contentable":156523,"contentable_id":156523,"payment_required":false,"draft":false,"is_released":false,"release_date":"2021-10-28T12:32:09.529Z","prerequisite":false,"total_post_count":0,"discussions_enabled":true,"meta_data":null,"expand_enabled":false,"lesson_type_label":null,"lesson_type_icon":null,"default_lesson_type_label":"Download","default_lesson_type_icon":"download","under_construction":false},{"id":6080715,"position":2,"chapter_id":1664200,"name":"Weekly Scorecard","contentable_type":"Survey","slug":"6080715-weekly-scorecard","is_free_trial":false,"next_content_id":6060503,"next_content_slug":"6060503-speed-power-session-3","next_content_type":"Download","display_name":"Survey","contentable":252581,"contentable_id":252581,"payment_required":false,"draft":false,"is_released":true,"release_date":null,"prerequisite":false,"total_post_count":0,"discussions_enabled":true,"meta_data":{"question_count":3},"expand_enabled":false,"lesson_type_label":null,"lesson_type_icon":null,"default_lesson_type_label":"Survey","default_lesson_type_icon":"survey","under_construction":false},{"id":6060503,"position":0,"chapter_id":1664201,"name":"Speed \u0026 Power Session 3","contentable_type":"Download","slug":"6060503-speed-power-session-3","is_free_trial":false,"next_content_id":6080720,"next_content_slug":"6080720-weekly-scorecard","next_content_type":"Survey","display_name":"Download","contentable":156524,"contentable_id":156524,"payment_required":false,"draft":false,"is_released":false,"release_date":"2021-11-04T12:32:09.529Z","prerequisite":false,"total_post_count":0,"discussions_enabled":true,"meta_data":null,"expand_enabled":false,"lesson_type_label":null,"lesson_type_icon":null,"default_lesson_type_label":"Download","default_lesson_type_icon":"download","under_construction":false},{"id":6080720,"position":2,"chapter_id":1664201,"name":"Weekly Scorecard","contentable_type":"Survey","slug":"6080720-weekly-scorecard","is_free_trial":false,"next_content_id":6060505,"next_content_slug":"6060505-speed-power-session-4","next_content_type":"Download","display_name":"Survey","contentable":252582,"contentable_id":252582,"payment_required":false,"draft":false,"is_released":true,"release_date":null,"prerequisite":false,"total_post_count":0,"discussions_enabled":true,"meta_data":{"question_count":3},"expand_enabled":false,"lesson_type_label":null,"lesson_type_icon":null,"default_lesson_type_label":"Survey","default_lesson_type_icon":"survey","under_construction":false},{"id":6060505,"position":0,"chapter_id":1664202,"name":"Speed \u0026 Power Session 4","contentable_type":"Download","slug":"6060505-speed-power-session-4","is_free_trial":false,"next_content_id":6080747,"next_content_slug":"6080747-weekly-scorecard","next_content_type":"Survey","display_name":"Download","contentable":156525,"contentable_id":156525,"payment_required":false,"draft":false,"is_released":false,"release_date":"2021-11-11T12:32:09.529Z","prerequisite":false,"total_post_count":0,"discussions_enabled":true,"meta_data":null,"expand_enabled":false,"lesson_type_label":null,"lesson_type_icon":null,"default_lesson_type_label":"Download","default_lesson_type_icon":"download","under_construction":false},{"id":6080747,"position":2,"chapter_id":1664202,"name":"Weekly Scorecard","contentable_type":"Survey","slug":"6080747-weekly-scorecard","is_free_trial":false,"next_content_id":6060507,"next_content_slug":"6060507-speed-power-session-5","next_content_type":"Download","display_name":"Survey","contentable":252586,"contentable_id":252586,"payment_required":false,"draft":false,"is_released":true,"release_date":null,"prerequisite":false,"total_post_count":0,"discussions_enabled":true,"meta_data":{"question_count":3},"expand_enabled":false,"lesson_type_label":null,"lesson_type_icon":null,"default_lesson_type_label":"Survey","default_lesson_type_icon":"survey","under_construction":false},{"id":6060507,"position":0,"chapter_id":1664203,"name":"Speed \u0026 Power Session 5","contentable_type":"Download","slug":"6060507-speed-power-session-5","is_free_trial":false,"next_content_id":6060508,"next_content_slug":"6060508-pressure-shift-step-drill","next_content_type":"Lesson","display_name":"Download","contentable":156526,"contentable_id":156526,"payment_required":false,"draft":false,"is_released":false,"release_date":"2021-11-18T12:32:09.529Z","prerequisite":false,"total_post_count":0,"discussions_enabled":true,"meta_data":null,"expand_enabled":false,"lesson_type_label":null,"lesson_type_icon":null,"default_lesson_type_label":"Download","default_lesson_type_icon":"download","under_construction":false},{"id":6060508,"position":1,"chapter_id":1664203,"name":"Pressure Shift Step Drill","contentable_type":"Lesson","slug":"6060508-pressure-shift-step-drill","is_free_trial":false,"next_content_id":6080776,"next_content_slug":"6080776-weekly-scorecard","next_content_type":"Survey","display_name":"Video","contentable":2114854,"contentable_id":2114854,"payment_required":false,"draft":false,"is_released":false,"release_date":"2021-11-18T12:32:09.529Z","prerequisite":false,"total_post_count":0,"discussions_enabled":true,"meta_data":{"duration_in_seconds":75},"expand_enabled":false,"lesson_type_label":null,"lesson_type_icon":null,"default_lesson_type_label":"Video","default_lesson_type_icon":"video","under_construction":false},{"id":6080776,"position":2,"chapter_id":1664203,"name":"Weekly Scorecard","contentable_type":"Survey","slug":"6080776-weekly-scorecard","is_free_trial":false,"next_content_id":6060509,"next_content_slug":"6060509-speed-power-session-6","next_content_type":"Download","display_name":"Survey","contentable":252587,"contentable_id":252587,"payment_required":false,"draft":false,"is_released":true,"release_date":null,"prerequisite":false,"total_post_count":0,"discussions_enabled":true,"meta_data":{"question_count":3},"expand_enabled":false,"lesson_type_label":null,"lesson_type_icon":null,"default_lesson_type_label":"Survey","default_lesson_type_icon":"survey","under_construction":false},{"id":6060509,"position":2,"chapter_id":1664204,"name":"Speed \u0026 Power Session 6","contentable_type":"Download","slug":"6060509-speed-power-session-6","is_free_trial":false,"next_content_id":null,"next_content_slug":null,"next_content_type":null,"display_name":"Download","contentable":156527,"contentable_id":156527,"payment_required":false,"draft":false,"is_released":false,"release_date":"2021-11-25T12:32:09.529Z","prerequisite":false,"total_post_count":0,"discussions_enabled":true,"meta_data":null,"expand_enabled":false,"lesson_type_label":null,"lesson_type_icon":null,"default_lesson_type_label":"Download","default_lesson_type_icon":"download","under_construction":false}],"chapters":[{"id":1664199,"name":"Week 1","position":0,"course_id":407913,"content_ids":[6060498,6060499,6080704]},{"id":1664200,"name":"Week 2","position":1,"course_id":407913,"content_ids":[6060501,6080715]},{"id":1664201,"name":"Week 3:","position":2,"course_id":407913,"content_ids":[6060503,6080720]},{"id":1664202,"name":"Week 4:","position":3,"course_id":407913,"content_ids":[6060505,6080747]},{"id":1664203,"name":"Week 5:","position":4,"course_id":407913,"content_ids":[6060507,6060508,6080776]},{"id":1664204,"name":"Week 6","position":5,"course_id":407913,"content_ids":[6060509]}]}