{"course":{"id":384438,"name":"Chipping Faults and Fixes","slug":"Diagnose-Your-Flaw-Chipping","landing_page_url":"https://www.cogornogolf.com/courses/Diagnose-Your-Flaw-Chipping","checkout_page_url":"https://www.cogornogolf.com/enroll/405467","site_twitter_handle":"","support_email":"service@cogornogolf.com","subdomain":"cogornogolf","product_id":405467,"use_linkedin_profile_certification":false,"completion_page_html":"","use_custom_completion_page_html":false,"reviews_enabled":false,"goals_enabled":false,"autoplay_all_videos":true,"require_video_completion":false,"video_completion_percentage":"100","disable_chapter_completed_modal":false,"theme":"course_player_white","primary_color":null,"font":null,"logo":null,"show_logo":true,"disable_text_selection":false,"hide_lesson_type_label_and_icon":false,"hide_lesson_type_icon":false,"is_onboarding_demo_course":false,"social_share_course_completion_overridden":false,"social_share_chapter_completion_overridden":false,"social_share_message":null,"facebook_shared_landing_page_url":"https://www.cogornogolf.com/2vj4u","linkedin_shared_landing_page_url":"https://www.cogornogolf.com/xmcuv","twitter_shared_landing_page_url":"https://www.cogornogolf.com/gcm0g","shared_landing_page_url":"https://www.cogornogolf.com/h37oo","chapter_ids":[1538168]},"contents":[{"id":5555008,"position":0,"chapter_id":1538168,"name":"The Bounce Vs The Leading Edge","contentable_type":"Lesson","slug":"5555008-the-bounce-vs-the-leading-edge","is_free_trial":false,"next_content_id":5555009,"next_content_slug":"5555009-keys-to-consistent-contact","next_content_type":"Lesson","display_name":"Video","contentable":1905815,"contentable_id":1905815,"payment_required":false,"draft":false,"is_released":true,"release_date":null,"prerequisite":false,"total_post_count":0,"discussions_enabled":true,"meta_data":{"duration_in_seconds":361},"expand_enabled":false,"lesson_type_label":null,"lesson_type_icon":null,"default_lesson_type_label":"Video","default_lesson_type_icon":"video","under_construction":false},{"id":5555009,"position":1,"chapter_id":1538168,"name":"Keys To Consistent Contact","contentable_type":"Lesson","slug":"5555009-keys-to-consistent-contact","is_free_trial":false,"next_content_id":5555010,"next_content_slug":"5555010-faults-and-fixes-too-much-leading-edge","next_content_type":"Lesson","display_name":"Video","contentable":1905816,"contentable_id":1905816,"payment_required":false,"draft":false,"is_released":true,"release_date":null,"prerequisite":false,"total_post_count":2,"discussions_enabled":true,"meta_data":{"duration_in_seconds":252},"expand_enabled":false,"lesson_type_label":null,"lesson_type_icon":null,"default_lesson_type_label":"Video","default_lesson_type_icon":"video","under_construction":false},{"id":5555010,"position":2,"chapter_id":1538168,"name":"Faults and Fixes - Too Much Leading Edge","contentable_type":"Lesson","slug":"5555010-faults-and-fixes-too-much-leading-edge","is_free_trial":false,"next_content_id":5555011,"next_content_slug":"5555011-faults-and-fixes-club-too-far-inside","next_content_type":"Lesson","display_name":"Video","contentable":1905817,"contentable_id":1905817,"payment_required":false,"draft":false,"is_released":true,"release_date":null,"prerequisite":false,"total_post_count":0,"discussions_enabled":true,"meta_data":{"duration_in_seconds":416},"expand_enabled":false,"lesson_type_label":null,"lesson_type_icon":null,"default_lesson_type_label":"Video","default_lesson_type_icon":"video","under_construction":false},{"id":5555011,"position":3,"chapter_id":1538168,"name":"Faults and Fixes - Club Too Far Inside","contentable_type":"Lesson","slug":"5555011-faults-and-fixes-club-too-far-inside","is_free_trial":false,"next_content_id":5555012,"next_content_slug":"5555012-faults-and-fixes-club-face-too-closed","next_content_type":"Lesson","display_name":"Video","contentable":1905818,"contentable_id":1905818,"payment_required":false,"draft":false,"is_released":true,"release_date":null,"prerequisite":false,"total_post_count":0,"discussions_enabled":true,"meta_data":{"duration_in_seconds":279},"expand_enabled":false,"lesson_type_label":null,"lesson_type_icon":null,"default_lesson_type_label":"Video","default_lesson_type_icon":"video","under_construction":false},{"id":5555012,"position":4,"chapter_id":1538168,"name":"Faults and Fixes - Club Face Too Closed","contentable_type":"Lesson","slug":"5555012-faults-and-fixes-club-face-too-closed","is_free_trial":false,"next_content_id":5555013,"next_content_slug":"5555013-faults-and-fixes-shoulder-tilt","next_content_type":"Lesson","display_name":"Video","contentable":1905819,"contentable_id":1905819,"payment_required":false,"draft":false,"is_released":true,"release_date":null,"prerequisite":false,"total_post_count":1,"discussions_enabled":true,"meta_data":{"duration_in_seconds":343},"expand_enabled":false,"lesson_type_label":null,"lesson_type_icon":null,"default_lesson_type_label":"Video","default_lesson_type_icon":"video","under_construction":false},{"id":5555013,"position":5,"chapter_id":1538168,"name":"Faults and Fixes - Shoulder Tilt","contentable_type":"Lesson","slug":"5555013-faults-and-fixes-shoulder-tilt","is_free_trial":false,"next_content_id":5555030,"next_content_slug":"5555030-lesson-with-nolan-using-the-bounce","next_content_type":"Lesson","display_name":"Video","contentable":1905820,"contentable_id":1905820,"payment_required":false,"draft":false,"is_released":true,"release_date":null,"prerequisite":false,"total_post_count":0,"discussions_enabled":true,"meta_data":{"duration_in_seconds":243},"expand_enabled":false,"lesson_type_label":null,"lesson_type_icon":null,"default_lesson_type_label":"Video","default_lesson_type_icon":"video","under_construction":false},{"id":5555030,"position":6,"chapter_id":1538168,"name":"Lesson With Nolan - Using The Bounce","contentable_type":"Lesson","slug":"5555030-lesson-with-nolan-using-the-bounce","is_free_trial":false,"next_content_id":null,"next_content_slug":null,"next_content_type":null,"display_name":"Video","contentable":1905837,"contentable_id":1905837,"payment_required":false,"draft":false,"is_released":true,"release_date":null,"prerequisite":false,"total_post_count":0,"discussions_enabled":true,"meta_data":{"duration_in_seconds":601},"expand_enabled":false,"lesson_type_label":null,"lesson_type_icon":null,"default_lesson_type_label":"Video","default_lesson_type_icon":"video","under_construction":false}],"chapters":[{"id":1538168,"name":"Diagnose Your Flaw: Chipping Faults and Fixes","position":1,"course_id":384438,"content_ids":[5555008,5555009,5555010,5555011,5555012,5555013,5555030]}]}