{"course":{"id":384461,"name":"Downswing Faults and Fixes","slug":"Diagnose-Your-Flaw-Downswing","landing_page_url":"https://www.cogornogolf.com/courses/Diagnose-Your-Flaw-Downswing","checkout_page_url":"https://www.cogornogolf.com/enroll/405490","site_twitter_handle":"","support_email":"service@cogornogolf.com","subdomain":"cogornogolf","product_id":405490,"use_linkedin_profile_certification":false,"completion_page_html":"","use_custom_completion_page_html":false,"reviews_enabled":false,"goals_enabled":false,"autoplay_all_videos":true,"require_video_completion":false,"video_completion_percentage":"100","disable_chapter_completed_modal":false,"theme":"course_player_white","primary_color":null,"font":null,"logo":null,"show_logo":true,"disable_text_selection":false,"hide_lesson_type_label_and_icon":false,"hide_lesson_type_icon":false,"is_onboarding_demo_course":false,"social_share_course_completion_overridden":false,"social_share_chapter_completion_overridden":false,"social_share_message":null,"facebook_shared_landing_page_url":"https://www.cogornogolf.com/u4y0h","linkedin_shared_landing_page_url":"https://www.cogornogolf.com/klwzd","twitter_shared_landing_page_url":"https://www.cogornogolf.com/11nry","shared_landing_page_url":"https://www.cogornogolf.com/pruaf","chapter_ids":[1538340]},"contents":[{"id":5607530,"position":0,"chapter_id":1538340,"name":"Course Overview","contentable_type":"HtmlItem","slug":"5607530-course-overview","is_free_trial":false,"next_content_id":5555678,"next_content_slug":"5555678-arms-not-in-the-slot","next_content_type":"Lesson","display_name":"Text","contentable":1532033,"contentable_id":1532033,"payment_required":false,"draft":false,"is_released":true,"release_date":null,"prerequisite":false,"total_post_count":0,"discussions_enabled":false,"meta_data":null,"expand_enabled":false,"lesson_type_label":null,"lesson_type_icon":null,"default_lesson_type_label":"Text","default_lesson_type_icon":"text","under_construction":false},{"id":5555678,"position":1,"chapter_id":1538340,"name":"Arms Not In The Slot","contentable_type":"Lesson","slug":"5555678-arms-not-in-the-slot","is_free_trial":false,"next_content_id":5555680,"next_content_slug":"5555680-faults-and-fixes-rotation","next_content_type":"Lesson","display_name":"Video","contentable":1906379,"contentable_id":1906379,"payment_required":false,"draft":false,"is_released":true,"release_date":null,"prerequisite":false,"total_post_count":1,"discussions_enabled":true,"meta_data":{"duration_in_seconds":372},"expand_enabled":false,"lesson_type_label":null,"lesson_type_icon":null,"default_lesson_type_label":"Video","default_lesson_type_icon":"video","under_construction":false},{"id":5555680,"position":2,"chapter_id":1538340,"name":"Faults and Fixes - Rotation","contentable_type":"Lesson","slug":"5555680-faults-and-fixes-rotation","is_free_trial":false,"next_content_id":5555683,"next_content_slug":"5555683-last-parallel-hands","next_content_type":"Lesson","display_name":"Video","contentable":1906381,"contentable_id":1906381,"payment_required":false,"draft":false,"is_released":true,"release_date":null,"prerequisite":false,"total_post_count":1,"discussions_enabled":true,"meta_data":{"duration_in_seconds":281},"expand_enabled":false,"lesson_type_label":null,"lesson_type_icon":null,"default_lesson_type_label":"Video","default_lesson_type_icon":"video","under_construction":false},{"id":5555683,"position":3,"chapter_id":1538340,"name":"Last Parallel - Hands","contentable_type":"Lesson","slug":"5555683-last-parallel-hands","is_free_trial":false,"next_content_id":5555684,"next_content_slug":"5555684-last-parallel-body","next_content_type":"Lesson","display_name":"Video","contentable":1906384,"contentable_id":1906384,"payment_required":false,"draft":false,"is_released":true,"release_date":null,"prerequisite":false,"total_post_count":0,"discussions_enabled":true,"meta_data":{"duration_in_seconds":209},"expand_enabled":false,"lesson_type_label":null,"lesson_type_icon":null,"default_lesson_type_label":"Video","default_lesson_type_icon":"video","under_construction":false},{"id":5555684,"position":4,"chapter_id":1538340,"name":"Last Parallel - Body","contentable_type":"Lesson","slug":"5555684-last-parallel-body","is_free_trial":false,"next_content_id":5555685,"next_content_slug":"5555685-last-parallel-club-position","next_content_type":"Lesson","display_name":"Video","contentable":1906385,"contentable_id":1906385,"payment_required":false,"draft":false,"is_released":true,"release_date":null,"prerequisite":false,"total_post_count":0,"discussions_enabled":true,"meta_data":{"duration_in_seconds":222},"expand_enabled":false,"lesson_type_label":null,"lesson_type_icon":null,"default_lesson_type_label":"Video","default_lesson_type_icon":"video","under_construction":false},{"id":5555685,"position":5,"chapter_id":1538340,"name":"Last Parallel - Club Position","contentable_type":"Lesson","slug":"5555685-last-parallel-club-position","is_free_trial":false,"next_content_id":5555710,"next_content_slug":"5555710-impact-hands","next_content_type":"Lesson","display_name":"Video","contentable":1906386,"contentable_id":1906386,"payment_required":false,"draft":false,"is_released":true,"release_date":null,"prerequisite":false,"total_post_count":1,"discussions_enabled":true,"meta_data":{"duration_in_seconds":383},"expand_enabled":false,"lesson_type_label":null,"lesson_type_icon":null,"default_lesson_type_label":"Video","default_lesson_type_icon":"video","under_construction":false},{"id":5555710,"position":6,"chapter_id":1538340,"name":"Impact - Hands","contentable_type":"Lesson","slug":"5555710-impact-hands","is_free_trial":false,"next_content_id":5555711,"next_content_slug":"5555711-impact-body","next_content_type":"Lesson","display_name":"Video","contentable":1906411,"contentable_id":1906411,"payment_required":false,"draft":false,"is_released":true,"release_date":null,"prerequisite":false,"total_post_count":0,"discussions_enabled":true,"meta_data":{"duration_in_seconds":228},"expand_enabled":false,"lesson_type_label":null,"lesson_type_icon":null,"default_lesson_type_label":"Video","default_lesson_type_icon":"video","under_construction":false},{"id":5555711,"position":7,"chapter_id":1538340,"name":"Impact - Body","contentable_type":"Lesson","slug":"5555711-impact-body","is_free_trial":false,"next_content_id":5555709,"next_content_slug":"5555709-impact-club","next_content_type":"Lesson","display_name":"Video","contentable":1906412,"contentable_id":1906412,"payment_required":false,"draft":false,"is_released":true,"release_date":null,"prerequisite":false,"total_post_count":1,"discussions_enabled":true,"meta_data":{"duration_in_seconds":224},"expand_enabled":false,"lesson_type_label":null,"lesson_type_icon":null,"default_lesson_type_label":"Video","default_lesson_type_icon":"video","under_construction":false},{"id":5555709,"position":8,"chapter_id":1538340,"name":"Impact - Club","contentable_type":"Lesson","slug":"5555709-impact-club","is_free_trial":false,"next_content_id":5555713,"next_content_slug":"5555713-first-parallel-past-impact-arms-and-hands","next_content_type":"Lesson","display_name":"Video","contentable":1906410,"contentable_id":1906410,"payment_required":false,"draft":false,"is_released":true,"release_date":null,"prerequisite":false,"total_post_count":0,"discussions_enabled":true,"meta_data":{"duration_in_seconds":308},"expand_enabled":false,"lesson_type_label":null,"lesson_type_icon":null,"default_lesson_type_label":"Video","default_lesson_type_icon":"video","under_construction":false},{"id":5555713,"position":9,"chapter_id":1538340,"name":"First Parallel Past Impact - Arms and Hands","contentable_type":"Lesson","slug":"5555713-first-parallel-past-impact-arms-and-hands","is_free_trial":false,"next_content_id":5555714,"next_content_slug":"5555714-first-parallel-past-impact-club","next_content_type":"Lesson","display_name":"Video","contentable":1906414,"contentable_id":1906414,"payment_required":false,"draft":false,"is_released":true,"release_date":null,"prerequisite":false,"total_post_count":0,"discussions_enabled":true,"meta_data":{"duration_in_seconds":192},"expand_enabled":false,"lesson_type_label":null,"lesson_type_icon":null,"default_lesson_type_label":"Video","default_lesson_type_icon":"video","under_construction":false},{"id":5555714,"position":10,"chapter_id":1538340,"name":"First Parallel Past Impact - Club","contentable_type":"Lesson","slug":"5555714-first-parallel-past-impact-club","is_free_trial":false,"next_content_id":5555717,"next_content_slug":"5555717-p9-all-in-one","next_content_type":"Lesson","display_name":"Video","contentable":1906415,"contentable_id":1906415,"payment_required":false,"draft":false,"is_released":true,"release_date":null,"prerequisite":false,"total_post_count":0,"discussions_enabled":true,"meta_data":{"duration_in_seconds":319},"expand_enabled":false,"lesson_type_label":null,"lesson_type_icon":null,"default_lesson_type_label":"Video","default_lesson_type_icon":"video","under_construction":false},{"id":5555717,"position":11,"chapter_id":1538340,"name":"P9 All In One","contentable_type":"Lesson","slug":"5555717-p9-all-in-one","is_free_trial":false,"next_content_id":5555720,"next_content_slug":"5555720-troubleshooting-the-finish","next_content_type":"Lesson","display_name":"Video","contentable":1906418,"contentable_id":1906418,"payment_required":false,"draft":false,"is_released":true,"release_date":null,"prerequisite":false,"total_post_count":1,"discussions_enabled":true,"meta_data":{"duration_in_seconds":286},"expand_enabled":false,"lesson_type_label":null,"lesson_type_icon":null,"default_lesson_type_label":"Video","default_lesson_type_icon":"video","under_construction":false},{"id":5555720,"position":12,"chapter_id":1538340,"name":"Troubleshooting The Finish","contentable_type":"Lesson","slug":"5555720-troubleshooting-the-finish","is_free_trial":false,"next_content_id":null,"next_content_slug":null,"next_content_type":null,"display_name":"Video","contentable":1906421,"contentable_id":1906421,"payment_required":false,"draft":false,"is_released":true,"release_date":null,"prerequisite":false,"total_post_count":0,"discussions_enabled":true,"meta_data":{"duration_in_seconds":251},"expand_enabled":false,"lesson_type_label":null,"lesson_type_icon":null,"default_lesson_type_label":"Video","default_lesson_type_icon":"video","under_construction":false}],"chapters":[{"id":1538340,"name":"Diagnose Your Flaw: Common Downswing Faults and Fixes","position":3,"course_id":384461,"content_ids":[5607530,5555678,5555680,5555683,5555684,5555685,5555710,5555711,5555709,5555713,5555714,5555717,5555720]}]}