{"course":{"id":384455,"name":"Common Setup Faults and Fixes","slug":"Diagnose-Your-Flaw-Setup","landing_page_url":"https://www.cogornogolf.com/courses/Diagnose-Your-Flaw-Setup","checkout_page_url":"https://www.cogornogolf.com/enroll/405484","site_twitter_handle":"","support_email":"service@cogornogolf.com","subdomain":"cogornogolf","product_id":405484,"use_linkedin_profile_certification":false,"completion_page_html":"","use_custom_completion_page_html":false,"reviews_enabled":false,"goals_enabled":false,"autoplay_all_videos":true,"require_video_completion":false,"video_completion_percentage":"100","disable_chapter_completed_modal":false,"theme":"course_player_white","primary_color":null,"font":null,"logo":null,"show_logo":true,"disable_text_selection":false,"hide_lesson_type_label_and_icon":false,"hide_lesson_type_icon":false,"is_onboarding_demo_course":false,"social_share_course_completion_overridden":false,"social_share_chapter_completion_overridden":false,"social_share_message":null,"facebook_shared_landing_page_url":"https://www.cogornogolf.com/41j64","linkedin_shared_landing_page_url":"https://www.cogornogolf.com/0hefs","twitter_shared_landing_page_url":"https://www.cogornogolf.com/lg7n6","shared_landing_page_url":"https://www.cogornogolf.com/y5hom","chapter_ids":[1538305]},"contents":[{"id":5597038,"position":0,"chapter_id":1538305,"name":"Course Overview","contentable_type":"HtmlItem","slug":"5597038-course-overview","is_free_trial":false,"next_content_id":5555477,"next_content_slug":"5555477-grip-faults-and-fixes-weak-grip","next_content_type":"Lesson","display_name":"Text","contentable":1529475,"contentable_id":1529475,"payment_required":false,"draft":false,"is_released":true,"release_date":null,"prerequisite":false,"total_post_count":0,"discussions_enabled":false,"meta_data":null,"expand_enabled":false,"lesson_type_label":null,"lesson_type_icon":null,"default_lesson_type_label":"Text","default_lesson_type_icon":"text","under_construction":false},{"id":5555477,"position":1,"chapter_id":1538305,"name":"Grip Faults and Fixes - Weak Grip","contentable_type":"Lesson","slug":"5555477-grip-faults-and-fixes-weak-grip","is_free_trial":false,"next_content_id":5555478,"next_content_slug":"5555478-grip-faults-and-fixes-strong-grip","next_content_type":"Lesson","display_name":"Video","contentable":1906178,"contentable_id":1906178,"payment_required":false,"draft":false,"is_released":true,"release_date":null,"prerequisite":false,"total_post_count":0,"discussions_enabled":true,"meta_data":{"duration_in_seconds":337},"expand_enabled":false,"lesson_type_label":null,"lesson_type_icon":null,"default_lesson_type_label":"Video","default_lesson_type_icon":"video","under_construction":false},{"id":5555478,"position":2,"chapter_id":1538305,"name":"Grip Faults and Fixes - Strong Grip","contentable_type":"Lesson","slug":"5555478-grip-faults-and-fixes-strong-grip","is_free_trial":false,"next_content_id":5555482,"next_content_slug":"5555482-body-faults-and-fixes-feet-width-tilt-and-hands","next_content_type":"Lesson","display_name":"Video","contentable":1906179,"contentable_id":1906179,"payment_required":false,"draft":false,"is_released":true,"release_date":null,"prerequisite":false,"total_post_count":1,"discussions_enabled":true,"meta_data":{"duration_in_seconds":322},"expand_enabled":false,"lesson_type_label":null,"lesson_type_icon":null,"default_lesson_type_label":"Video","default_lesson_type_icon":"video","under_construction":false},{"id":5555482,"position":3,"chapter_id":1538305,"name":"Body Faults and Fixes - Feet Width, Tilt and Hands","contentable_type":"Lesson","slug":"5555482-body-faults-and-fixes-feet-width-tilt-and-hands","is_free_trial":false,"next_content_id":5555483,"next_content_slug":"5555483-ball-position-faults-and-fixes-too-far-forward","next_content_type":"Lesson","display_name":"Video","contentable":1906183,"contentable_id":1906183,"payment_required":false,"draft":false,"is_released":true,"release_date":null,"prerequisite":false,"total_post_count":0,"discussions_enabled":true,"meta_data":{"duration_in_seconds":355},"expand_enabled":false,"lesson_type_label":null,"lesson_type_icon":null,"default_lesson_type_label":"Video","default_lesson_type_icon":"video","under_construction":false},{"id":5555483,"position":4,"chapter_id":1538305,"name":"Ball Position Faults and Fixes - Too Far Forward","contentable_type":"Lesson","slug":"5555483-ball-position-faults-and-fixes-too-far-forward","is_free_trial":false,"next_content_id":5555484,"next_content_slug":"5555484-ball-position-faults-and-fixes-too-far-back","next_content_type":"Lesson","display_name":"Video","contentable":1906184,"contentable_id":1906184,"payment_required":false,"draft":false,"is_released":true,"release_date":null,"prerequisite":false,"total_post_count":0,"discussions_enabled":true,"meta_data":{"duration_in_seconds":238},"expand_enabled":false,"lesson_type_label":null,"lesson_type_icon":null,"default_lesson_type_label":"Video","default_lesson_type_icon":"video","under_construction":false},{"id":5555484,"position":5,"chapter_id":1538305,"name":"Ball Position Faults and Fixes - Too Far Back","contentable_type":"Lesson","slug":"5555484-ball-position-faults-and-fixes-too-far-back","is_free_trial":false,"next_content_id":null,"next_content_slug":null,"next_content_type":null,"display_name":"Video","contentable":1906185,"contentable_id":1906185,"payment_required":false,"draft":false,"is_released":true,"release_date":null,"prerequisite":false,"total_post_count":0,"discussions_enabled":true,"meta_data":{"duration_in_seconds":202},"expand_enabled":false,"lesson_type_label":null,"lesson_type_icon":null,"default_lesson_type_label":"Video","default_lesson_type_icon":"video","under_construction":false}],"chapters":[{"id":1538305,"name":"Diagnose Your Flaw: Common Set-Up Faults and Fixes","position":2,"course_id":384455,"content_ids":[5597038,5555477,5555478,5555482,5555483,5555484]}]}