{"course":{"id":384475,"name":"Backswing Faults and Fixes","slug":"Diagnose-Your-Flaw-Backswing","landing_page_url":"https://www.cogornogolf.com/courses/Diagnose-Your-Flaw-Backswing","checkout_page_url":"https://www.cogornogolf.com/enroll/405504","site_twitter_handle":"","support_email":"service@cogornogolf.com","subdomain":"cogornogolf","product_id":405504,"use_linkedin_profile_certification":false,"completion_page_html":"","use_custom_completion_page_html":false,"reviews_enabled":false,"goals_enabled":false,"autoplay_all_videos":true,"require_video_completion":false,"video_completion_percentage":"100","disable_chapter_completed_modal":false,"theme":"course_player_white","primary_color":null,"font":null,"logo":null,"show_logo":true,"disable_text_selection":false,"hide_lesson_type_label_and_icon":false,"hide_lesson_type_icon":false,"is_onboarding_demo_course":false,"social_share_course_completion_overridden":false,"social_share_chapter_completion_overridden":false,"social_share_message":null,"facebook_shared_landing_page_url":"https://www.cogornogolf.com/9d18r","linkedin_shared_landing_page_url":"https://www.cogornogolf.com/kvebn","twitter_shared_landing_page_url":"https://www.cogornogolf.com/080vz","shared_landing_page_url":"https://www.cogornogolf.com/g9vf0","chapter_ids":[1538414]},"contents":[{"id":5606267,"position":0,"chapter_id":1538414,"name":"Course Overview","contentable_type":"HtmlItem","slug":"5606267-course-overview","is_free_trial":false,"next_content_id":5556026,"next_content_slug":"5556026-takeaway-too-much-forearm-roll","next_content_type":"Lesson","display_name":"Text","contentable":1531817,"contentable_id":1531817,"payment_required":false,"draft":false,"is_released":true,"release_date":null,"prerequisite":false,"total_post_count":0,"discussions_enabled":false,"meta_data":null,"expand_enabled":false,"lesson_type_label":null,"lesson_type_icon":null,"default_lesson_type_label":"Text","default_lesson_type_icon":"text","under_construction":false},{"id":5556026,"position":1,"chapter_id":1538414,"name":"Takeaway - Too Much Forearm Roll","contentable_type":"Lesson","slug":"5556026-takeaway-too-much-forearm-roll","is_free_trial":false,"next_content_id":5556027,"next_content_slug":"5556027-takeaway-hands-out","next_content_type":"Lesson","display_name":"Video","contentable":1906709,"contentable_id":1906709,"payment_required":false,"draft":false,"is_released":true,"release_date":null,"prerequisite":false,"total_post_count":0,"discussions_enabled":true,"meta_data":{"duration_in_seconds":288},"expand_enabled":false,"lesson_type_label":null,"lesson_type_icon":null,"default_lesson_type_label":"Video","default_lesson_type_icon":"video","under_construction":false},{"id":5556027,"position":2,"chapter_id":1538414,"name":"Takeaway - Hands Out","contentable_type":"Lesson","slug":"5556027-takeaway-hands-out","is_free_trial":false,"next_content_id":5556033,"next_content_slug":"5556033-mid-backswing-arms-hands-club","next_content_type":"Lesson","display_name":"Video","contentable":1906710,"contentable_id":1906710,"payment_required":false,"draft":false,"is_released":true,"release_date":null,"prerequisite":false,"total_post_count":0,"discussions_enabled":true,"meta_data":{"duration_in_seconds":199},"expand_enabled":false,"lesson_type_label":null,"lesson_type_icon":null,"default_lesson_type_label":"Video","default_lesson_type_icon":"video","under_construction":false},{"id":5556033,"position":3,"chapter_id":1538414,"name":"Mid-Backswing - Arms, Hands, Club","contentable_type":"Lesson","slug":"5556033-mid-backswing-arms-hands-club","is_free_trial":false,"next_content_id":5556034,"next_content_slug":"5556034-hand-depth","next_content_type":"Lesson","display_name":"Video","contentable":1906716,"contentable_id":1906716,"payment_required":false,"draft":false,"is_released":true,"release_date":null,"prerequisite":false,"total_post_count":1,"discussions_enabled":true,"meta_data":{"duration_in_seconds":179},"expand_enabled":false,"lesson_type_label":null,"lesson_type_icon":null,"default_lesson_type_label":"Video","default_lesson_type_icon":"video","under_construction":false},{"id":5556034,"position":4,"chapter_id":1538414,"name":"Hand Depth","contentable_type":"Lesson","slug":"5556034-hand-depth","is_free_trial":false,"next_content_id":5556036,"next_content_slug":"5556036-length-of-backswing","next_content_type":"Lesson","display_name":"Video","contentable":1906717,"contentable_id":1906717,"payment_required":false,"draft":false,"is_released":true,"release_date":null,"prerequisite":false,"total_post_count":0,"discussions_enabled":true,"meta_data":{"duration_in_seconds":183},"expand_enabled":false,"lesson_type_label":null,"lesson_type_icon":null,"default_lesson_type_label":"Video","default_lesson_type_icon":"video","under_construction":false},{"id":5556036,"position":5,"chapter_id":1538414,"name":"Length of Backswing","contentable_type":"Lesson","slug":"5556036-length-of-backswing","is_free_trial":false,"next_content_id":5556037,"next_content_slug":"5556037-shortening-the-backswing","next_content_type":"Lesson","display_name":"Video","contentable":1906719,"contentable_id":1906719,"payment_required":false,"draft":false,"is_released":true,"release_date":null,"prerequisite":false,"total_post_count":0,"discussions_enabled":true,"meta_data":{"duration_in_seconds":369},"expand_enabled":false,"lesson_type_label":null,"lesson_type_icon":null,"default_lesson_type_label":"Video","default_lesson_type_icon":"video","under_construction":false},{"id":5556037,"position":6,"chapter_id":1538414,"name":"Shortening The Backswing","contentable_type":"Lesson","slug":"5556037-shortening-the-backswing","is_free_trial":false,"next_content_id":5556038,"next_content_slug":"5556038-not-enough-turn","next_content_type":"Lesson","display_name":"Video","contentable":1906720,"contentable_id":1906720,"payment_required":false,"draft":false,"is_released":true,"release_date":null,"prerequisite":false,"total_post_count":0,"discussions_enabled":true,"meta_data":{"duration_in_seconds":1202},"expand_enabled":false,"lesson_type_label":null,"lesson_type_icon":null,"default_lesson_type_label":"Video","default_lesson_type_icon":"video","under_construction":false},{"id":5556038,"position":7,"chapter_id":1538414,"name":"Not Enough Turn","contentable_type":"Lesson","slug":"5556038-not-enough-turn","is_free_trial":false,"next_content_id":5556044,"next_content_slug":"5556044-backswing-sway","next_content_type":"Lesson","display_name":"Video","contentable":1906721,"contentable_id":1906721,"payment_required":false,"draft":false,"is_released":true,"release_date":null,"prerequisite":false,"total_post_count":0,"discussions_enabled":true,"meta_data":{"duration_in_seconds":378},"expand_enabled":false,"lesson_type_label":null,"lesson_type_icon":null,"default_lesson_type_label":"Video","default_lesson_type_icon":"video","under_construction":false},{"id":5556044,"position":8,"chapter_id":1538414,"name":"Backswing Sway","contentable_type":"Lesson","slug":"5556044-backswing-sway","is_free_trial":false,"next_content_id":5556041,"next_content_slug":"5556041-backswing-plane","next_content_type":"Lesson","display_name":"Video","contentable":1906727,"contentable_id":1906727,"payment_required":false,"draft":false,"is_released":true,"release_date":null,"prerequisite":false,"total_post_count":1,"discussions_enabled":true,"meta_data":{"duration_in_seconds":369},"expand_enabled":false,"lesson_type_label":null,"lesson_type_icon":null,"default_lesson_type_label":"Video","default_lesson_type_icon":"video","under_construction":false},{"id":5556041,"position":9,"chapter_id":1538414,"name":"Backswing Plane","contentable_type":"Lesson","slug":"5556041-backswing-plane","is_free_trial":false,"next_content_id":null,"next_content_slug":null,"next_content_type":null,"display_name":"Video","contentable":1906724,"contentable_id":1906724,"payment_required":false,"draft":false,"is_released":true,"release_date":null,"prerequisite":false,"total_post_count":0,"discussions_enabled":true,"meta_data":{"duration_in_seconds":321},"expand_enabled":false,"lesson_type_label":null,"lesson_type_icon":null,"default_lesson_type_label":"Video","default_lesson_type_icon":"video","under_construction":false}],"chapters":[{"id":1538414,"name":"Diagnose Your Flaw: Common Backswing Faults and Fixes","position":2,"course_id":384475,"content_ids":[5606267,5556026,5556027,5556033,5556034,5556036,5556037,5556038,5556044,5556041]}]}