{"course":{"id":384459,"name":"Distance Control","slug":"Distance-Control","landing_page_url":"https://www.cogornogolf.com/courses/Distance-Control","checkout_page_url":"https://www.cogornogolf.com/enroll/405488","site_twitter_handle":"","support_email":"service@cogornogolf.com","subdomain":"cogornogolf","product_id":405488,"use_linkedin_profile_certification":false,"completion_page_html":"","use_custom_completion_page_html":false,"reviews_enabled":false,"goals_enabled":false,"autoplay_all_videos":true,"require_video_completion":false,"video_completion_percentage":"100","disable_chapter_completed_modal":false,"theme":"course_player_white","primary_color":null,"font":null,"logo":null,"show_logo":true,"disable_text_selection":false,"hide_lesson_type_label_and_icon":false,"hide_lesson_type_icon":false,"is_onboarding_demo_course":false,"social_share_course_completion_overridden":false,"social_share_chapter_completion_overridden":false,"social_share_message":null,"facebook_shared_landing_page_url":"https://www.cogornogolf.com/j565x","linkedin_shared_landing_page_url":"https://www.cogornogolf.com/cq9eb","twitter_shared_landing_page_url":"https://www.cogornogolf.com/aregp","shared_landing_page_url":"https://www.cogornogolf.com/l388f","chapter_ids":[1538331]},"contents":[{"id":5555624,"position":0,"chapter_id":1538331,"name":"Distance Control - Irons","contentable_type":"Lesson","slug":"5555624-distance-control-irons","is_free_trial":false,"next_content_id":5555625,"next_content_slug":"5555625-no-more-fat-shots","next_content_type":"Lesson","display_name":"Video","contentable":1906325,"contentable_id":1906325,"payment_required":false,"draft":false,"is_released":true,"release_date":null,"prerequisite":false,"total_post_count":0,"discussions_enabled":true,"meta_data":{"duration_in_seconds":576},"expand_enabled":false,"lesson_type_label":null,"lesson_type_icon":null,"default_lesson_type_label":"Video","default_lesson_type_icon":"video","under_construction":false},{"id":5555625,"position":1,"chapter_id":1538331,"name":"No More Fat Shots","contentable_type":"Lesson","slug":"5555625-no-more-fat-shots","is_free_trial":false,"next_content_id":5555626,"next_content_slug":"5555626-eliminating-fat-shots-short-lesson","next_content_type":"Lesson","display_name":"Video","contentable":1906326,"contentable_id":1906326,"payment_required":false,"draft":false,"is_released":true,"release_date":null,"prerequisite":false,"total_post_count":0,"discussions_enabled":true,"meta_data":{"duration_in_seconds":827},"expand_enabled":false,"lesson_type_label":null,"lesson_type_icon":null,"default_lesson_type_label":"Video","default_lesson_type_icon":"video","under_construction":false},{"id":5555626,"position":2,"chapter_id":1538331,"name":"Eliminating Fat Shots - Short Lesson","contentable_type":"Lesson","slug":"5555626-eliminating-fat-shots-short-lesson","is_free_trial":false,"next_content_id":5555627,"next_content_slug":"5555627-no-more-topped-shots","next_content_type":"Lesson","display_name":"Video","contentable":1906327,"contentable_id":1906327,"payment_required":false,"draft":false,"is_released":true,"release_date":null,"prerequisite":false,"total_post_count":0,"discussions_enabled":true,"meta_data":{"duration_in_seconds":351},"expand_enabled":false,"lesson_type_label":null,"lesson_type_icon":null,"default_lesson_type_label":"Video","default_lesson_type_icon":"video","under_construction":false},{"id":5555627,"position":3,"chapter_id":1538331,"name":"No More Topped Shots","contentable_type":"Lesson","slug":"5555627-no-more-topped-shots","is_free_trial":false,"next_content_id":5555628,"next_content_slug":"5555628-no-more-shanks","next_content_type":"Lesson","display_name":"Video","contentable":1906328,"contentable_id":1906328,"payment_required":false,"draft":false,"is_released":true,"release_date":null,"prerequisite":false,"total_post_count":0,"discussions_enabled":true,"meta_data":{"duration_in_seconds":606},"expand_enabled":false,"lesson_type_label":null,"lesson_type_icon":null,"default_lesson_type_label":"Video","default_lesson_type_icon":"video","under_construction":false},{"id":5555628,"position":4,"chapter_id":1538331,"name":"No More Shanks","contentable_type":"Lesson","slug":"5555628-no-more-shanks","is_free_trial":false,"next_content_id":5555629,"next_content_slug":"5555629-no-more-flipping","next_content_type":"Lesson","display_name":"Video","contentable":1906329,"contentable_id":1906329,"payment_required":false,"draft":false,"is_released":true,"release_date":null,"prerequisite":false,"total_post_count":0,"discussions_enabled":true,"meta_data":{"duration_in_seconds":543},"expand_enabled":false,"lesson_type_label":null,"lesson_type_icon":null,"default_lesson_type_label":"Video","default_lesson_type_icon":"video","under_construction":false},{"id":5555629,"position":5,"chapter_id":1538331,"name":"No More Flipping","contentable_type":"Lesson","slug":"5555629-no-more-flipping","is_free_trial":false,"next_content_id":5614461,"next_content_slug":"5614461-lesson-with-adam-tempo-distance-control-and-direction","next_content_type":"Lesson","display_name":"Video","contentable":1906330,"contentable_id":1906330,"payment_required":false,"draft":false,"is_released":true,"release_date":null,"prerequisite":false,"total_post_count":0,"discussions_enabled":true,"meta_data":{"duration_in_seconds":693},"expand_enabled":false,"lesson_type_label":null,"lesson_type_icon":null,"default_lesson_type_label":"Video","default_lesson_type_icon":"video","under_construction":false},{"id":5614461,"position":6,"chapter_id":1538331,"name":"Lesson With Adam: Tempo, Distance Control and Direction","contentable_type":"Lesson","slug":"5614461-lesson-with-adam-tempo-distance-control-and-direction","is_free_trial":false,"next_content_id":null,"next_content_slug":null,"next_content_type":null,"display_name":"Video","contentable":1930081,"contentable_id":1930081,"payment_required":false,"draft":false,"is_released":true,"release_date":null,"prerequisite":false,"total_post_count":0,"discussions_enabled":true,"meta_data":{"duration_in_seconds":2971},"expand_enabled":false,"lesson_type_label":null,"lesson_type_icon":null,"default_lesson_type_label":"Video","default_lesson_type_icon":"video","under_construction":false}],"chapters":[{"id":1538331,"name":"Know Your Game: Distance Control","position":2,"course_id":384459,"content_ids":[5555624,5555625,5555626,5555627,5555628,5555629,5614461]}]}