{"course":{"id":384447,"name":"Downswing Mechanics","slug":"Downswing-Mechanics","landing_page_url":"https://www.cogornogolf.com/courses/Downswing-Mechanics","checkout_page_url":"https://www.cogornogolf.com/enroll/405476","site_twitter_handle":"","support_email":"service@cogornogolf.com","subdomain":"cogornogolf","product_id":405476,"use_linkedin_profile_certification":false,"completion_page_html":"","use_custom_completion_page_html":false,"reviews_enabled":false,"goals_enabled":false,"autoplay_all_videos":true,"require_video_completion":false,"video_completion_percentage":"100","disable_chapter_completed_modal":false,"theme":"course_player_white","primary_color":null,"font":null,"logo":null,"show_logo":true,"disable_text_selection":false,"hide_lesson_type_label_and_icon":false,"hide_lesson_type_icon":false,"is_onboarding_demo_course":false,"social_share_course_completion_overridden":false,"social_share_chapter_completion_overridden":false,"social_share_message":null,"facebook_shared_landing_page_url":"https://www.cogornogolf.com/bqtgf","linkedin_shared_landing_page_url":"https://www.cogornogolf.com/5sewu","twitter_shared_landing_page_url":"https://www.cogornogolf.com/dzybv","shared_landing_page_url":"https://www.cogornogolf.com/bx4km","chapter_ids":[1538231]},"contents":[{"id":5606797,"position":0,"chapter_id":1538231,"name":"Course Overview","contentable_type":"HtmlItem","slug":"5606797-course-overview","is_free_trial":false,"next_content_id":5555212,"next_content_slug":"5555212-transition-arms-and-hands","next_content_type":"Lesson","display_name":"Text","contentable":1531887,"contentable_id":1531887,"payment_required":false,"draft":false,"is_released":true,"release_date":null,"prerequisite":false,"total_post_count":0,"discussions_enabled":false,"meta_data":null,"expand_enabled":false,"lesson_type_label":null,"lesson_type_icon":null,"default_lesson_type_label":"Text","default_lesson_type_icon":"text","under_construction":false},{"id":5555212,"position":1,"chapter_id":1538231,"name":"Transition - Arms and Hands","contentable_type":"Lesson","slug":"5555212-transition-arms-and-hands","is_free_trial":false,"next_content_id":5555213,"next_content_slug":"5555213-transition-body","next_content_type":"Lesson","display_name":"Video","contentable":1905969,"contentable_id":1905969,"payment_required":false,"draft":false,"is_released":true,"release_date":null,"prerequisite":false,"total_post_count":0,"discussions_enabled":true,"meta_data":{"duration_in_seconds":231},"expand_enabled":false,"lesson_type_label":null,"lesson_type_icon":null,"default_lesson_type_label":"Video","default_lesson_type_icon":"video","under_construction":false},{"id":5555213,"position":2,"chapter_id":1538231,"name":"Transition - Body","contentable_type":"Lesson","slug":"5555213-transition-body","is_free_trial":false,"next_content_id":5555222,"next_content_slug":"5555222-last-parallel-arms-and-hands","next_content_type":"Lesson","display_name":"Video","contentable":1905970,"contentable_id":1905970,"payment_required":false,"draft":false,"is_released":true,"release_date":null,"prerequisite":false,"total_post_count":1,"discussions_enabled":true,"meta_data":{"duration_in_seconds":345},"expand_enabled":false,"lesson_type_label":null,"lesson_type_icon":null,"default_lesson_type_label":"Video","default_lesson_type_icon":"video","under_construction":false},{"id":5555222,"position":3,"chapter_id":1538231,"name":"Last Parallel - Arms and Hands","contentable_type":"Lesson","slug":"5555222-last-parallel-arms-and-hands","is_free_trial":false,"next_content_id":5555223,"next_content_slug":"5555223-last-parallel-body","next_content_type":"Lesson","display_name":"Video","contentable":1905979,"contentable_id":1905979,"payment_required":false,"draft":false,"is_released":true,"release_date":null,"prerequisite":false,"total_post_count":0,"discussions_enabled":true,"meta_data":{"duration_in_seconds":211},"expand_enabled":false,"lesson_type_label":null,"lesson_type_icon":null,"default_lesson_type_label":"Video","default_lesson_type_icon":"video","under_construction":false},{"id":5555223,"position":4,"chapter_id":1538231,"name":"Last Parallel - Body","contentable_type":"Lesson","slug":"5555223-last-parallel-body","is_free_trial":false,"next_content_id":5555248,"next_content_slug":"5555248-impact-arms-and-hands","next_content_type":"Lesson","display_name":"Video","contentable":1905980,"contentable_id":1905980,"payment_required":false,"draft":false,"is_released":true,"release_date":null,"prerequisite":false,"total_post_count":0,"discussions_enabled":true,"meta_data":{"duration_in_seconds":187},"expand_enabled":false,"lesson_type_label":null,"lesson_type_icon":null,"default_lesson_type_label":"Video","default_lesson_type_icon":"video","under_construction":false},{"id":5555248,"position":5,"chapter_id":1538231,"name":"Impact - Arms and Hands","contentable_type":"Lesson","slug":"5555248-impact-arms-and-hands","is_free_trial":false,"next_content_id":5555249,"next_content_slug":"5555249-impact-body","next_content_type":"Lesson","display_name":"Video","contentable":1906005,"contentable_id":1906005,"payment_required":false,"draft":false,"is_released":true,"release_date":null,"prerequisite":false,"total_post_count":1,"discussions_enabled":true,"meta_data":{"duration_in_seconds":194},"expand_enabled":false,"lesson_type_label":null,"lesson_type_icon":null,"default_lesson_type_label":"Video","default_lesson_type_icon":"video","under_construction":false},{"id":5555249,"position":6,"chapter_id":1538231,"name":"Impact - Body","contentable_type":"Lesson","slug":"5555249-impact-body","is_free_trial":false,"next_content_id":5555253,"next_content_slug":"5555253-first-parallel-past-impact-body","next_content_type":"Lesson","display_name":"Video","contentable":1906006,"contentable_id":1906006,"payment_required":false,"draft":false,"is_released":true,"release_date":null,"prerequisite":false,"total_post_count":0,"discussions_enabled":true,"meta_data":{"duration_in_seconds":191},"expand_enabled":false,"lesson_type_label":null,"lesson_type_icon":null,"default_lesson_type_label":"Video","default_lesson_type_icon":"video","under_construction":false},{"id":5555253,"position":7,"chapter_id":1538231,"name":"First Parallel Past Impact - Body","contentable_type":"Lesson","slug":"5555253-first-parallel-past-impact-body","is_free_trial":false,"next_content_id":5555256,"next_content_slug":"5555256-arms-parallel-arms-and-hands","next_content_type":"Lesson","display_name":"Video","contentable":1906010,"contentable_id":1906010,"payment_required":false,"draft":false,"is_released":true,"release_date":null,"prerequisite":false,"total_post_count":0,"discussions_enabled":true,"meta_data":{"duration_in_seconds":158},"expand_enabled":false,"lesson_type_label":null,"lesson_type_icon":null,"default_lesson_type_label":"Video","default_lesson_type_icon":"video","under_construction":false},{"id":5555256,"position":8,"chapter_id":1538231,"name":"Arms Parallel - Arms and Hands","contentable_type":"Lesson","slug":"5555256-arms-parallel-arms-and-hands","is_free_trial":false,"next_content_id":5555257,"next_content_slug":"5555257-arms-parallel-body","next_content_type":"Lesson","display_name":"Video","contentable":1906013,"contentable_id":1906013,"payment_required":false,"draft":false,"is_released":true,"release_date":null,"prerequisite":false,"total_post_count":0,"discussions_enabled":true,"meta_data":{"duration_in_seconds":163},"expand_enabled":false,"lesson_type_label":null,"lesson_type_icon":null,"default_lesson_type_label":"Video","default_lesson_type_icon":"video","under_construction":false},{"id":5555257,"position":9,"chapter_id":1538231,"name":"Arms Parallel - Body","contentable_type":"Lesson","slug":"5555257-arms-parallel-body","is_free_trial":false,"next_content_id":5555259,"next_content_slug":"5555259-stick-the-finish-arms-and-hands","next_content_type":"Lesson","display_name":"Video","contentable":1906014,"contentable_id":1906014,"payment_required":false,"draft":false,"is_released":true,"release_date":null,"prerequisite":false,"total_post_count":0,"discussions_enabled":true,"meta_data":{"duration_in_seconds":128},"expand_enabled":false,"lesson_type_label":null,"lesson_type_icon":null,"default_lesson_type_label":"Video","default_lesson_type_icon":"video","under_construction":false},{"id":5555259,"position":10,"chapter_id":1538231,"name":"Stick The Finish - Arms and Hands","contentable_type":"Lesson","slug":"5555259-stick-the-finish-arms-and-hands","is_free_trial":false,"next_content_id":5555260,"next_content_slug":"5555260-stick-the-finish-body","next_content_type":"Lesson","display_name":"Video","contentable":1906016,"contentable_id":1906016,"payment_required":false,"draft":false,"is_released":true,"release_date":null,"prerequisite":false,"total_post_count":0,"discussions_enabled":true,"meta_data":{"duration_in_seconds":89},"expand_enabled":false,"lesson_type_label":null,"lesson_type_icon":null,"default_lesson_type_label":"Video","default_lesson_type_icon":"video","under_construction":false},{"id":5555260,"position":12,"chapter_id":1538231,"name":"Stick The Finish - Body","contentable_type":"Lesson","slug":"5555260-stick-the-finish-body","is_free_trial":false,"next_content_id":null,"next_content_slug":null,"next_content_type":null,"display_name":"Video","contentable":1906017,"contentable_id":1906017,"payment_required":false,"draft":false,"is_released":true,"release_date":null,"prerequisite":false,"total_post_count":0,"discussions_enabled":true,"meta_data":{"duration_in_seconds":118},"expand_enabled":false,"lesson_type_label":null,"lesson_type_icon":null,"default_lesson_type_label":"Video","default_lesson_type_icon":"video","under_construction":false}],"chapters":[{"id":1538231,"name":"Mechanical Fundamentals: Downswing (P5-P10)","position":2,"course_id":384447,"content_ids":[5606797,5555212,5555213,5555222,5555223,5555248,5555249,5555253,5555256,5555257,5555259,5555260]}]}