{"course":{"id":566907,"name":"Draw Every Ball Master Class","slug":"draw-every-ball-master-class","landing_page_url":"https://www.cogornogolf.com/courses/draw-every-ball-master-class","checkout_page_url":"https://www.cogornogolf.com/enroll/597170","site_twitter_handle":"","support_email":"service@cogornogolf.com","subdomain":"cogornogolf","product_id":597170,"use_linkedin_profile_certification":false,"completion_page_html":"","use_custom_completion_page_html":false,"reviews_enabled":false,"goals_enabled":false,"autoplay_all_videos":true,"require_video_completion":false,"video_completion_percentage":"100","disable_chapter_completed_modal":false,"theme":null,"primary_color":null,"font":null,"logo":null,"show_logo":true,"disable_text_selection":false,"hide_lesson_type_label_and_icon":false,"hide_lesson_type_icon":false,"is_onboarding_demo_course":false,"social_share_course_completion_overridden":false,"social_share_chapter_completion_overridden":false,"social_share_message":null,"facebook_shared_landing_page_url":"https://www.cogornogolf.com/h0tjk","linkedin_shared_landing_page_url":"https://www.cogornogolf.com/nk33l","twitter_shared_landing_page_url":"https://www.cogornogolf.com/c9i0h","shared_landing_page_url":"https://www.cogornogolf.com/eykwf","chapter_ids":[2487832]},"contents":[{"id":9465396,"position":2,"chapter_id":2487832,"name":"Video 1 - Introduction","contentable_type":"Lesson","slug":"9465396-video-1-introduction","is_free_trial":false,"next_content_id":9465397,"next_content_slug":"9465397-video-2-setup","next_content_type":"Lesson","display_name":"Video","contentable":3504984,"contentable_id":3504984,"payment_required":false,"draft":false,"is_released":true,"release_date":null,"prerequisite":false,"total_post_count":0,"discussions_enabled":false,"meta_data":{"duration_in_seconds":37},"expand_enabled":false,"lesson_type_label":null,"lesson_type_icon":null,"default_lesson_type_label":"Video","default_lesson_type_icon":"video","under_construction":false},{"id":9465397,"position":3,"chapter_id":2487832,"name":"Video 2 - Setup","contentable_type":"Lesson","slug":"9465397-video-2-setup","is_free_trial":false,"next_content_id":9465401,"next_content_slug":"9465401-video-3-first-half-of-backswing","next_content_type":"Lesson","display_name":"Video","contentable":3504985,"contentable_id":3504985,"payment_required":false,"draft":false,"is_released":true,"release_date":null,"prerequisite":false,"total_post_count":0,"discussions_enabled":false,"meta_data":{"duration_in_seconds":365},"expand_enabled":false,"lesson_type_label":null,"lesson_type_icon":null,"default_lesson_type_label":"Video","default_lesson_type_icon":"video","under_construction":false},{"id":9465401,"position":4,"chapter_id":2487832,"name":"Video 3 - First Half Of Backswing","contentable_type":"Lesson","slug":"9465401-video-3-first-half-of-backswing","is_free_trial":false,"next_content_id":9603761,"next_content_slug":"9603761-video-4-second-half-of-backswing","next_content_type":"Lesson","display_name":"Video","contentable":3504987,"contentable_id":3504987,"payment_required":false,"draft":false,"is_released":true,"release_date":null,"prerequisite":false,"total_post_count":0,"discussions_enabled":false,"meta_data":{"duration_in_seconds":244},"expand_enabled":false,"lesson_type_label":null,"lesson_type_icon":null,"default_lesson_type_label":"Video","default_lesson_type_icon":"video","under_construction":false},{"id":9603761,"position":5,"chapter_id":2487832,"name":"Video 4 - Second Half Of Backswing","contentable_type":"Lesson","slug":"9603761-video-4-second-half-of-backswing","is_free_trial":false,"next_content_id":9604018,"next_content_slug":"9604018-video-5-body-motions","next_content_type":"Lesson","display_name":"Video","contentable":3565204,"contentable_id":3565204,"payment_required":false,"draft":false,"is_released":true,"release_date":null,"prerequisite":false,"total_post_count":0,"discussions_enabled":false,"meta_data":{"duration_in_seconds":228},"expand_enabled":false,"lesson_type_label":null,"lesson_type_icon":null,"default_lesson_type_label":"Video","default_lesson_type_icon":"video","under_construction":false},{"id":9604018,"position":6,"chapter_id":2487832,"name":"Video 5 - Body Motions","contentable_type":"Lesson","slug":"9604018-video-5-body-motions","is_free_trial":false,"next_content_id":9604116,"next_content_slug":"9604116-video-6-downswing-body","next_content_type":"Lesson","display_name":"Video","contentable":3565299,"contentable_id":3565299,"payment_required":false,"draft":false,"is_released":true,"release_date":null,"prerequisite":false,"total_post_count":0,"discussions_enabled":false,"meta_data":{"duration_in_seconds":260},"expand_enabled":false,"lesson_type_label":null,"lesson_type_icon":null,"default_lesson_type_label":"Video","default_lesson_type_icon":"video","under_construction":false},{"id":9604116,"position":7,"chapter_id":2487832,"name":"Video 6 - Downswing Body","contentable_type":"Lesson","slug":"9604116-video-6-downswing-body","is_free_trial":false,"next_content_id":9604146,"next_content_slug":"9604146-video-7-impact","next_content_type":"Lesson","display_name":"Video","contentable":3565348,"contentable_id":3565348,"payment_required":false,"draft":false,"is_released":true,"release_date":null,"prerequisite":false,"total_post_count":0,"discussions_enabled":false,"meta_data":{"duration_in_seconds":220},"expand_enabled":false,"lesson_type_label":null,"lesson_type_icon":null,"default_lesson_type_label":"Video","default_lesson_type_icon":"video","under_construction":false},{"id":9604146,"position":8,"chapter_id":2487832,"name":"Video 7 - Impact","contentable_type":"Lesson","slug":"9604146-video-7-impact","is_free_trial":false,"next_content_id":9604147,"next_content_slug":"9604147-video-8-follow-through","next_content_type":"Lesson","display_name":"Video","contentable":3565362,"contentable_id":3565362,"payment_required":false,"draft":false,"is_released":true,"release_date":null,"prerequisite":false,"total_post_count":0,"discussions_enabled":false,"meta_data":{"duration_in_seconds":231},"expand_enabled":false,"lesson_type_label":null,"lesson_type_icon":null,"default_lesson_type_label":"Video","default_lesson_type_icon":"video","under_construction":false},{"id":9604147,"position":9,"chapter_id":2487832,"name":"Video 8 - Follow Through","contentable_type":"Lesson","slug":"9604147-video-8-follow-through","is_free_trial":false,"next_content_id":9604177,"next_content_slug":"9604177-video-9-practice-drill-1","next_content_type":"Lesson","display_name":"Video","contentable":3565363,"contentable_id":3565363,"payment_required":false,"draft":false,"is_released":true,"release_date":null,"prerequisite":false,"total_post_count":0,"discussions_enabled":false,"meta_data":{"duration_in_seconds":172},"expand_enabled":false,"lesson_type_label":null,"lesson_type_icon":null,"default_lesson_type_label":"Video","default_lesson_type_icon":"video","under_construction":false},{"id":9604177,"position":10,"chapter_id":2487832,"name":"Video 9 - Practice Drill #1","contentable_type":"Lesson","slug":"9604177-video-9-practice-drill-1","is_free_trial":false,"next_content_id":9604193,"next_content_slug":"9604193-video-10-practice-drill-2","next_content_type":"Lesson","display_name":"Video","contentable":3565374,"contentable_id":3565374,"payment_required":false,"draft":false,"is_released":true,"release_date":null,"prerequisite":false,"total_post_count":0,"discussions_enabled":false,"meta_data":{"duration_in_seconds":328},"expand_enabled":false,"lesson_type_label":null,"lesson_type_icon":null,"default_lesson_type_label":"Video","default_lesson_type_icon":"video","under_construction":false},{"id":9604193,"position":11,"chapter_id":2487832,"name":"Video 10 - Practice Drill #2","contentable_type":"Lesson","slug":"9604193-video-10-practice-drill-2","is_free_trial":false,"next_content_id":null,"next_content_slug":null,"next_content_type":null,"display_name":"Video","contentable":3565377,"contentable_id":3565377,"payment_required":false,"draft":false,"is_released":true,"release_date":null,"prerequisite":false,"total_post_count":0,"discussions_enabled":false,"meta_data":{"duration_in_seconds":206},"expand_enabled":false,"lesson_type_label":null,"lesson_type_icon":null,"default_lesson_type_label":"Video","default_lesson_type_icon":"video","under_construction":false}],"chapters":[{"id":2487832,"name":"Draw Every Ball Master Class","position":2,"course_id":566907,"content_ids":[9465396,9465397,9465401,9603761,9604018,9604116,9604146,9604147,9604177,9604193]}]}