{"course":{"id":402740,"name":"Adding Compression Drills \u0026 Feels","slug":"drills-feels-compression","landing_page_url":"https://www.cogornogolf.com/courses/drills-feels-compression","checkout_page_url":"https://www.cogornogolf.com/enroll/424799","site_twitter_handle":"","support_email":"service@cogornogolf.com","subdomain":"cogornogolf","product_id":424799,"use_linkedin_profile_certification":false,"completion_page_html":"","use_custom_completion_page_html":false,"reviews_enabled":false,"goals_enabled":false,"autoplay_all_videos":true,"require_video_completion":false,"video_completion_percentage":"100","disable_chapter_completed_modal":false,"theme":"course_player_white","primary_color":null,"font":null,"logo":null,"show_logo":true,"disable_text_selection":false,"hide_lesson_type_label_and_icon":false,"hide_lesson_type_icon":false,"is_onboarding_demo_course":false,"social_share_course_completion_overridden":false,"social_share_chapter_completion_overridden":false,"social_share_message":null,"facebook_shared_landing_page_url":"https://www.cogornogolf.com/0czdh","linkedin_shared_landing_page_url":"https://www.cogornogolf.com/62wie","twitter_shared_landing_page_url":"https://www.cogornogolf.com/1y6da","shared_landing_page_url":"https://www.cogornogolf.com/4juwk","chapter_ids":[1636639,1636640]},"contents":[{"id":5942765,"position":2,"chapter_id":1636639,"name":"Hand Conditions Impact Drill","contentable_type":"Lesson","slug":"5942765-hand-conditions-impact-drill","is_free_trial":false,"next_content_id":5942766,"next_content_slug":"5942766-lead-wrist-wall-drill","next_content_type":"Lesson","display_name":"Video","contentable":2063884,"contentable_id":2063884,"payment_required":false,"draft":false,"is_released":true,"release_date":null,"prerequisite":false,"total_post_count":0,"discussions_enabled":true,"meta_data":{"duration_in_seconds":90},"expand_enabled":false,"lesson_type_label":null,"lesson_type_icon":null,"default_lesson_type_label":"Video","default_lesson_type_icon":"video","under_construction":false},{"id":5942766,"position":3,"chapter_id":1636639,"name":"Lead Wrist Wall Drill","contentable_type":"Lesson","slug":"5942766-lead-wrist-wall-drill","is_free_trial":false,"next_content_id":5942767,"next_content_slug":"5942767-object-throw-hanger-combo-drill","next_content_type":"Lesson","display_name":"Video","contentable":2063885,"contentable_id":2063885,"payment_required":false,"draft":false,"is_released":true,"release_date":null,"prerequisite":false,"total_post_count":0,"discussions_enabled":true,"meta_data":{"duration_in_seconds":113},"expand_enabled":false,"lesson_type_label":null,"lesson_type_icon":null,"default_lesson_type_label":"Video","default_lesson_type_icon":"video","under_construction":false},{"id":5942767,"position":4,"chapter_id":1636639,"name":"Object Throw \u0026 Hanger Combo Drill","contentable_type":"Lesson","slug":"5942767-object-throw-hanger-combo-drill","is_free_trial":false,"next_content_id":5943325,"next_content_slug":"5943325-pressure-shift-step-drill","next_content_type":"Lesson","display_name":"Video","contentable":2063886,"contentable_id":2063886,"payment_required":false,"draft":false,"is_released":true,"release_date":null,"prerequisite":false,"total_post_count":0,"discussions_enabled":true,"meta_data":{"duration_in_seconds":82},"expand_enabled":false,"lesson_type_label":null,"lesson_type_icon":null,"default_lesson_type_label":"Video","default_lesson_type_icon":"video","under_construction":false},{"id":5943325,"position":5,"chapter_id":1636639,"name":"Pressure Shift Step Drill","contentable_type":"Lesson","slug":"5943325-pressure-shift-step-drill","is_free_trial":false,"next_content_id":5943331,"next_content_slug":"5943331-pulling-the-stake-downswing-feel","next_content_type":"Lesson","display_name":"Video","contentable":2064189,"contentable_id":2064189,"payment_required":false,"draft":false,"is_released":true,"release_date":null,"prerequisite":false,"total_post_count":0,"discussions_enabled":true,"meta_data":{"duration_in_seconds":75},"expand_enabled":false,"lesson_type_label":null,"lesson_type_icon":null,"default_lesson_type_label":"Video","default_lesson_type_icon":"video","under_construction":false},{"id":5943331,"position":6,"chapter_id":1636639,"name":"Pulling The Stake Downswing Feel","contentable_type":"Lesson","slug":"5943331-pulling-the-stake-downswing-feel","is_free_trial":false,"next_content_id":5943338,"next_content_slug":"5943338-push-off-to-square-drill","next_content_type":"Lesson","display_name":"Video","contentable":2064191,"contentable_id":2064191,"payment_required":false,"draft":false,"is_released":true,"release_date":null,"prerequisite":false,"total_post_count":0,"discussions_enabled":true,"meta_data":{"duration_in_seconds":70},"expand_enabled":false,"lesson_type_label":null,"lesson_type_icon":null,"default_lesson_type_label":"Video","default_lesson_type_icon":"video","under_construction":false},{"id":5943338,"position":7,"chapter_id":1636639,"name":"Push-Off To Square Drill","contentable_type":"Lesson","slug":"5943338-push-off-to-square-drill","is_free_trial":false,"next_content_id":5942768,"next_content_slug":"5942768-chest-to-ground-downswing-feel","next_content_type":"Lesson","display_name":"Video","contentable":2064193,"contentable_id":2064193,"payment_required":false,"draft":false,"is_released":true,"release_date":null,"prerequisite":false,"total_post_count":0,"discussions_enabled":true,"meta_data":{"duration_in_seconds":85},"expand_enabled":false,"lesson_type_label":null,"lesson_type_icon":null,"default_lesson_type_label":"Video","default_lesson_type_icon":"video","under_construction":false},{"id":5942768,"position":2,"chapter_id":1636640,"name":"Chest To Ground Downswing Feel","contentable_type":"Lesson","slug":"5942768-chest-to-ground-downswing-feel","is_free_trial":false,"next_content_id":5942769,"next_content_slug":"5942769-right-side-bend-downswing-feel","next_content_type":"Lesson","display_name":"Video","contentable":2063887,"contentable_id":2063887,"payment_required":false,"draft":false,"is_released":true,"release_date":null,"prerequisite":false,"total_post_count":0,"discussions_enabled":true,"meta_data":{"duration_in_seconds":73},"expand_enabled":false,"lesson_type_label":null,"lesson_type_icon":null,"default_lesson_type_label":"Video","default_lesson_type_icon":"video","under_construction":false},{"id":5942769,"position":3,"chapter_id":1636640,"name":"Right Side Bend Downswing Feel","contentable_type":"Lesson","slug":"5942769-right-side-bend-downswing-feel","is_free_trial":false,"next_content_id":null,"next_content_slug":null,"next_content_type":null,"display_name":"Video","contentable":2063888,"contentable_id":2063888,"payment_required":false,"draft":false,"is_released":true,"release_date":null,"prerequisite":false,"total_post_count":0,"discussions_enabled":true,"meta_data":{"duration_in_seconds":79},"expand_enabled":false,"lesson_type_label":null,"lesson_type_icon":null,"default_lesson_type_label":"Video","default_lesson_type_icon":"video","under_construction":false}],"chapters":[{"id":1636639,"name":"Drills","position":2,"course_id":402740,"content_ids":[5942765,5942766,5942767,5943325,5943331,5943338]},{"id":1636640,"name":"Feels","position":3,"course_id":402740,"content_ids":[5942768,5942769]}]}