{"course":{"id":402742,"name":"Hook Drills \u0026 Feels","slug":"drills-feels-hook","landing_page_url":"https://www.cogornogolf.com/courses/drills-feels-hook","checkout_page_url":"https://www.cogornogolf.com/enroll/424801","site_twitter_handle":"","support_email":"service@cogornogolf.com","subdomain":"cogornogolf","product_id":424801,"use_linkedin_profile_certification":false,"completion_page_html":"","use_custom_completion_page_html":false,"reviews_enabled":false,"goals_enabled":false,"autoplay_all_videos":true,"require_video_completion":false,"video_completion_percentage":"100","disable_chapter_completed_modal":false,"theme":"course_player_white","primary_color":null,"font":null,"logo":null,"show_logo":true,"disable_text_selection":false,"hide_lesson_type_label_and_icon":false,"hide_lesson_type_icon":false,"is_onboarding_demo_course":false,"social_share_course_completion_overridden":false,"social_share_chapter_completion_overridden":false,"social_share_message":null,"facebook_shared_landing_page_url":"https://www.cogornogolf.com/zhp0j","linkedin_shared_landing_page_url":"https://www.cogornogolf.com/6bekp","twitter_shared_landing_page_url":"https://www.cogornogolf.com/ea4nl","shared_landing_page_url":"https://www.cogornogolf.com/o3zjo","chapter_ids":[1636643,1636644]},"contents":[{"id":5942781,"position":2,"chapter_id":1636643,"name":"Anti-Hook Bucket \u0026 Rod Drill","contentable_type":"Lesson","slug":"5942781-anti-hook-bucket-rod-drill","is_free_trial":false,"next_content_id":5942782,"next_content_slug":"5942782-anti-hook-follow-through-drill","next_content_type":"Lesson","display_name":"Video","contentable":2063898,"contentable_id":2063898,"payment_required":false,"draft":false,"is_released":true,"release_date":null,"prerequisite":false,"total_post_count":0,"discussions_enabled":true,"meta_data":{"duration_in_seconds":87},"expand_enabled":false,"lesson_type_label":null,"lesson_type_icon":null,"default_lesson_type_label":"Video","default_lesson_type_icon":"video","under_construction":false},{"id":5942782,"position":3,"chapter_id":1636643,"name":"Anti-Hook Follow Through Drill","contentable_type":"Lesson","slug":"5942782-anti-hook-follow-through-drill","is_free_trial":false,"next_content_id":5942783,"next_content_slug":"5942783-anti-hook-range-bucket-drill","next_content_type":"Lesson","display_name":"Video","contentable":2063899,"contentable_id":2063899,"payment_required":false,"draft":false,"is_released":true,"release_date":null,"prerequisite":false,"total_post_count":0,"discussions_enabled":true,"meta_data":{"duration_in_seconds":98},"expand_enabled":false,"lesson_type_label":null,"lesson_type_icon":null,"default_lesson_type_label":"Video","default_lesson_type_icon":"video","under_construction":false},{"id":5942783,"position":4,"chapter_id":1636643,"name":"Anti-Hook Range Bucket Drill","contentable_type":"Lesson","slug":"5942783-anti-hook-range-bucket-drill","is_free_trial":false,"next_content_id":5942784,"next_content_slug":"5942784-trail-quad-knee-to-target-feel","next_content_type":"Lesson","display_name":"Video","contentable":2063900,"contentable_id":2063900,"payment_required":false,"draft":false,"is_released":true,"release_date":null,"prerequisite":false,"total_post_count":0,"discussions_enabled":true,"meta_data":{"duration_in_seconds":107},"expand_enabled":false,"lesson_type_label":null,"lesson_type_icon":null,"default_lesson_type_label":"Video","default_lesson_type_icon":"video","under_construction":false},{"id":5942784,"position":2,"chapter_id":1636644,"name":"Trail Quad/Knee To Target Feel","contentable_type":"Lesson","slug":"5942784-trail-quad-knee-to-target-feel","is_free_trial":false,"next_content_id":null,"next_content_slug":null,"next_content_type":null,"display_name":"Video","contentable":2063901,"contentable_id":2063901,"payment_required":false,"draft":false,"is_released":true,"release_date":null,"prerequisite":false,"total_post_count":0,"discussions_enabled":true,"meta_data":{"duration_in_seconds":84},"expand_enabled":false,"lesson_type_label":null,"lesson_type_icon":null,"default_lesson_type_label":"Video","default_lesson_type_icon":"video","under_construction":false}],"chapters":[{"id":1636643,"name":"Drills","position":2,"course_id":402742,"content_ids":[5942781,5942782,5942783]},{"id":1636644,"name":"Feels","position":3,"course_id":402742,"content_ids":[5942784]}]}