{"course":{"id":402747,"name":"Shank Drills \u0026 Feels","slug":"drills-feels-shank","landing_page_url":"https://www.cogornogolf.com/courses/drills-feels-shank","checkout_page_url":"https://www.cogornogolf.com/enroll/424806","site_twitter_handle":"","support_email":"service@cogornogolf.com","subdomain":"cogornogolf","product_id":424806,"use_linkedin_profile_certification":false,"completion_page_html":"","use_custom_completion_page_html":false,"reviews_enabled":false,"goals_enabled":false,"autoplay_all_videos":true,"require_video_completion":false,"video_completion_percentage":"100","disable_chapter_completed_modal":false,"theme":"course_player_white","primary_color":null,"font":null,"logo":null,"show_logo":true,"disable_text_selection":false,"hide_lesson_type_label_and_icon":false,"hide_lesson_type_icon":false,"is_onboarding_demo_course":false,"social_share_course_completion_overridden":false,"social_share_chapter_completion_overridden":false,"social_share_message":null,"facebook_shared_landing_page_url":"https://www.cogornogolf.com/47dkk","linkedin_shared_landing_page_url":"https://www.cogornogolf.com/ncbyy","twitter_shared_landing_page_url":"https://www.cogornogolf.com/hvxs0","shared_landing_page_url":"https://www.cogornogolf.com/heypa","chapter_ids":[1636661,1636662]},"contents":[{"id":5942894,"position":2,"chapter_id":1636661,"name":"Box Outside Of Ball Drill","contentable_type":"Lesson","slug":"5942894-box-outside-of-ball-drill","is_free_trial":false,"next_content_id":5942895,"next_content_slug":"5942895-bucket-outside-of-ball-drill","next_content_type":"Lesson","display_name":"Video","contentable":2063983,"contentable_id":2063983,"payment_required":false,"draft":false,"is_released":true,"release_date":null,"prerequisite":false,"total_post_count":0,"discussions_enabled":true,"meta_data":{"duration_in_seconds":101},"expand_enabled":false,"lesson_type_label":null,"lesson_type_icon":null,"default_lesson_type_label":"Video","default_lesson_type_icon":"video","under_construction":false},{"id":5942895,"position":3,"chapter_id":1636661,"name":"Bucket Outside Of Ball Drill","contentable_type":"Lesson","slug":"5942895-bucket-outside-of-ball-drill","is_free_trial":false,"next_content_id":5942897,"next_content_slug":"5942897-rip-hands-left-past-impact-feel","next_content_type":"Lesson","display_name":"Video","contentable":2063984,"contentable_id":2063984,"payment_required":false,"draft":false,"is_released":true,"release_date":null,"prerequisite":false,"total_post_count":0,"discussions_enabled":true,"meta_data":{"duration_in_seconds":109},"expand_enabled":false,"lesson_type_label":null,"lesson_type_icon":null,"default_lesson_type_label":"Video","default_lesson_type_icon":"video","under_construction":false},{"id":5942897,"position":2,"chapter_id":1636662,"name":"Rip Hands Left Past Impact Feel","contentable_type":"Lesson","slug":"5942897-rip-hands-left-past-impact-feel","is_free_trial":false,"next_content_id":null,"next_content_slug":null,"next_content_type":null,"display_name":"Video","contentable":2063986,"contentable_id":2063986,"payment_required":false,"draft":false,"is_released":true,"release_date":null,"prerequisite":false,"total_post_count":0,"discussions_enabled":true,"meta_data":{"duration_in_seconds":111},"expand_enabled":false,"lesson_type_label":null,"lesson_type_icon":null,"default_lesson_type_label":"Video","default_lesson_type_icon":"video","under_construction":false}],"chapters":[{"id":1636661,"name":"Drills","position":2,"course_id":402747,"content_ids":[5942894,5942895]},{"id":1636662,"name":"Feels","position":3,"course_id":402747,"content_ids":[5942897]}]}