{"course":{"id":402744,"name":"Pull Drills \u0026 Feels","slug":"drills-feels-pull","landing_page_url":"https://www.cogornogolf.com/courses/drills-feels-pull","checkout_page_url":"https://www.cogornogolf.com/enroll/424803","site_twitter_handle":"","support_email":"service@cogornogolf.com","subdomain":"cogornogolf","product_id":424803,"use_linkedin_profile_certification":false,"completion_page_html":"","use_custom_completion_page_html":false,"reviews_enabled":false,"goals_enabled":false,"autoplay_all_videos":true,"require_video_completion":false,"video_completion_percentage":"100","disable_chapter_completed_modal":false,"theme":"course_player_white","primary_color":null,"font":null,"logo":null,"show_logo":true,"disable_text_selection":false,"hide_lesson_type_label_and_icon":false,"hide_lesson_type_icon":false,"is_onboarding_demo_course":false,"social_share_course_completion_overridden":false,"social_share_chapter_completion_overridden":false,"social_share_message":null,"facebook_shared_landing_page_url":"https://www.cogornogolf.com/rzqzk","linkedin_shared_landing_page_url":"https://www.cogornogolf.com/sutxg","twitter_shared_landing_page_url":"https://www.cogornogolf.com/ocxyb","shared_landing_page_url":"https://www.cogornogolf.com/eiy5b","chapter_ids":[1636655,1636656]},"contents":[{"id":5942875,"position":2,"chapter_id":1636655,"name":"Anti-Pull Start Line Drill","contentable_type":"Lesson","slug":"5942875-anti-pull-start-line-drill","is_free_trial":false,"next_content_id":5942878,"next_content_slug":"5942878-shorten-the-lever-hand-feels","next_content_type":"Lesson","display_name":"Video","contentable":2063965,"contentable_id":2063965,"payment_required":false,"draft":false,"is_released":true,"release_date":null,"prerequisite":false,"total_post_count":0,"discussions_enabled":true,"meta_data":{"duration_in_seconds":117},"expand_enabled":false,"lesson_type_label":null,"lesson_type_icon":null,"default_lesson_type_label":"Video","default_lesson_type_icon":"video","under_construction":false},{"id":5942878,"position":2,"chapter_id":1636656,"name":"'Shorten The Lever' Hand Feels","contentable_type":"Lesson","slug":"5942878-shorten-the-lever-hand-feels","is_free_trial":false,"next_content_id":null,"next_content_slug":null,"next_content_type":null,"display_name":"Video","contentable":2063968,"contentable_id":2063968,"payment_required":false,"draft":false,"is_released":true,"release_date":null,"prerequisite":false,"total_post_count":0,"discussions_enabled":true,"meta_data":{"duration_in_seconds":100},"expand_enabled":false,"lesson_type_label":null,"lesson_type_icon":null,"default_lesson_type_label":"Video","default_lesson_type_icon":"video","under_construction":false}],"chapters":[{"id":1636655,"name":"Drills","position":2,"course_id":402744,"content_ids":[5942875]},{"id":1636656,"name":"Feels","position":3,"course_id":402744,"content_ids":[5942878]}]}