{"course":{"id":402751,"name":"Shallowing Drills \u0026 Feels","slug":"drills-feels-shallowing","landing_page_url":"https://www.cogornogolf.com/courses/drills-feels-shallowing","checkout_page_url":"https://www.cogornogolf.com/enroll/424810","site_twitter_handle":"","support_email":"service@cogornogolf.com","subdomain":"cogornogolf","product_id":424810,"use_linkedin_profile_certification":false,"completion_page_html":"","use_custom_completion_page_html":false,"reviews_enabled":false,"goals_enabled":false,"autoplay_all_videos":true,"require_video_completion":false,"video_completion_percentage":"100","disable_chapter_completed_modal":false,"theme":"course_player_white","primary_color":null,"font":null,"logo":null,"show_logo":true,"disable_text_selection":false,"hide_lesson_type_label_and_icon":false,"hide_lesson_type_icon":false,"is_onboarding_demo_course":false,"social_share_course_completion_overridden":false,"social_share_chapter_completion_overridden":false,"social_share_message":null,"facebook_shared_landing_page_url":"https://www.cogornogolf.com/e4qkt","linkedin_shared_landing_page_url":"https://www.cogornogolf.com/mqv34","twitter_shared_landing_page_url":"https://www.cogornogolf.com/lth8r","shared_landing_page_url":"https://www.cogornogolf.com/j1hbo","chapter_ids":[1636669,1636670]},"contents":[{"id":5942922,"position":2,"chapter_id":1636669,"name":"Angle Of Attack Driver Drill","contentable_type":"Lesson","slug":"5942922-angle-of-attack-driver-drill","is_free_trial":false,"next_content_id":5942923,"next_content_slug":"5942923-shallowing-aoa-alignment-rod-drill","next_content_type":"Lesson","display_name":"Video","contentable":2064008,"contentable_id":2064008,"payment_required":false,"draft":false,"is_released":true,"release_date":null,"prerequisite":false,"total_post_count":0,"discussions_enabled":true,"meta_data":{"duration_in_seconds":109},"expand_enabled":false,"lesson_type_label":null,"lesson_type_icon":null,"default_lesson_type_label":"Video","default_lesson_type_icon":"video","under_construction":false},{"id":5942923,"position":3,"chapter_id":1636669,"name":"Shallowing AOA Alignment Rod Drill","contentable_type":"Lesson","slug":"5942923-shallowing-aoa-alignment-rod-drill","is_free_trial":false,"next_content_id":5942924,"next_content_slug":"5942924-shallowing-aoa-headcover-drill","next_content_type":"Lesson","display_name":"Video","contentable":2064009,"contentable_id":2064009,"payment_required":false,"draft":false,"is_released":true,"release_date":null,"prerequisite":false,"total_post_count":0,"discussions_enabled":true,"meta_data":{"duration_in_seconds":95},"expand_enabled":false,"lesson_type_label":null,"lesson_type_icon":null,"default_lesson_type_label":"Video","default_lesson_type_icon":"video","under_construction":false},{"id":5942924,"position":4,"chapter_id":1636669,"name":"Shallowing AOA Headcover Drill","contentable_type":"Lesson","slug":"5942924-shallowing-aoa-headcover-drill","is_free_trial":false,"next_content_id":5944539,"next_content_slug":"5944539-alignment-rod-shallowing-drill","next_content_type":"Lesson","display_name":"Video","contentable":2064010,"contentable_id":2064010,"payment_required":false,"draft":false,"is_released":true,"release_date":null,"prerequisite":false,"total_post_count":0,"discussions_enabled":true,"meta_data":{"duration_in_seconds":101},"expand_enabled":false,"lesson_type_label":null,"lesson_type_icon":null,"default_lesson_type_label":"Video","default_lesson_type_icon":"video","under_construction":false},{"id":5944539,"position":5,"chapter_id":1636669,"name":"Alignment Rod Shallowing Drill","contentable_type":"Lesson","slug":"5944539-alignment-rod-shallowing-drill","is_free_trial":false,"next_content_id":5944550,"next_content_slug":"5944550-hanger-drill","next_content_type":"Lesson","display_name":"Video","contentable":2064647,"contentable_id":2064647,"payment_required":false,"draft":false,"is_released":true,"release_date":null,"prerequisite":false,"total_post_count":0,"discussions_enabled":true,"meta_data":{"duration_in_seconds":104},"expand_enabled":false,"lesson_type_label":null,"lesson_type_icon":null,"default_lesson_type_label":"Video","default_lesson_type_icon":"video","under_construction":false},{"id":5944550,"position":6,"chapter_id":1636669,"name":"Hanger Drill","contentable_type":"Lesson","slug":"5944550-hanger-drill","is_free_trial":false,"next_content_id":5942925,"next_content_slug":"5942925-widen-the-club-arch-feel","next_content_type":"Lesson","display_name":"Video","contentable":2064651,"contentable_id":2064651,"payment_required":false,"draft":false,"is_released":true,"release_date":null,"prerequisite":false,"total_post_count":0,"discussions_enabled":true,"meta_data":{"duration_in_seconds":142},"expand_enabled":false,"lesson_type_label":null,"lesson_type_icon":null,"default_lesson_type_label":"Video","default_lesson_type_icon":"video","under_construction":false},{"id":5942925,"position":2,"chapter_id":1636670,"name":"Widen The Club Arch Feel","contentable_type":"Lesson","slug":"5942925-widen-the-club-arch-feel","is_free_trial":false,"next_content_id":5942926,"next_content_slug":"5942926-hands-on-object-downswing-feel","next_content_type":"Lesson","display_name":"Video","contentable":2064011,"contentable_id":2064011,"payment_required":false,"draft":false,"is_released":true,"release_date":null,"prerequisite":false,"total_post_count":0,"discussions_enabled":true,"meta_data":{"duration_in_seconds":79},"expand_enabled":false,"lesson_type_label":null,"lesson_type_icon":null,"default_lesson_type_label":"Video","default_lesson_type_icon":"video","under_construction":false},{"id":5942926,"position":3,"chapter_id":1636670,"name":"Hands On Object Downswing Feel","contentable_type":"Lesson","slug":"5942926-hands-on-object-downswing-feel","is_free_trial":false,"next_content_id":5942927,"next_content_slug":"5942927-turning-body-against-arm-feel","next_content_type":"Lesson","display_name":"Video","contentable":2064012,"contentable_id":2064012,"payment_required":false,"draft":false,"is_released":true,"release_date":null,"prerequisite":false,"total_post_count":0,"discussions_enabled":true,"meta_data":{"duration_in_seconds":61},"expand_enabled":false,"lesson_type_label":null,"lesson_type_icon":null,"default_lesson_type_label":"Video","default_lesson_type_icon":"video","under_construction":false},{"id":5942927,"position":4,"chapter_id":1636670,"name":"Turning Body Against Arm Feel","contentable_type":"Lesson","slug":"5942927-turning-body-against-arm-feel","is_free_trial":false,"next_content_id":null,"next_content_slug":null,"next_content_type":null,"display_name":"Video","contentable":2064013,"contentable_id":2064013,"payment_required":false,"draft":false,"is_released":true,"release_date":null,"prerequisite":false,"total_post_count":0,"discussions_enabled":true,"meta_data":{"duration_in_seconds":74},"expand_enabled":false,"lesson_type_label":null,"lesson_type_icon":null,"default_lesson_type_label":"Video","default_lesson_type_icon":"video","under_construction":false}],"chapters":[{"id":1636669,"name":"Drills","position":2,"course_id":402751,"content_ids":[5942922,5942923,5942924,5944539,5944550]},{"id":1636670,"name":"Feels","position":3,"course_id":402751,"content_ids":[5942925,5942926,5942927]}]}