{"course":{"id":402746,"name":"Topped/Thin Shots Drills \u0026 Feels","slug":"drills-feels-tops","landing_page_url":"https://www.cogornogolf.com/courses/drills-feels-tops","checkout_page_url":"https://www.cogornogolf.com/enroll/424805","site_twitter_handle":"","support_email":"service@cogornogolf.com","subdomain":"cogornogolf","product_id":424805,"use_linkedin_profile_certification":false,"completion_page_html":"","use_custom_completion_page_html":false,"reviews_enabled":false,"goals_enabled":false,"autoplay_all_videos":true,"require_video_completion":false,"video_completion_percentage":"100","disable_chapter_completed_modal":false,"theme":"course_player_white","primary_color":null,"font":null,"logo":null,"show_logo":true,"disable_text_selection":false,"hide_lesson_type_label_and_icon":false,"hide_lesson_type_icon":false,"is_onboarding_demo_course":false,"social_share_course_completion_overridden":false,"social_share_chapter_completion_overridden":false,"social_share_message":null,"facebook_shared_landing_page_url":"https://www.cogornogolf.com/tpkp1","linkedin_shared_landing_page_url":"https://www.cogornogolf.com/rtiev","twitter_shared_landing_page_url":"https://www.cogornogolf.com/w9vi8","shared_landing_page_url":"https://www.cogornogolf.com/ihzu7","chapter_ids":[1636659,1636660]},"contents":[{"id":5942888,"position":2,"chapter_id":1636659,"name":"Ball Between Elbows Drill","contentable_type":"Lesson","slug":"5942888-ball-between-elbows-drill","is_free_trial":false,"next_content_id":5942889,"next_content_slug":"5942889-hit-the-ground-in-front-drill","next_content_type":"Lesson","display_name":"Video","contentable":2063977,"contentable_id":2063977,"payment_required":false,"draft":false,"is_released":true,"release_date":null,"prerequisite":false,"total_post_count":0,"discussions_enabled":true,"meta_data":{"duration_in_seconds":82},"expand_enabled":false,"lesson_type_label":null,"lesson_type_icon":null,"default_lesson_type_label":"Video","default_lesson_type_icon":"video","under_construction":false},{"id":5942889,"position":3,"chapter_id":1636659,"name":"Hit The Ground In Front Drill","contentable_type":"Lesson","slug":"5942889-hit-the-ground-in-front-drill","is_free_trial":false,"next_content_id":5942891,"next_content_slug":"5942891-anti-top-shift-turn-feel","next_content_type":"Lesson","display_name":"Video","contentable":2063978,"contentable_id":2063978,"payment_required":false,"draft":false,"is_released":true,"release_date":null,"prerequisite":false,"total_post_count":0,"discussions_enabled":true,"meta_data":{"duration_in_seconds":97},"expand_enabled":false,"lesson_type_label":null,"lesson_type_icon":null,"default_lesson_type_label":"Video","default_lesson_type_icon":"video","under_construction":false},{"id":5942891,"position":2,"chapter_id":1636660,"name":"Anti-Top Shift \u0026 Turn Feel","contentable_type":"Lesson","slug":"5942891-anti-top-shift-turn-feel","is_free_trial":false,"next_content_id":null,"next_content_slug":null,"next_content_type":null,"display_name":"Video","contentable":2063980,"contentable_id":2063980,"payment_required":false,"draft":false,"is_released":true,"release_date":null,"prerequisite":false,"total_post_count":0,"discussions_enabled":true,"meta_data":{"duration_in_seconds":76},"expand_enabled":false,"lesson_type_label":null,"lesson_type_icon":null,"default_lesson_type_label":"Video","default_lesson_type_icon":"video","under_construction":false}],"chapters":[{"id":1636659,"name":"Drills","position":2,"course_id":402746,"content_ids":[5942888,5942889]},{"id":1636660,"name":"Feels","position":3,"course_id":402746,"content_ids":[5942891]}]}