{"course":{"id":402748,"name":"Fat/Heavy Shots Drills \u0026 Feels","slug":"drills-feels-fat-heavy","landing_page_url":"https://www.cogornogolf.com/courses/drills-feels-fat-heavy","checkout_page_url":"https://www.cogornogolf.com/enroll/424807","site_twitter_handle":"","support_email":"service@cogornogolf.com","subdomain":"cogornogolf","product_id":424807,"use_linkedin_profile_certification":false,"completion_page_html":"","use_custom_completion_page_html":false,"reviews_enabled":false,"goals_enabled":false,"autoplay_all_videos":true,"require_video_completion":false,"video_completion_percentage":"100","disable_chapter_completed_modal":false,"theme":"course_player_white","primary_color":null,"font":null,"logo":null,"show_logo":true,"disable_text_selection":false,"hide_lesson_type_label_and_icon":false,"hide_lesson_type_icon":false,"is_onboarding_demo_course":false,"social_share_course_completion_overridden":false,"social_share_chapter_completion_overridden":false,"social_share_message":null,"facebook_shared_landing_page_url":"https://www.cogornogolf.com/fxbtz","linkedin_shared_landing_page_url":"https://www.cogornogolf.com/fgphk","twitter_shared_landing_page_url":"https://www.cogornogolf.com/vylw1","shared_landing_page_url":"https://www.cogornogolf.com/mqzme","chapter_ids":[1636663,1636664]},"contents":[{"id":5942902,"position":2,"chapter_id":1636663,"name":"Anti-Fat Shot Towel Drill","contentable_type":"Lesson","slug":"5942902-anti-fat-shot-towel-drill","is_free_trial":false,"next_content_id":5942905,"next_content_slug":"5942905-buttons-ahead-of-ball-feel","next_content_type":"Lesson","display_name":"Video","contentable":2063990,"contentable_id":2063990,"payment_required":false,"draft":false,"is_released":true,"release_date":null,"prerequisite":false,"total_post_count":0,"discussions_enabled":true,"meta_data":{"duration_in_seconds":906},"expand_enabled":false,"lesson_type_label":null,"lesson_type_icon":null,"default_lesson_type_label":"Video","default_lesson_type_icon":"video","under_construction":false},{"id":5942905,"position":2,"chapter_id":1636664,"name":"Buttons Ahead Of Ball Feel","contentable_type":"Lesson","slug":"5942905-buttons-ahead-of-ball-feel","is_free_trial":false,"next_content_id":5942906,"next_content_slug":"5942906-shorten-the-lever-hand-feel","next_content_type":"Lesson","display_name":"Video","contentable":2063993,"contentable_id":2063993,"payment_required":false,"draft":false,"is_released":true,"release_date":null,"prerequisite":false,"total_post_count":0,"discussions_enabled":true,"meta_data":{"duration_in_seconds":106},"expand_enabled":false,"lesson_type_label":null,"lesson_type_icon":null,"default_lesson_type_label":"Video","default_lesson_type_icon":"video","under_construction":false},{"id":5942906,"position":3,"chapter_id":1636664,"name":"'Shorten The Lever' Hand Feel","contentable_type":"Lesson","slug":"5942906-shorten-the-lever-hand-feel","is_free_trial":false,"next_content_id":null,"next_content_slug":null,"next_content_type":null,"display_name":"Video","contentable":2063994,"contentable_id":2063994,"payment_required":false,"draft":false,"is_released":true,"release_date":null,"prerequisite":false,"total_post_count":0,"discussions_enabled":true,"meta_data":{"duration_in_seconds":100},"expand_enabled":false,"lesson_type_label":null,"lesson_type_icon":null,"default_lesson_type_label":"Video","default_lesson_type_icon":"video","under_construction":false}],"chapters":[{"id":1636663,"name":"Drills","position":2,"course_id":402748,"content_ids":[5942902]},{"id":1636664,"name":"Feels","position":3,"course_id":402748,"content_ids":[5942905,5942906]}]}