{"course":{"id":384458,"name":"Driver And Wood Consistency","slug":"Drivers-Woods","landing_page_url":"https://www.cogornogolf.com/courses/Drivers-Woods","checkout_page_url":"https://www.cogornogolf.com/enroll/405487","site_twitter_handle":"","support_email":"service@cogornogolf.com","subdomain":"cogornogolf","product_id":405487,"use_linkedin_profile_certification":false,"completion_page_html":"","use_custom_completion_page_html":false,"reviews_enabled":false,"goals_enabled":false,"autoplay_all_videos":true,"require_video_completion":false,"video_completion_percentage":"100","disable_chapter_completed_modal":false,"theme":"course_player_white","primary_color":null,"font":null,"logo":null,"show_logo":true,"disable_text_selection":false,"hide_lesson_type_label_and_icon":false,"hide_lesson_type_icon":false,"is_onboarding_demo_course":false,"social_share_course_completion_overridden":false,"social_share_chapter_completion_overridden":false,"social_share_message":null,"facebook_shared_landing_page_url":"https://www.cogornogolf.com/tfhie","linkedin_shared_landing_page_url":"https://www.cogornogolf.com/8mzhg","twitter_shared_landing_page_url":"https://www.cogornogolf.com/vb3ro","shared_landing_page_url":"https://www.cogornogolf.com/t1jqa","chapter_ids":[1538326]},"contents":[{"id":5555592,"position":0,"chapter_id":1538326,"name":"General Pattern","contentable_type":"Lesson","slug":"5555592-general-pattern","is_free_trial":false,"next_content_id":5555593,"next_content_slug":"5555593-finding-fairways-and-creating-a-ball-pattern","next_content_type":"Lesson","display_name":"Video","contentable":1906293,"contentable_id":1906293,"payment_required":false,"draft":false,"is_released":true,"release_date":null,"prerequisite":false,"total_post_count":0,"discussions_enabled":true,"meta_data":{"duration_in_seconds":247},"expand_enabled":false,"lesson_type_label":null,"lesson_type_icon":null,"default_lesson_type_label":"Video","default_lesson_type_icon":"video","under_construction":false},{"id":5555593,"position":1,"chapter_id":1538326,"name":"Finding Fairways and Creating A Ball Pattern","contentable_type":"Lesson","slug":"5555593-finding-fairways-and-creating-a-ball-pattern","is_free_trial":false,"next_content_id":5555594,"next_content_slug":"5555594-hitting-more-fairways","next_content_type":"Lesson","display_name":"Video","contentable":1906294,"contentable_id":1906294,"payment_required":false,"draft":false,"is_released":true,"release_date":null,"prerequisite":false,"total_post_count":1,"discussions_enabled":true,"meta_data":{"duration_in_seconds":648},"expand_enabled":false,"lesson_type_label":null,"lesson_type_icon":null,"default_lesson_type_label":"Video","default_lesson_type_icon":"video","under_construction":false},{"id":5555594,"position":2,"chapter_id":1538326,"name":"Hitting More Fairways","contentable_type":"Lesson","slug":"5555594-hitting-more-fairways","is_free_trial":false,"next_content_id":5555595,"next_content_slug":"5555595-hitting-a-fairway-wood","next_content_type":"Lesson","display_name":"Video","contentable":1906295,"contentable_id":1906295,"payment_required":false,"draft":false,"is_released":true,"release_date":null,"prerequisite":false,"total_post_count":1,"discussions_enabled":true,"meta_data":{"duration_in_seconds":1023},"expand_enabled":false,"lesson_type_label":null,"lesson_type_icon":null,"default_lesson_type_label":"Video","default_lesson_type_icon":"video","under_construction":false},{"id":5555595,"position":3,"chapter_id":1538326,"name":"Hitting A Fairway Wood","contentable_type":"Lesson","slug":"5555595-hitting-a-fairway-wood","is_free_trial":false,"next_content_id":5555596,"next_content_slug":"5555596-driver-must-s","next_content_type":"Lesson","display_name":"Video","contentable":1906296,"contentable_id":1906296,"payment_required":false,"draft":false,"is_released":true,"release_date":null,"prerequisite":false,"total_post_count":0,"discussions_enabled":true,"meta_data":{"duration_in_seconds":840},"expand_enabled":false,"lesson_type_label":null,"lesson_type_icon":null,"default_lesson_type_label":"Video","default_lesson_type_icon":"video","under_construction":false},{"id":5555596,"position":4,"chapter_id":1538326,"name":"Driver Must's","contentable_type":"Lesson","slug":"5555596-driver-must-s","is_free_trial":false,"next_content_id":5555597,"next_content_slug":"5555597-optimizing-driver-angle-of-attack","next_content_type":"Lesson","display_name":"Video","contentable":1906297,"contentable_id":1906297,"payment_required":false,"draft":false,"is_released":true,"release_date":null,"prerequisite":false,"total_post_count":0,"discussions_enabled":true,"meta_data":{"duration_in_seconds":136},"expand_enabled":false,"lesson_type_label":null,"lesson_type_icon":null,"default_lesson_type_label":"Video","default_lesson_type_icon":"video","under_construction":false},{"id":5555597,"position":5,"chapter_id":1538326,"name":"Optimizing Driver Angle Of Attack","contentable_type":"Lesson","slug":"5555597-optimizing-driver-angle-of-attack","is_free_trial":false,"next_content_id":null,"next_content_slug":null,"next_content_type":null,"display_name":"Video","contentable":1906298,"contentable_id":1906298,"payment_required":false,"draft":false,"is_released":true,"release_date":null,"prerequisite":false,"total_post_count":0,"discussions_enabled":true,"meta_data":{"duration_in_seconds":229},"expand_enabled":false,"lesson_type_label":null,"lesson_type_icon":null,"default_lesson_type_label":"Video","default_lesson_type_icon":"video","under_construction":false}],"chapters":[{"id":1538326,"name":"Consistency With Drivers and Woods","position":3,"course_id":384458,"content_ids":[5555592,5555593,5555594,5555595,5555596,5555597]}]}