{"course":{"id":402845,"name":"Early Extension","slug":"early-extension-quick-fix","landing_page_url":"https://www.cogornogolf.com/courses/early-extension-quick-fix","checkout_page_url":"https://www.cogornogolf.com/enroll/424910","site_twitter_handle":"","support_email":"service@cogornogolf.com","subdomain":"cogornogolf","product_id":424910,"use_linkedin_profile_certification":false,"completion_page_html":"\u003cdiv class=\"fr-view\"\u003e\u003cp\u003eCongrats on sticking to the process!\u0026nbsp;\u003c/p\u003e\u003c/div\u003e","use_custom_completion_page_html":false,"reviews_enabled":false,"goals_enabled":false,"autoplay_all_videos":true,"require_video_completion":false,"video_completion_percentage":"100","disable_chapter_completed_modal":false,"theme":"course_player_white","primary_color":null,"font":null,"logo":null,"show_logo":true,"disable_text_selection":false,"hide_lesson_type_label_and_icon":false,"hide_lesson_type_icon":false,"is_onboarding_demo_course":false,"social_share_course_completion_overridden":false,"social_share_chapter_completion_overridden":false,"social_share_message":null,"facebook_shared_landing_page_url":"https://www.cogornogolf.com/vgkal","linkedin_shared_landing_page_url":"https://www.cogornogolf.com/hbk78","twitter_shared_landing_page_url":"https://www.cogornogolf.com/6g4sa","shared_landing_page_url":"https://www.cogornogolf.com/4ipxw","chapter_ids":[1637123,1637124,1637125,1637126,1637127]},"contents":[{"id":5945010,"position":0,"chapter_id":1637123,"name":"Overview","contentable_type":"HtmlItem","slug":"5945010-overview","is_free_trial":false,"next_content_id":5945011,"next_content_slug":"5945011-what-s-early-extension-and-what-causes-it","next_content_type":"Lesson","display_name":"Text","contentable":1622059,"contentable_id":1622059,"payment_required":false,"draft":false,"is_released":true,"release_date":null,"prerequisite":false,"total_post_count":0,"discussions_enabled":false,"meta_data":null,"expand_enabled":false,"lesson_type_label":null,"lesson_type_icon":null,"default_lesson_type_label":"Text","default_lesson_type_icon":"text","under_construction":false},{"id":5945011,"position":1,"chapter_id":1637123,"name":"What's Early Extension and What Causes It","contentable_type":"Lesson","slug":"5945011-what-s-early-extension-and-what-causes-it","is_free_trial":false,"next_content_id":5945012,"next_content_slug":"5945012-reflexing-the-legs","next_content_type":"HtmlItem","display_name":"Video","contentable":2064878,"contentable_id":2064878,"payment_required":false,"draft":false,"is_released":true,"release_date":null,"prerequisite":false,"total_post_count":0,"discussions_enabled":false,"meta_data":{"duration_in_seconds":279},"expand_enabled":false,"lesson_type_label":null,"lesson_type_icon":null,"default_lesson_type_label":"Video","default_lesson_type_icon":"video","under_construction":false},{"id":5945012,"position":0,"chapter_id":1637124,"name":"Reflexing The Legs","contentable_type":"HtmlItem","slug":"5945012-reflexing-the-legs","is_free_trial":false,"next_content_id":5945013,"next_content_slug":"5945013-right-knee-flexion-feel","next_content_type":"Lesson","display_name":"Text","contentable":1622060,"contentable_id":1622060,"payment_required":false,"draft":false,"is_released":true,"release_date":null,"prerequisite":false,"total_post_count":0,"discussions_enabled":false,"meta_data":null,"expand_enabled":false,"lesson_type_label":null,"lesson_type_icon":null,"default_lesson_type_label":"Text","default_lesson_type_icon":"text","under_construction":false},{"id":5945013,"position":1,"chapter_id":1637124,"name":"Right Knee Flexion Feel","contentable_type":"Lesson","slug":"5945013-right-knee-flexion-feel","is_free_trial":false,"next_content_id":5945014,"next_content_slug":"5945014-belt-buckle-to-ten-o-clock-drill","next_content_type":"Lesson","display_name":"Video","contentable":2064879,"contentable_id":2064879,"payment_required":false,"draft":false,"is_released":true,"release_date":null,"prerequisite":false,"total_post_count":0,"discussions_enabled":false,"meta_data":{"duration_in_seconds":133},"expand_enabled":false,"lesson_type_label":null,"lesson_type_icon":null,"default_lesson_type_label":"Video","default_lesson_type_icon":"video","under_construction":false},{"id":5945014,"position":2,"chapter_id":1637124,"name":"Belt Buckle To Ten O'Clock Drill","contentable_type":"Lesson","slug":"5945014-belt-buckle-to-ten-o-clock-drill","is_free_trial":false,"next_content_id":5945015,"next_content_slug":"5945015-reflexing-the-legs-check-in","next_content_type":"Survey","display_name":"Video","contentable":2064880,"contentable_id":2064880,"payment_required":false,"draft":false,"is_released":true,"release_date":null,"prerequisite":false,"total_post_count":0,"discussions_enabled":false,"meta_data":{"duration_in_seconds":93},"expand_enabled":false,"lesson_type_label":null,"lesson_type_icon":null,"default_lesson_type_label":"Video","default_lesson_type_icon":"video","under_construction":false},{"id":5945015,"position":3,"chapter_id":1637124,"name":"Reflexing The Legs Check-In","contentable_type":"Survey","slug":"5945015-reflexing-the-legs-check-in","is_free_trial":false,"next_content_id":5945016,"next_content_slug":"5945016-forward-flexion","next_content_type":"HtmlItem","display_name":"Survey","contentable":246195,"contentable_id":246195,"payment_required":false,"draft":false,"is_released":true,"release_date":null,"prerequisite":false,"total_post_count":0,"discussions_enabled":false,"meta_data":{"question_count":2},"expand_enabled":false,"lesson_type_label":null,"lesson_type_icon":null,"default_lesson_type_label":"Survey","default_lesson_type_icon":"survey","under_construction":false},{"id":5945016,"position":0,"chapter_id":1637125,"name":"Forward Flexion","contentable_type":"HtmlItem","slug":"5945016-forward-flexion","is_free_trial":false,"next_content_id":5945017,"next_content_slug":"5945017-knees-bending-chest-to-ground","next_content_type":"Lesson","display_name":"Text","contentable":1622061,"contentable_id":1622061,"payment_required":false,"draft":false,"is_released":true,"release_date":null,"prerequisite":false,"total_post_count":0,"discussions_enabled":false,"meta_data":null,"expand_enabled":false,"lesson_type_label":null,"lesson_type_icon":null,"default_lesson_type_label":"Text","default_lesson_type_icon":"text","under_construction":false},{"id":5945017,"position":1,"chapter_id":1637125,"name":"Knees Bending / Chest To Ground","contentable_type":"Lesson","slug":"5945017-knees-bending-chest-to-ground","is_free_trial":false,"next_content_id":5945018,"next_content_slug":"5945018-cover-the-ball-with-forward-flexion","next_content_type":"Lesson","display_name":"Video","contentable":2064881,"contentable_id":2064881,"payment_required":false,"draft":false,"is_released":true,"release_date":null,"prerequisite":false,"total_post_count":0,"discussions_enabled":false,"meta_data":{"duration_in_seconds":155},"expand_enabled":false,"lesson_type_label":null,"lesson_type_icon":null,"default_lesson_type_label":"Video","default_lesson_type_icon":"video","under_construction":false},{"id":5945018,"position":2,"chapter_id":1637125,"name":"Cover The Ball With Forward Flexion","contentable_type":"Lesson","slug":"5945018-cover-the-ball-with-forward-flexion","is_free_trial":false,"next_content_id":5945019,"next_content_slug":"5945019-chest-to-ground-check-in","next_content_type":"Survey","display_name":"Video","contentable":2064882,"contentable_id":2064882,"payment_required":false,"draft":false,"is_released":true,"release_date":null,"prerequisite":false,"total_post_count":0,"discussions_enabled":false,"meta_data":{"duration_in_seconds":69},"expand_enabled":false,"lesson_type_label":null,"lesson_type_icon":null,"default_lesson_type_label":"Video","default_lesson_type_icon":"video","under_construction":false},{"id":5945019,"position":3,"chapter_id":1637125,"name":"Chest To Ground Check-In","contentable_type":"Survey","slug":"5945019-chest-to-ground-check-in","is_free_trial":false,"next_content_id":5945020,"next_content_slug":"5945020-lowering-the-hands","next_content_type":"HtmlItem","display_name":"Survey","contentable":246196,"contentable_id":246196,"payment_required":false,"draft":false,"is_released":true,"release_date":null,"prerequisite":false,"total_post_count":0,"discussions_enabled":false,"meta_data":{"question_count":2},"expand_enabled":false,"lesson_type_label":null,"lesson_type_icon":null,"default_lesson_type_label":"Survey","default_lesson_type_icon":"survey","under_construction":false},{"id":5945020,"position":0,"chapter_id":1637126,"name":"Lowering The Hands","contentable_type":"HtmlItem","slug":"5945020-lowering-the-hands","is_free_trial":false,"next_content_id":5945021,"next_content_slug":"5945021-lowering-the-hands","next_content_type":"Lesson","display_name":"Text","contentable":1622062,"contentable_id":1622062,"payment_required":false,"draft":false,"is_released":true,"release_date":null,"prerequisite":false,"total_post_count":0,"discussions_enabled":false,"meta_data":null,"expand_enabled":false,"lesson_type_label":null,"lesson_type_icon":null,"default_lesson_type_label":"Text","default_lesson_type_icon":"text","under_construction":false},{"id":5945021,"position":1,"chapter_id":1637126,"name":"Lowering The Hands","contentable_type":"Lesson","slug":"5945021-lowering-the-hands","is_free_trial":false,"next_content_id":5945022,"next_content_slug":"5945022-hanger-drill","next_content_type":"Lesson","display_name":"Video","contentable":2064883,"contentable_id":2064883,"payment_required":false,"draft":false,"is_released":true,"release_date":null,"prerequisite":false,"total_post_count":0,"discussions_enabled":false,"meta_data":{"duration_in_seconds":262},"expand_enabled":false,"lesson_type_label":null,"lesson_type_icon":null,"default_lesson_type_label":"Video","default_lesson_type_icon":"video","under_construction":false},{"id":5945022,"position":3,"chapter_id":1637126,"name":"Hanger Drill","contentable_type":"Lesson","slug":"5945022-hanger-drill","is_free_trial":false,"next_content_id":5945023,"next_content_slug":"5945023-lowering-the-hands-check-in","next_content_type":"Survey","display_name":"Video","contentable":2064884,"contentable_id":2064884,"payment_required":false,"draft":false,"is_released":true,"release_date":null,"prerequisite":false,"total_post_count":0,"discussions_enabled":false,"meta_data":{"duration_in_seconds":142},"expand_enabled":false,"lesson_type_label":null,"lesson_type_icon":null,"default_lesson_type_label":"Video","default_lesson_type_icon":"video","under_construction":false},{"id":5945023,"position":4,"chapter_id":1637126,"name":"Lowering The Hands Check-In","contentable_type":"Survey","slug":"5945023-lowering-the-hands-check-in","is_free_trial":false,"next_content_id":5945024,"next_content_slug":"5945024-incorporating-more-rotation","next_content_type":"HtmlItem","display_name":"Survey","contentable":246197,"contentable_id":246197,"payment_required":false,"draft":false,"is_released":true,"release_date":null,"prerequisite":false,"total_post_count":0,"discussions_enabled":false,"meta_data":{"question_count":4},"expand_enabled":false,"lesson_type_label":null,"lesson_type_icon":null,"default_lesson_type_label":"Survey","default_lesson_type_icon":"survey","under_construction":false},{"id":5945024,"position":0,"chapter_id":1637127,"name":"Incorporating More Rotation","contentable_type":"HtmlItem","slug":"5945024-incorporating-more-rotation","is_free_trial":false,"next_content_id":5945025,"next_content_slug":"5945025-lead-hip-to-ankle-feel","next_content_type":"Lesson","display_name":"Text","contentable":1622063,"contentable_id":1622063,"payment_required":false,"draft":false,"is_released":true,"release_date":null,"prerequisite":false,"total_post_count":0,"discussions_enabled":false,"meta_data":null,"expand_enabled":false,"lesson_type_label":null,"lesson_type_icon":null,"default_lesson_type_label":"Text","default_lesson_type_icon":"text","under_construction":false},{"id":5945025,"position":1,"chapter_id":1637127,"name":" Lead Hip To Ankle Feel","contentable_type":"Lesson","slug":"5945025-lead-hip-to-ankle-feel","is_free_trial":false,"next_content_id":5945026,"next_content_slug":"5945026-rod-rotation-drill","next_content_type":"Lesson","display_name":"Video","contentable":2064885,"contentable_id":2064885,"payment_required":false,"draft":false,"is_released":true,"release_date":null,"prerequisite":false,"total_post_count":0,"discussions_enabled":false,"meta_data":{"duration_in_seconds":56},"expand_enabled":false,"lesson_type_label":null,"lesson_type_icon":null,"default_lesson_type_label":"Video","default_lesson_type_icon":"video","under_construction":false},{"id":5945026,"position":2,"chapter_id":1637127,"name":"Rod Rotation Drill","contentable_type":"Lesson","slug":"5945026-rod-rotation-drill","is_free_trial":false,"next_content_id":5945027,"next_content_slug":"5945027-incorporating-more-rotation-check-in","next_content_type":"Survey","display_name":"Video","contentable":2064886,"contentable_id":2064886,"payment_required":false,"draft":false,"is_released":true,"release_date":null,"prerequisite":false,"total_post_count":0,"discussions_enabled":false,"meta_data":{"duration_in_seconds":56},"expand_enabled":false,"lesson_type_label":null,"lesson_type_icon":null,"default_lesson_type_label":"Video","default_lesson_type_icon":"video","under_construction":false},{"id":5945027,"position":3,"chapter_id":1637127,"name":"Incorporating More Rotation Check-In","contentable_type":"Survey","slug":"5945027-incorporating-more-rotation-check-in","is_free_trial":false,"next_content_id":null,"next_content_slug":null,"next_content_type":null,"display_name":"Survey","contentable":246198,"contentable_id":246198,"payment_required":false,"draft":false,"is_released":true,"release_date":null,"prerequisite":false,"total_post_count":0,"discussions_enabled":false,"meta_data":{"question_count":3},"expand_enabled":false,"lesson_type_label":null,"lesson_type_icon":null,"default_lesson_type_label":"Survey","default_lesson_type_icon":"survey","under_construction":false}],"chapters":[{"id":1637123,"name":"Root Causes Of Early Extension","position":0,"course_id":402845,"content_ids":[5945010,5945011]},{"id":1637124,"name":"PHASE 1: Reflexing The Legs","position":1,"course_id":402845,"content_ids":[5945012,5945013,5945014,5945015]},{"id":1637125,"name":"PHASE 2: Forward Flexion","position":2,"course_id":402845,"content_ids":[5945016,5945017,5945018,5945019]},{"id":1637126,"name":"PHASE 3: Lowering The Hands","position":3,"course_id":402845,"content_ids":[5945020,5945021,5945022,5945023]},{"id":1637127,"name":"PHASE 4: Incorporating More Rotation","position":4,"course_id":402845,"content_ids":[5945024,5945025,5945026,5945027]}]}