{"course":{"id":874013,"name":"Eric Cogorno's Ultimate Putting Practice Plan","slug":"eric-cogorno-s-ultimate-putting-practice-plan","landing_page_url":"https://www.cogornogolf.com/courses/eric-cogorno-s-ultimate-putting-practice-plan","checkout_page_url":"https://www.cogornogolf.com/enroll/918485","site_twitter_handle":"","support_email":"service@cogornogolf.com","subdomain":"cogornogolf","product_id":918485,"use_linkedin_profile_certification":false,"completion_page_html":"","use_custom_completion_page_html":false,"reviews_enabled":false,"goals_enabled":false,"autoplay_all_videos":true,"require_video_completion":false,"video_completion_percentage":"100","disable_chapter_completed_modal":false,"theme":null,"primary_color":null,"font":null,"logo":null,"show_logo":true,"disable_text_selection":false,"hide_lesson_type_label_and_icon":false,"hide_lesson_type_icon":false,"is_onboarding_demo_course":false,"social_share_course_completion_overridden":false,"social_share_chapter_completion_overridden":false,"social_share_message":null,"facebook_shared_landing_page_url":"https://www.cogornogolf.com/csxqa","linkedin_shared_landing_page_url":"https://www.cogornogolf.com/enn1e","twitter_shared_landing_page_url":"https://www.cogornogolf.com/1fiel","shared_landing_page_url":"https://www.cogornogolf.com/aws3n","chapter_ids":[3910708]},"contents":[{"id":15249805,"position":2,"chapter_id":3910708,"name":"ERIC COGORNO'S ULTIMATE PUTTING PRACTICE PLAN-VIDEO 1-INTRO","contentable_type":"Lesson","slug":"15249805-eric-cogorno-s-ultimate-putting-practice-plan-video-1-intro","is_free_trial":false,"next_content_id":15249814,"next_content_slug":"15249814-eric-cogorno-s-ultimate-putting-practice-plan-video-2-putting-start-line","next_content_type":"Lesson","display_name":"Video","contentable":6042691,"contentable_id":6042691,"payment_required":false,"draft":false,"is_released":true,"release_date":null,"prerequisite":false,"total_post_count":0,"discussions_enabled":false,"meta_data":{"duration_in_seconds":64},"expand_enabled":false,"lesson_type_label":null,"lesson_type_icon":null,"default_lesson_type_label":"Video","default_lesson_type_icon":"video","under_construction":false},{"id":15249814,"position":3,"chapter_id":3910708,"name":"ERIC COGORNO'S ULTIMATE PUTTING PRACTICE PLAN-VIDEO 2 - PUTTING START LINE","contentable_type":"Lesson","slug":"15249814-eric-cogorno-s-ultimate-putting-practice-plan-video-2-putting-start-line","is_free_trial":false,"next_content_id":15249980,"next_content_slug":"15249980-eric-cogorno-s-ultimate-putting-practice-plan-video-3-baseline-stroke-length-and-tempo","next_content_type":"Lesson","display_name":"Video","contentable":6042695,"contentable_id":6042695,"payment_required":false,"draft":false,"is_released":true,"release_date":null,"prerequisite":false,"total_post_count":0,"discussions_enabled":false,"meta_data":{"duration_in_seconds":457},"expand_enabled":false,"lesson_type_label":null,"lesson_type_icon":null,"default_lesson_type_label":"Video","default_lesson_type_icon":"video","under_construction":false},{"id":15249980,"position":4,"chapter_id":3910708,"name":"ERIC COGORNO'S ULTIMATE PUTTING PRACTICE PLAN-VIDEO 3-BASELINE STROKE LENGTH AND TEMPO","contentable_type":"Lesson","slug":"15249980-eric-cogorno-s-ultimate-putting-practice-plan-video-3-baseline-stroke-length-and-tempo","is_free_trial":false,"next_content_id":15250008,"next_content_slug":"15250008-eric-cogorno-s-ultimate-putting-practice-plan-video-4-four-foot-circle","next_content_type":"Lesson","display_name":"Video","contentable":6042755,"contentable_id":6042755,"payment_required":false,"draft":false,"is_released":true,"release_date":null,"prerequisite":false,"total_post_count":0,"discussions_enabled":false,"meta_data":{"duration_in_seconds":422},"expand_enabled":false,"lesson_type_label":null,"lesson_type_icon":null,"default_lesson_type_label":"Video","default_lesson_type_icon":"video","under_construction":false},{"id":15250008,"position":5,"chapter_id":3910708,"name":"ERIC COGORNO'S ULTIMATE PUTTING PRACTICE PLAN-VIDEO 4-FOUR FOOT CIRCLE","contentable_type":"Lesson","slug":"15250008-eric-cogorno-s-ultimate-putting-practice-plan-video-4-four-foot-circle","is_free_trial":false,"next_content_id":15250039,"next_content_slug":"15250039-eric-cogorno-s-ultimate-putting-practice-plan-video-5-mid-long-ladder-speed-drill","next_content_type":"Lesson","display_name":"Video","contentable":6042761,"contentable_id":6042761,"payment_required":false,"draft":false,"is_released":true,"release_date":null,"prerequisite":false,"total_post_count":0,"discussions_enabled":false,"meta_data":{"duration_in_seconds":384},"expand_enabled":false,"lesson_type_label":null,"lesson_type_icon":null,"default_lesson_type_label":"Video","default_lesson_type_icon":"video","under_construction":false},{"id":15250039,"position":6,"chapter_id":3910708,"name":"ERIC COGORNO'S ULTIMATE PUTTING PRACTICE PLAN-VIDEO 5-MID-LONG LADDER SPEED DRILL","contentable_type":"Lesson","slug":"15250039-eric-cogorno-s-ultimate-putting-practice-plan-video-5-mid-long-ladder-speed-drill","is_free_trial":false,"next_content_id":15250089,"next_content_slug":"15250089-eric-cogorno-s-ultimate-putting-practice-plan-video-6-long-distance-2-putt","next_content_type":"Lesson","display_name":"Video","contentable":6042787,"contentable_id":6042787,"payment_required":false,"draft":false,"is_released":true,"release_date":null,"prerequisite":false,"total_post_count":0,"discussions_enabled":false,"meta_data":{"duration_in_seconds":350},"expand_enabled":false,"lesson_type_label":null,"lesson_type_icon":null,"default_lesson_type_label":"Video","default_lesson_type_icon":"video","under_construction":false},{"id":15250089,"position":7,"chapter_id":3910708,"name":"ERIC COGORNO'S ULTIMATE PUTTING PRACTICE PLAN-VIDEO 6-LONG DISTANCE 2-PUTT","contentable_type":"Lesson","slug":"15250089-eric-cogorno-s-ultimate-putting-practice-plan-video-6-long-distance-2-putt","is_free_trial":false,"next_content_id":15250142,"next_content_slug":"15250142-eric-cogorno-s-ultimate-putting-practice-plan-video-7-practice-recap","next_content_type":"Lesson","display_name":"Video","contentable":6042805,"contentable_id":6042805,"payment_required":false,"draft":false,"is_released":true,"release_date":null,"prerequisite":false,"total_post_count":0,"discussions_enabled":false,"meta_data":{"duration_in_seconds":253},"expand_enabled":false,"lesson_type_label":null,"lesson_type_icon":null,"default_lesson_type_label":"Video","default_lesson_type_icon":"video","under_construction":false},{"id":15250142,"position":8,"chapter_id":3910708,"name":"ERIC COGORNO'S ULTIMATE PUTTING PRACTICE PLAN-VIDEO 7-PRACTICE RECAP","contentable_type":"Lesson","slug":"15250142-eric-cogorno-s-ultimate-putting-practice-plan-video-7-practice-recap","is_free_trial":false,"next_content_id":15250146,"next_content_slug":"15250146-eric-cogorno-s-ultimate-putting-practice-plan-video-8-fundamentals-review","next_content_type":"Lesson","display_name":"Video","contentable":6042840,"contentable_id":6042840,"payment_required":false,"draft":false,"is_released":true,"release_date":null,"prerequisite":false,"total_post_count":0,"discussions_enabled":false,"meta_data":{"duration_in_seconds":70},"expand_enabled":false,"lesson_type_label":null,"lesson_type_icon":null,"default_lesson_type_label":"Video","default_lesson_type_icon":"video","under_construction":false},{"id":15250146,"position":9,"chapter_id":3910708,"name":"ERIC COGORNO'S ULTIMATE PUTTING PRACTICE PLAN-VIDEO 8-FUNDAMENTALS REVIEW","contentable_type":"Lesson","slug":"15250146-eric-cogorno-s-ultimate-putting-practice-plan-video-8-fundamentals-review","is_free_trial":false,"next_content_id":15250166,"next_content_slug":"15250166-eric-cogorno-s-ultimate-putting-practice-plan-video-9-bonus-start-line-drill-elevated-string-line","next_content_type":"Lesson","display_name":"Video","contentable":6042841,"contentable_id":6042841,"payment_required":false,"draft":false,"is_released":true,"release_date":null,"prerequisite":false,"total_post_count":0,"discussions_enabled":false,"meta_data":{"duration_in_seconds":352},"expand_enabled":false,"lesson_type_label":null,"lesson_type_icon":null,"default_lesson_type_label":"Video","default_lesson_type_icon":"video","under_construction":false},{"id":15250166,"position":10,"chapter_id":3910708,"name":"ERIC COGORNO'S ULTIMATE PUTTING PRACTICE PLAN-VIDEO 9-BONUS START LINE DRILL - ELEVATED STRING LINE","contentable_type":"Lesson","slug":"15250166-eric-cogorno-s-ultimate-putting-practice-plan-video-9-bonus-start-line-drill-elevated-string-line","is_free_trial":false,"next_content_id":15250173,"next_content_slug":"15250173-eric-cogorno-s-ultimate-putting-practice-plan-video-10-bonus-start-line-drill-mirrors","next_content_type":"Lesson","display_name":"Video","contentable":6042849,"contentable_id":6042849,"payment_required":false,"draft":false,"is_released":true,"release_date":null,"prerequisite":false,"total_post_count":0,"discussions_enabled":false,"meta_data":{"duration_in_seconds":134},"expand_enabled":false,"lesson_type_label":null,"lesson_type_icon":null,"default_lesson_type_label":"Video","default_lesson_type_icon":"video","under_construction":false},{"id":15250173,"position":11,"chapter_id":3910708,"name":"ERIC COGORNO'S ULTIMATE PUTTING PRACTICE PLAN-VIDEO 10-BONUS START LINE DRILL - MIRRORS","contentable_type":"Lesson","slug":"15250173-eric-cogorno-s-ultimate-putting-practice-plan-video-10-bonus-start-line-drill-mirrors","is_free_trial":false,"next_content_id":15250177,"next_content_slug":"15250177-eric-cogorno-s-ultimate-putting-practice-plan-video-11-bonus-speed-drill-leap-frog","next_content_type":"Lesson","display_name":"Video","contentable":6042852,"contentable_id":6042852,"payment_required":false,"draft":false,"is_released":true,"release_date":null,"prerequisite":false,"total_post_count":0,"discussions_enabled":false,"meta_data":{"duration_in_seconds":57},"expand_enabled":false,"lesson_type_label":null,"lesson_type_icon":null,"default_lesson_type_label":"Video","default_lesson_type_icon":"video","under_construction":false},{"id":15250177,"position":12,"chapter_id":3910708,"name":"ERIC COGORNO'S ULTIMATE PUTTING PRACTICE PLAN-VIDEO 11-BONUS SPEED DRILL - LEAP FROG","contentable_type":"Lesson","slug":"15250177-eric-cogorno-s-ultimate-putting-practice-plan-video-11-bonus-speed-drill-leap-frog","is_free_trial":false,"next_content_id":15250182,"next_content_slug":"15250182-eric-cogorno-s-ultimate-putting-practice-plan-video-12-bonus-green-reading-101","next_content_type":"Lesson","display_name":"Video","contentable":6042853,"contentable_id":6042853,"payment_required":false,"draft":false,"is_released":true,"release_date":null,"prerequisite":false,"total_post_count":0,"discussions_enabled":false,"meta_data":{"duration_in_seconds":261},"expand_enabled":false,"lesson_type_label":null,"lesson_type_icon":null,"default_lesson_type_label":"Video","default_lesson_type_icon":"video","under_construction":false},{"id":15250182,"position":13,"chapter_id":3910708,"name":"ERIC COGORNO'S ULTIMATE PUTTING PRACTICE PLAN-VIDEO 12-BONUS-GREEN READING 101","contentable_type":"Lesson","slug":"15250182-eric-cogorno-s-ultimate-putting-practice-plan-video-12-bonus-green-reading-101","is_free_trial":false,"next_content_id":null,"next_content_slug":null,"next_content_type":null,"display_name":"Video","contentable":6042855,"contentable_id":6042855,"payment_required":false,"draft":false,"is_released":true,"release_date":null,"prerequisite":false,"total_post_count":0,"discussions_enabled":false,"meta_data":{"duration_in_seconds":368},"expand_enabled":false,"lesson_type_label":null,"lesson_type_icon":null,"default_lesson_type_label":"Video","default_lesson_type_icon":"video","under_construction":false}],"chapters":[{"id":3910708,"name":"Eric Cogorno's Ultimate Putting Practice Plan","position":2,"course_id":874013,"content_ids":[15249805,15249814,15249980,15250008,15250039,15250089,15250142,15250146,15250166,15250173,15250177,15250182]}]}