{"course":{"id":831886,"name":"Eric's Ultimate Full Swing Blueprint","slug":"eric-s-ultimate-full-swing-blueprint","landing_page_url":"https://www.cogornogolf.com/courses/eric-s-ultimate-full-swing-blueprint","checkout_page_url":"https://www.cogornogolf.com/enroll/874170","site_twitter_handle":"","support_email":"service@cogornogolf.com","subdomain":"cogornogolf","product_id":874170,"use_linkedin_profile_certification":false,"completion_page_html":"","use_custom_completion_page_html":false,"reviews_enabled":false,"goals_enabled":false,"autoplay_all_videos":true,"require_video_completion":false,"video_completion_percentage":"100","disable_chapter_completed_modal":false,"theme":null,"primary_color":null,"font":null,"logo":null,"show_logo":true,"disable_text_selection":false,"hide_lesson_type_label_and_icon":false,"hide_lesson_type_icon":false,"is_onboarding_demo_course":false,"social_share_course_completion_overridden":false,"social_share_chapter_completion_overridden":false,"social_share_message":null,"facebook_shared_landing_page_url":"https://www.cogornogolf.com/14zuf","linkedin_shared_landing_page_url":"https://www.cogornogolf.com/yelgj","twitter_shared_landing_page_url":"https://www.cogornogolf.com/91tz9","shared_landing_page_url":"https://www.cogornogolf.com/79y3u","chapter_ids":[3719669]},"contents":[{"id":14471481,"position":2,"chapter_id":3719669,"name":"Full Swing Blueprint Video 1-Introduction","contentable_type":"Lesson","slug":"14471481-full-swing-blueprint-video-1-introduction","is_free_trial":false,"next_content_id":14471488,"next_content_slug":"14471488-full-swing-blueprint-video-2-practicing-properly","next_content_type":"Lesson","display_name":"Video","contentable":5710147,"contentable_id":5710147,"payment_required":false,"draft":false,"is_released":true,"release_date":null,"prerequisite":false,"total_post_count":0,"discussions_enabled":false,"meta_data":{"duration_in_seconds":51},"expand_enabled":false,"lesson_type_label":null,"lesson_type_icon":null,"default_lesson_type_label":"Video","default_lesson_type_icon":"video","under_construction":false},{"id":14471488,"position":3,"chapter_id":3719669,"name":"Full Swing Blueprint Video 2-Practicing Properly","contentable_type":"Lesson","slug":"14471488-full-swing-blueprint-video-2-practicing-properly","is_free_trial":false,"next_content_id":14471514,"next_content_slug":"14471514-full-swing-blueprint-video-3-setup-checkpoints","next_content_type":"Lesson","display_name":"Video","contentable":5710150,"contentable_id":5710150,"payment_required":false,"draft":false,"is_released":true,"release_date":null,"prerequisite":false,"total_post_count":0,"discussions_enabled":false,"meta_data":{"duration_in_seconds":91},"expand_enabled":false,"lesson_type_label":null,"lesson_type_icon":null,"default_lesson_type_label":"Video","default_lesson_type_icon":"video","under_construction":false},{"id":14471514,"position":4,"chapter_id":3719669,"name":"Full Swing Blueprint Video 3-Setup Checkpoints","contentable_type":"Lesson","slug":"14471514-full-swing-blueprint-video-3-setup-checkpoints","is_free_trial":false,"next_content_id":14471533,"next_content_slug":"14471533-full-swing-blueprint-video-4-setup-checkpoints-down-the-line","next_content_type":"Lesson","display_name":"Video","contentable":5710164,"contentable_id":5710164,"payment_required":false,"draft":false,"is_released":true,"release_date":null,"prerequisite":false,"total_post_count":0,"discussions_enabled":false,"meta_data":{"duration_in_seconds":221},"expand_enabled":false,"lesson_type_label":null,"lesson_type_icon":null,"default_lesson_type_label":"Video","default_lesson_type_icon":"video","under_construction":false},{"id":14471533,"position":5,"chapter_id":3719669,"name":"Full Swing Blueprint Video 4-Setup Checkpoints-Down The Line","contentable_type":"Lesson","slug":"14471533-full-swing-blueprint-video-4-setup-checkpoints-down-the-line","is_free_trial":false,"next_content_id":14485046,"next_content_slug":"14485046-full-swing-blueprint-video-5-takeaway-checkpoints","next_content_type":"Lesson","display_name":"Video","contentable":5710173,"contentable_id":5710173,"payment_required":false,"draft":false,"is_released":true,"release_date":null,"prerequisite":false,"total_post_count":0,"discussions_enabled":false,"meta_data":{"duration_in_seconds":118},"expand_enabled":false,"lesson_type_label":null,"lesson_type_icon":null,"default_lesson_type_label":"Video","default_lesson_type_icon":"video","under_construction":false},{"id":14485046,"position":6,"chapter_id":3719669,"name":"Full Swing Blueprint Video 5-Takeaway Checkpoints","contentable_type":"Lesson","slug":"14485046-full-swing-blueprint-video-5-takeaway-checkpoints","is_free_trial":false,"next_content_id":14485092,"next_content_slug":"14485092-full-swing-blueprint-video-6-takeaway-errors","next_content_type":"Lesson","display_name":"Video","contentable":5716752,"contentable_id":5716752,"payment_required":false,"draft":false,"is_released":true,"release_date":null,"prerequisite":false,"total_post_count":0,"discussions_enabled":false,"meta_data":{"duration_in_seconds":92},"expand_enabled":false,"lesson_type_label":null,"lesson_type_icon":null,"default_lesson_type_label":"Video","default_lesson_type_icon":"video","under_construction":false},{"id":14485092,"position":7,"chapter_id":3719669,"name":"Full Swing Blueprint Video 6-Takeaway Errors","contentable_type":"Lesson","slug":"14485092-full-swing-blueprint-video-6-takeaway-errors","is_free_trial":false,"next_content_id":14485128,"next_content_slug":"14485128-full-swing-blueprint-video-7-clubface-angle","next_content_type":"Lesson","display_name":"Video","contentable":5716772,"contentable_id":5716772,"payment_required":false,"draft":false,"is_released":true,"release_date":null,"prerequisite":false,"total_post_count":0,"discussions_enabled":false,"meta_data":{"duration_in_seconds":173},"expand_enabled":false,"lesson_type_label":null,"lesson_type_icon":null,"default_lesson_type_label":"Video","default_lesson_type_icon":"video","under_construction":false},{"id":14485128,"position":8,"chapter_id":3719669,"name":"Full Swing Blueprint Video 7-Clubface Angle","contentable_type":"Lesson","slug":"14485128-full-swing-blueprint-video-7-clubface-angle","is_free_trial":false,"next_content_id":14485148,"next_content_slug":"14485148-full-swing-blueprint-video-8-clubface-corrections","next_content_type":"Lesson","display_name":"Video","contentable":5716779,"contentable_id":5716779,"payment_required":false,"draft":false,"is_released":true,"release_date":null,"prerequisite":false,"total_post_count":0,"discussions_enabled":false,"meta_data":{"duration_in_seconds":101},"expand_enabled":false,"lesson_type_label":null,"lesson_type_icon":null,"default_lesson_type_label":"Video","default_lesson_type_icon":"video","under_construction":false},{"id":14485148,"position":9,"chapter_id":3719669,"name":"Full Swing Blueprint Video 8-Clubface Corrections","contentable_type":"Lesson","slug":"14485148-full-swing-blueprint-video-8-clubface-corrections","is_free_trial":false,"next_content_id":14485173,"next_content_slug":"14485173-full-swing-blueprint-video-9-body-motions-takeaway","next_content_type":"Lesson","display_name":"Video","contentable":5716792,"contentable_id":5716792,"payment_required":false,"draft":false,"is_released":true,"release_date":null,"prerequisite":false,"total_post_count":0,"discussions_enabled":false,"meta_data":{"duration_in_seconds":238},"expand_enabled":false,"lesson_type_label":null,"lesson_type_icon":null,"default_lesson_type_label":"Video","default_lesson_type_icon":"video","under_construction":false},{"id":14485173,"position":10,"chapter_id":3719669,"name":"Full Swing Blueprint Video 9-Body Motions Takeaway","contentable_type":"Lesson","slug":"14485173-full-swing-blueprint-video-9-body-motions-takeaway","is_free_trial":false,"next_content_id":14485181,"next_content_slug":"14485181-full-swing-blueprint-video-10-backswing-correctionss-part-1","next_content_type":"Lesson","display_name":"Video","contentable":5716808,"contentable_id":5716808,"payment_required":false,"draft":false,"is_released":true,"release_date":null,"prerequisite":false,"total_post_count":0,"discussions_enabled":false,"meta_data":{"duration_in_seconds":125},"expand_enabled":false,"lesson_type_label":null,"lesson_type_icon":null,"default_lesson_type_label":"Video","default_lesson_type_icon":"video","under_construction":false},{"id":14485181,"position":11,"chapter_id":3719669,"name":"Full Swing Blueprint Video 10-Backswing Correctionss Part 1","contentable_type":"Lesson","slug":"14485181-full-swing-blueprint-video-10-backswing-correctionss-part-1","is_free_trial":false,"next_content_id":14485203,"next_content_slug":"14485203-full-swing-blueprint-video-11-backswing-faults","next_content_type":"Lesson","display_name":"Video","contentable":5716811,"contentable_id":5716811,"payment_required":false,"draft":false,"is_released":true,"release_date":null,"prerequisite":false,"total_post_count":0,"discussions_enabled":false,"meta_data":{"duration_in_seconds":133},"expand_enabled":false,"lesson_type_label":null,"lesson_type_icon":null,"default_lesson_type_label":"Video","default_lesson_type_icon":"video","under_construction":false},{"id":14485203,"position":12,"chapter_id":3719669,"name":"Full Swing Blueprint Video 11-Backswing Faults","contentable_type":"Lesson","slug":"14485203-full-swing-blueprint-video-11-backswing-faults","is_free_trial":false,"next_content_id":14485214,"next_content_slug":"14485214-full-swing-blueprint-video-12-backswing-faults-part-2","next_content_type":"Lesson","display_name":"Video","contentable":5716817,"contentable_id":5716817,"payment_required":false,"draft":false,"is_released":true,"release_date":null,"prerequisite":false,"total_post_count":0,"discussions_enabled":false,"meta_data":{"duration_in_seconds":103},"expand_enabled":false,"lesson_type_label":null,"lesson_type_icon":null,"default_lesson_type_label":"Video","default_lesson_type_icon":"video","under_construction":false},{"id":14485214,"position":13,"chapter_id":3719669,"name":"Full Swing Blueprint Video 12-Backswing Faults Part 2","contentable_type":"Lesson","slug":"14485214-full-swing-blueprint-video-12-backswing-faults-part-2","is_free_trial":false,"next_content_id":14485220,"next_content_slug":"14485220-full-swing-blueprint-video-13-backswing-body-motions","next_content_type":"Lesson","display_name":"Video","contentable":5716820,"contentable_id":5716820,"payment_required":false,"draft":false,"is_released":true,"release_date":null,"prerequisite":false,"total_post_count":0,"discussions_enabled":false,"meta_data":{"duration_in_seconds":97},"expand_enabled":false,"lesson_type_label":null,"lesson_type_icon":null,"default_lesson_type_label":"Video","default_lesson_type_icon":"video","under_construction":false},{"id":14485220,"position":14,"chapter_id":3719669,"name":"Full Swing Blueprint Video 13-Backswing Body Motions","contentable_type":"Lesson","slug":"14485220-full-swing-blueprint-video-13-backswing-body-motions","is_free_trial":false,"next_content_id":14485225,"next_content_slug":"14485225-full-swing-blueprint-video-14-body-motions-upper-body","next_content_type":"Lesson","display_name":"Video","contentable":5716821,"contentable_id":5716821,"payment_required":false,"draft":false,"is_released":true,"release_date":null,"prerequisite":false,"total_post_count":0,"discussions_enabled":false,"meta_data":{"duration_in_seconds":149},"expand_enabled":false,"lesson_type_label":null,"lesson_type_icon":null,"default_lesson_type_label":"Video","default_lesson_type_icon":"video","under_construction":false},{"id":14485225,"position":15,"chapter_id":3719669,"name":"Full Swing Blueprint Video 14-Body Motions (Upper Body)","contentable_type":"Lesson","slug":"14485225-full-swing-blueprint-video-14-body-motions-upper-body","is_free_trial":false,"next_content_id":14485240,"next_content_slug":"14485240-full-swing-blueprint-video-15-backswing-checkpoints","next_content_type":"Lesson","display_name":"Video","contentable":5716823,"contentable_id":5716823,"payment_required":false,"draft":false,"is_released":true,"release_date":null,"prerequisite":false,"total_post_count":0,"discussions_enabled":false,"meta_data":{"duration_in_seconds":153},"expand_enabled":false,"lesson_type_label":null,"lesson_type_icon":null,"default_lesson_type_label":"Video","default_lesson_type_icon":"video","under_construction":false},{"id":14485240,"position":16,"chapter_id":3719669,"name":"Full Swing Blueprint Video 15-Backswing Checkpoints","contentable_type":"Lesson","slug":"14485240-full-swing-blueprint-video-15-backswing-checkpoints","is_free_trial":false,"next_content_id":14485259,"next_content_slug":"14485259-full-swing-blueprint-video-16-wrist-conditions","next_content_type":"Lesson","display_name":"Video","contentable":5716831,"contentable_id":5716831,"payment_required":false,"draft":false,"is_released":true,"release_date":null,"prerequisite":false,"total_post_count":0,"discussions_enabled":false,"meta_data":{"duration_in_seconds":160},"expand_enabled":false,"lesson_type_label":null,"lesson_type_icon":null,"default_lesson_type_label":"Video","default_lesson_type_icon":"video","under_construction":false},{"id":14485259,"position":17,"chapter_id":3719669,"name":"Full Swing Blueprint Video 16-Wrist Conditions","contentable_type":"Lesson","slug":"14485259-full-swing-blueprint-video-16-wrist-conditions","is_free_trial":false,"next_content_id":14485271,"next_content_slug":"14485271-full-swing-blueprint-video-17-downswing-transition-to-impact","next_content_type":"Lesson","display_name":"Video","contentable":5716839,"contentable_id":5716839,"payment_required":false,"draft":false,"is_released":true,"release_date":null,"prerequisite":false,"total_post_count":0,"discussions_enabled":false,"meta_data":{"duration_in_seconds":201},"expand_enabled":false,"lesson_type_label":null,"lesson_type_icon":null,"default_lesson_type_label":"Video","default_lesson_type_icon":"video","under_construction":false},{"id":14485271,"position":18,"chapter_id":3719669,"name":"Full Swing Blueprint Video 17-Downswing Transition To Impact","contentable_type":"Lesson","slug":"14485271-full-swing-blueprint-video-17-downswing-transition-to-impact","is_free_trial":false,"next_content_id":14485276,"next_content_slug":"14485276-full-swing-blueprint-video-18-downswing-clubface-checkpoints","next_content_type":"Lesson","display_name":"Video","contentable":5716846,"contentable_id":5716846,"payment_required":false,"draft":false,"is_released":true,"release_date":null,"prerequisite":false,"total_post_count":0,"discussions_enabled":false,"meta_data":{"duration_in_seconds":112},"expand_enabled":false,"lesson_type_label":null,"lesson_type_icon":null,"default_lesson_type_label":"Video","default_lesson_type_icon":"video","under_construction":false},{"id":14485276,"position":19,"chapter_id":3719669,"name":"Full Swing Blueprint Video 18-Downswing Clubface Checkpoints","contentable_type":"Lesson","slug":"14485276-full-swing-blueprint-video-18-downswing-clubface-checkpoints","is_free_trial":false,"next_content_id":14485283,"next_content_slug":"14485283-full-swing-blueprint-video-19-downswing-corrections","next_content_type":"Lesson","display_name":"Video","contentable":5716848,"contentable_id":5716848,"payment_required":false,"draft":false,"is_released":true,"release_date":null,"prerequisite":false,"total_post_count":0,"discussions_enabled":false,"meta_data":{"duration_in_seconds":94},"expand_enabled":false,"lesson_type_label":null,"lesson_type_icon":null,"default_lesson_type_label":"Video","default_lesson_type_icon":"video","under_construction":false},{"id":14485283,"position":20,"chapter_id":3719669,"name":"Full Swing Blueprint Video 19-Downswing Corrections","contentable_type":"Lesson","slug":"14485283-full-swing-blueprint-video-19-downswing-corrections","is_free_trial":false,"next_content_id":14485319,"next_content_slug":"14485319-full-swing-blueprint-video-20-downswing-corrections-part-2","next_content_type":"Lesson","display_name":"Video","contentable":5716855,"contentable_id":5716855,"payment_required":false,"draft":false,"is_released":true,"release_date":null,"prerequisite":false,"total_post_count":0,"discussions_enabled":false,"meta_data":{"duration_in_seconds":182},"expand_enabled":false,"lesson_type_label":null,"lesson_type_icon":null,"default_lesson_type_label":"Video","default_lesson_type_icon":"video","under_construction":false},{"id":14485319,"position":21,"chapter_id":3719669,"name":"Full Swing Blueprint Video 20-Downswing Corrections Part 2","contentable_type":"Lesson","slug":"14485319-full-swing-blueprint-video-20-downswing-corrections-part-2","is_free_trial":false,"next_content_id":14485354,"next_content_slug":"14485354-full-swing-blueprint-video-21-correcting-an-open-clubface","next_content_type":"Lesson","display_name":"Video","contentable":5716869,"contentable_id":5716869,"payment_required":false,"draft":false,"is_released":true,"release_date":null,"prerequisite":false,"total_post_count":0,"discussions_enabled":false,"meta_data":{"duration_in_seconds":204},"expand_enabled":false,"lesson_type_label":null,"lesson_type_icon":null,"default_lesson_type_label":"Video","default_lesson_type_icon":"video","under_construction":false},{"id":14485354,"position":22,"chapter_id":3719669,"name":"Full Swing Blueprint Video 21-Correcting An Open Clubface","contentable_type":"Lesson","slug":"14485354-full-swing-blueprint-video-21-correcting-an-open-clubface","is_free_trial":false,"next_content_id":14485368,"next_content_slug":"14485368-full-swing-blueprint-video-22-downswing-body-motion-checkpoints","next_content_type":"Lesson","display_name":"Video","contentable":5716891,"contentable_id":5716891,"payment_required":false,"draft":false,"is_released":true,"release_date":null,"prerequisite":false,"total_post_count":0,"discussions_enabled":false,"meta_data":{"duration_in_seconds":180},"expand_enabled":false,"lesson_type_label":null,"lesson_type_icon":null,"default_lesson_type_label":"Video","default_lesson_type_icon":"video","under_construction":false},{"id":14485368,"position":23,"chapter_id":3719669,"name":"Full Swing Blueprint Video 22-Downswing Body Motion Checkpoints","contentable_type":"Lesson","slug":"14485368-full-swing-blueprint-video-22-downswing-body-motion-checkpoints","is_free_trial":false,"next_content_id":14485381,"next_content_slug":"14485381-full-swing-blueprint-video-23-impact-checkpoints","next_content_type":"Lesson","display_name":"Video","contentable":5716899,"contentable_id":5716899,"payment_required":false,"draft":false,"is_released":true,"release_date":null,"prerequisite":false,"total_post_count":0,"discussions_enabled":false,"meta_data":{"duration_in_seconds":97},"expand_enabled":false,"lesson_type_label":null,"lesson_type_icon":null,"default_lesson_type_label":"Video","default_lesson_type_icon":"video","under_construction":false},{"id":14485381,"position":24,"chapter_id":3719669,"name":"Full Swing Blueprint Video 23-Impact Checkpoints","contentable_type":"Lesson","slug":"14485381-full-swing-blueprint-video-23-impact-checkpoints","is_free_trial":false,"next_content_id":14485396,"next_content_slug":"14485396-full-swing-blueprint-video-24-optimizing-lower-body-rotation","next_content_type":"Lesson","display_name":"Video","contentable":5716905,"contentable_id":5716905,"payment_required":false,"draft":false,"is_released":true,"release_date":null,"prerequisite":false,"total_post_count":0,"discussions_enabled":false,"meta_data":{"duration_in_seconds":131},"expand_enabled":false,"lesson_type_label":null,"lesson_type_icon":null,"default_lesson_type_label":"Video","default_lesson_type_icon":"video","under_construction":false},{"id":14485396,"position":25,"chapter_id":3719669,"name":"Full Swing Blueprint Video 24-Optimizing Lower Body Rotation","contentable_type":"Lesson","slug":"14485396-full-swing-blueprint-video-24-optimizing-lower-body-rotation","is_free_trial":false,"next_content_id":14485453,"next_content_slug":"14485453-full-swing-blueprint-video-25-body-rotation-faults-and-fixes","next_content_type":"Lesson","display_name":"Video","contentable":5716912,"contentable_id":5716912,"payment_required":false,"draft":false,"is_released":true,"release_date":null,"prerequisite":false,"total_post_count":0,"discussions_enabled":false,"meta_data":{"duration_in_seconds":188},"expand_enabled":false,"lesson_type_label":null,"lesson_type_icon":null,"default_lesson_type_label":"Video","default_lesson_type_icon":"video","under_construction":false},{"id":14485453,"position":26,"chapter_id":3719669,"name":"Full Swing Blueprint Video 25-Body Rotation Faults And Fixes","contentable_type":"Lesson","slug":"14485453-full-swing-blueprint-video-25-body-rotation-faults-and-fixes","is_free_trial":false,"next_content_id":14485466,"next_content_slug":"14485466-full-swing-blueprint-video-26-body-shifts-part-1","next_content_type":"Lesson","display_name":"Video","contentable":5716933,"contentable_id":5716933,"payment_required":false,"draft":false,"is_released":true,"release_date":null,"prerequisite":false,"total_post_count":0,"discussions_enabled":false,"meta_data":{"duration_in_seconds":189},"expand_enabled":false,"lesson_type_label":null,"lesson_type_icon":null,"default_lesson_type_label":"Video","default_lesson_type_icon":"video","under_construction":false},{"id":14485466,"position":27,"chapter_id":3719669,"name":"Full Swing Blueprint Video 26-Body Shifts Part 1","contentable_type":"Lesson","slug":"14485466-full-swing-blueprint-video-26-body-shifts-part-1","is_free_trial":false,"next_content_id":14485481,"next_content_slug":"14485481-full-swing-blueprint-video-27-body-shifts-part-2","next_content_type":"Lesson","display_name":"Video","contentable":5716940,"contentable_id":5716940,"payment_required":false,"draft":false,"is_released":true,"release_date":null,"prerequisite":false,"total_post_count":0,"discussions_enabled":false,"meta_data":{"duration_in_seconds":174},"expand_enabled":false,"lesson_type_label":null,"lesson_type_icon":null,"default_lesson_type_label":"Video","default_lesson_type_icon":"video","under_construction":false},{"id":14485481,"position":28,"chapter_id":3719669,"name":"Full Swing Blueprint Video 27-Body Shifts Part 2","contentable_type":"Lesson","slug":"14485481-full-swing-blueprint-video-27-body-shifts-part-2","is_free_trial":false,"next_content_id":14485658,"next_content_slug":"14485658-full-swing-blueprint-video-28-follow-through","next_content_type":"Lesson","display_name":"Video","contentable":5716945,"contentable_id":5716945,"payment_required":false,"draft":false,"is_released":true,"release_date":null,"prerequisite":false,"total_post_count":0,"discussions_enabled":false,"meta_data":{"duration_in_seconds":126},"expand_enabled":false,"lesson_type_label":null,"lesson_type_icon":null,"default_lesson_type_label":"Video","default_lesson_type_icon":"video","under_construction":false},{"id":14485658,"position":29,"chapter_id":3719669,"name":"Full Swing Blueprint Video 28-Follow Through","contentable_type":"Lesson","slug":"14485658-full-swing-blueprint-video-28-follow-through","is_free_trial":false,"next_content_id":14485663,"next_content_slug":"14485663-full-swing-blueprint-video-29-correcting-pushes-and-hooks-fat-and-thin-shots","next_content_type":"Lesson","display_name":"Video","contentable":5716978,"contentable_id":5716978,"payment_required":false,"draft":false,"is_released":true,"release_date":null,"prerequisite":false,"total_post_count":0,"discussions_enabled":false,"meta_data":{"duration_in_seconds":180},"expand_enabled":false,"lesson_type_label":null,"lesson_type_icon":null,"default_lesson_type_label":"Video","default_lesson_type_icon":"video","under_construction":false},{"id":14485663,"position":30,"chapter_id":3719669,"name":"Full Swing Blueprint Video 29-Correcting Pushes and Hooks, Fat and Thin Shots","contentable_type":"Lesson","slug":"14485663-full-swing-blueprint-video-29-correcting-pushes-and-hooks-fat-and-thin-shots","is_free_trial":false,"next_content_id":14485669,"next_content_slug":"14485669-full-swing-blueprint-video-30-body-tilts","next_content_type":"Lesson","display_name":"Video","contentable":5716981,"contentable_id":5716981,"payment_required":false,"draft":false,"is_released":true,"release_date":null,"prerequisite":false,"total_post_count":0,"discussions_enabled":false,"meta_data":{"duration_in_seconds":81},"expand_enabled":false,"lesson_type_label":null,"lesson_type_icon":null,"default_lesson_type_label":"Video","default_lesson_type_icon":"video","under_construction":false},{"id":14485669,"position":31,"chapter_id":3719669,"name":"Full Swing Blueprint Video 30-Body Tilts","contentable_type":"Lesson","slug":"14485669-full-swing-blueprint-video-30-body-tilts","is_free_trial":false,"next_content_id":14485672,"next_content_slug":"14485672-full-swing-blueprint-video-31-optimizing-compression-contact","next_content_type":"Lesson","display_name":"Video","contentable":5716986,"contentable_id":5716986,"payment_required":false,"draft":false,"is_released":true,"release_date":null,"prerequisite":false,"total_post_count":0,"discussions_enabled":false,"meta_data":{"duration_in_seconds":231},"expand_enabled":false,"lesson_type_label":null,"lesson_type_icon":null,"default_lesson_type_label":"Video","default_lesson_type_icon":"video","under_construction":false},{"id":14485672,"position":32,"chapter_id":3719669,"name":"Full Swing Blueprint Video 31-Optimizing Compression (Contact)","contentable_type":"Lesson","slug":"14485672-full-swing-blueprint-video-31-optimizing-compression-contact","is_free_trial":false,"next_content_id":14485674,"next_content_slug":"14485674-full-swing-blueprint-video-32-wedge-shots","next_content_type":"Lesson","display_name":"Video","contentable":5716988,"contentable_id":5716988,"payment_required":false,"draft":false,"is_released":true,"release_date":null,"prerequisite":false,"total_post_count":0,"discussions_enabled":false,"meta_data":{"duration_in_seconds":166},"expand_enabled":false,"lesson_type_label":null,"lesson_type_icon":null,"default_lesson_type_label":"Video","default_lesson_type_icon":"video","under_construction":false},{"id":14485674,"position":33,"chapter_id":3719669,"name":"Full Swing Blueprint Video 32-Wedge Shots","contentable_type":"Lesson","slug":"14485674-full-swing-blueprint-video-32-wedge-shots","is_free_trial":false,"next_content_id":14485683,"next_content_slug":"14485683-full-swing-blueprint-video-33-wedges-and-developing-backswing","next_content_type":"Lesson","display_name":"Video","contentable":5716989,"contentable_id":5716989,"payment_required":false,"draft":false,"is_released":true,"release_date":null,"prerequisite":false,"total_post_count":0,"discussions_enabled":false,"meta_data":{"duration_in_seconds":217},"expand_enabled":false,"lesson_type_label":null,"lesson_type_icon":null,"default_lesson_type_label":"Video","default_lesson_type_icon":"video","under_construction":false},{"id":14485683,"position":34,"chapter_id":3719669,"name":"Full Swing Blueprint Video 33-Wedges And Developing Backswing","contentable_type":"Lesson","slug":"14485683-full-swing-blueprint-video-33-wedges-and-developing-backswing","is_free_trial":false,"next_content_id":14485691,"next_content_slug":"14485691-full-swing-blueprint-video-34-jack-nicklaus-drill","next_content_type":"Lesson","display_name":"Video","contentable":5716992,"contentable_id":5716992,"payment_required":false,"draft":false,"is_released":true,"release_date":null,"prerequisite":false,"total_post_count":0,"discussions_enabled":false,"meta_data":{"duration_in_seconds":222},"expand_enabled":false,"lesson_type_label":null,"lesson_type_icon":null,"default_lesson_type_label":"Video","default_lesson_type_icon":"video","under_construction":false},{"id":14485691,"position":35,"chapter_id":3719669,"name":"Full Swing Blueprint Video 34-Jack Nicklaus Drill","contentable_type":"Lesson","slug":"14485691-full-swing-blueprint-video-34-jack-nicklaus-drill","is_free_trial":false,"next_content_id":14485699,"next_content_slug":"14485699-full-swing-blueprint-video-35-hitting-the-driver","next_content_type":"Lesson","display_name":"Video","contentable":5716995,"contentable_id":5716995,"payment_required":false,"draft":false,"is_released":true,"release_date":null,"prerequisite":false,"total_post_count":0,"discussions_enabled":false,"meta_data":{"duration_in_seconds":229},"expand_enabled":false,"lesson_type_label":null,"lesson_type_icon":null,"default_lesson_type_label":"Video","default_lesson_type_icon":"video","under_construction":false},{"id":14485699,"position":36,"chapter_id":3719669,"name":"Full Swing Blueprint Video 35-Hitting The Driver","contentable_type":"Lesson","slug":"14485699-full-swing-blueprint-video-35-hitting-the-driver","is_free_trial":false,"next_content_id":14485704,"next_content_slug":"14485704-full-swing-blueprint-video-36-recap","next_content_type":"Lesson","display_name":"Video","contentable":5717000,"contentable_id":5717000,"payment_required":false,"draft":false,"is_released":true,"release_date":null,"prerequisite":false,"total_post_count":0,"discussions_enabled":false,"meta_data":{"duration_in_seconds":286},"expand_enabled":false,"lesson_type_label":null,"lesson_type_icon":null,"default_lesson_type_label":"Video","default_lesson_type_icon":"video","under_construction":false},{"id":14485704,"position":37,"chapter_id":3719669,"name":"Full Swing Blueprint Video 36-Recap","contentable_type":"Lesson","slug":"14485704-full-swing-blueprint-video-36-recap","is_free_trial":false,"next_content_id":null,"next_content_slug":null,"next_content_type":null,"display_name":"Video","contentable":5717003,"contentable_id":5717003,"payment_required":false,"draft":false,"is_released":true,"release_date":null,"prerequisite":false,"total_post_count":0,"discussions_enabled":false,"meta_data":{"duration_in_seconds":98},"expand_enabled":false,"lesson_type_label":null,"lesson_type_icon":null,"default_lesson_type_label":"Video","default_lesson_type_icon":"video","under_construction":false}],"chapters":[{"id":3719669,"name":"Eric Cogorno's Ultimate Full Swing Blueprint","position":2,"course_id":831886,"content_ids":[14471481,14471488,14471514,14471533,14485046,14485092,14485128,14485148,14485173,14485181,14485203,14485214,14485220,14485225,14485240,14485259,14485271,14485276,14485283,14485319,14485354,14485368,14485381,14485396,14485453,14485466,14485481,14485658,14485663,14485669,14485672,14485674,14485683,14485691,14485699,14485704]}]}