{"course":{"id":809384,"name":"Fairway Woods \u0026 Hybrids Master Class","slug":"fairway-woods-hybrids-master-class","landing_page_url":"https://www.cogornogolf.com/courses/fairway-woods-hybrids-master-class","checkout_page_url":"https://www.cogornogolf.com/enroll/850533","site_twitter_handle":"","support_email":"service@cogornogolf.com","subdomain":"cogornogolf","product_id":850533,"use_linkedin_profile_certification":false,"completion_page_html":"","use_custom_completion_page_html":false,"reviews_enabled":false,"goals_enabled":false,"autoplay_all_videos":true,"require_video_completion":false,"video_completion_percentage":"100","disable_chapter_completed_modal":false,"theme":null,"primary_color":null,"font":null,"logo":null,"show_logo":true,"disable_text_selection":false,"hide_lesson_type_label_and_icon":false,"hide_lesson_type_icon":false,"is_onboarding_demo_course":false,"social_share_course_completion_overridden":false,"social_share_chapter_completion_overridden":false,"social_share_message":null,"facebook_shared_landing_page_url":"https://www.cogornogolf.com/kmyo6","linkedin_shared_landing_page_url":"https://www.cogornogolf.com/84fac","twitter_shared_landing_page_url":"https://www.cogornogolf.com/2kv6s","shared_landing_page_url":"https://www.cogornogolf.com/1nspk","chapter_ids":[3621469]},"contents":[{"id":14058549,"position":2,"chapter_id":3621469,"name":"Fairway Woods \u0026 Hybrids Video 1-Introduction","contentable_type":"Lesson","slug":"14058549-fairway-woods-hybrids-video-1-introduction","is_free_trial":false,"next_content_id":14058558,"next_content_slug":"14058558-fairway-woods-hybrids-video-2-hybrid-overview","next_content_type":"Lesson","display_name":"Video","contentable":5524188,"contentable_id":5524188,"payment_required":false,"draft":false,"is_released":true,"release_date":null,"prerequisite":false,"total_post_count":0,"discussions_enabled":false,"meta_data":{"duration_in_seconds":65},"expand_enabled":false,"lesson_type_label":null,"lesson_type_icon":null,"default_lesson_type_label":"Video","default_lesson_type_icon":"video","under_construction":false},{"id":14058558,"position":3,"chapter_id":3621469,"name":"Fairway Woods \u0026 Hybrids Video 2-Hybrid Overview","contentable_type":"Lesson","slug":"14058558-fairway-woods-hybrids-video-2-hybrid-overview","is_free_trial":false,"next_content_id":14058562,"next_content_slug":"14058562-fairway-woods-hybrids-video-3-fairway-woods-overview","next_content_type":"Lesson","display_name":"Video","contentable":5524193,"contentable_id":5524193,"payment_required":false,"draft":false,"is_released":true,"release_date":null,"prerequisite":false,"total_post_count":0,"discussions_enabled":false,"meta_data":{"duration_in_seconds":143},"expand_enabled":false,"lesson_type_label":null,"lesson_type_icon":null,"default_lesson_type_label":"Video","default_lesson_type_icon":"video","under_construction":false},{"id":14058562,"position":4,"chapter_id":3621469,"name":"Fairway Woods \u0026 Hybrids Video 3-Fairway Woods Overview","contentable_type":"Lesson","slug":"14058562-fairway-woods-hybrids-video-3-fairway-woods-overview","is_free_trial":false,"next_content_id":14058676,"next_content_slug":"14058676-fairway-woods-hybrids-video-4-hybrid-setup","next_content_type":"Lesson","display_name":"Video","contentable":5524194,"contentable_id":5524194,"payment_required":false,"draft":false,"is_released":true,"release_date":null,"prerequisite":false,"total_post_count":0,"discussions_enabled":false,"meta_data":{"duration_in_seconds":111},"expand_enabled":false,"lesson_type_label":null,"lesson_type_icon":null,"default_lesson_type_label":"Video","default_lesson_type_icon":"video","under_construction":false},{"id":14058676,"position":5,"chapter_id":3621469,"name":"Fairway Woods \u0026 Hybrids Video 4-Hybrid Setup","contentable_type":"Lesson","slug":"14058676-fairway-woods-hybrids-video-4-hybrid-setup","is_free_trial":false,"next_content_id":14068206,"next_content_slug":"14068206-fairway-woods-hybrids-video-5-fairway-woods-setup","next_content_type":"Lesson","display_name":"Video","contentable":5524220,"contentable_id":5524220,"payment_required":false,"draft":false,"is_released":true,"release_date":null,"prerequisite":false,"total_post_count":0,"discussions_enabled":false,"meta_data":{"duration_in_seconds":238},"expand_enabled":false,"lesson_type_label":null,"lesson_type_icon":null,"default_lesson_type_label":"Video","default_lesson_type_icon":"video","under_construction":false},{"id":14068206,"position":6,"chapter_id":3621469,"name":"Fairway Woods \u0026 Hybrids Video 5-Fairway Woods Setup","contentable_type":"Lesson","slug":"14068206-fairway-woods-hybrids-video-5-fairway-woods-setup","is_free_trial":false,"next_content_id":14068217,"next_content_slug":"14068217-fairway-woods-hybrids-video-6-solid-contact-part-1-tempo","next_content_type":"Lesson","display_name":"Video","contentable":5528910,"contentable_id":5528910,"payment_required":false,"draft":false,"is_released":true,"release_date":null,"prerequisite":false,"total_post_count":0,"discussions_enabled":false,"meta_data":{"duration_in_seconds":185},"expand_enabled":false,"lesson_type_label":null,"lesson_type_icon":null,"default_lesson_type_label":"Video","default_lesson_type_icon":"video","under_construction":false},{"id":14068217,"position":7,"chapter_id":3621469,"name":"Fairway Woods \u0026 Hybrids Video 6-Solid Contact Part 1-Tempo","contentable_type":"Lesson","slug":"14068217-fairway-woods-hybrids-video-6-solid-contact-part-1-tempo","is_free_trial":false,"next_content_id":14068233,"next_content_slug":"14068233-fairway-woods-hybrids-video-7-solid-contact-part-2-hitting-down-on-the-ball","next_content_type":"Lesson","display_name":"Video","contentable":5528915,"contentable_id":5528915,"payment_required":false,"draft":false,"is_released":true,"release_date":null,"prerequisite":false,"total_post_count":0,"discussions_enabled":false,"meta_data":{"duration_in_seconds":227},"expand_enabled":false,"lesson_type_label":null,"lesson_type_icon":null,"default_lesson_type_label":"Video","default_lesson_type_icon":"video","under_construction":false},{"id":14068233,"position":8,"chapter_id":3621469,"name":"Fairway Woods \u0026 Hybrids Video 7-Solid Contact Part 2-Hitting Down On The Ball","contentable_type":"Lesson","slug":"14068233-fairway-woods-hybrids-video-7-solid-contact-part-2-hitting-down-on-the-ball","is_free_trial":false,"next_content_id":14068257,"next_content_slug":"14068257-fairway-woods-hybrids-video-8-solid-contact-part-3-towel-drill","next_content_type":"Lesson","display_name":"Video","contentable":5528923,"contentable_id":5528923,"payment_required":false,"draft":false,"is_released":true,"release_date":null,"prerequisite":false,"total_post_count":0,"discussions_enabled":false,"meta_data":{"duration_in_seconds":207},"expand_enabled":false,"lesson_type_label":null,"lesson_type_icon":null,"default_lesson_type_label":"Video","default_lesson_type_icon":"video","under_construction":false},{"id":14068257,"position":9,"chapter_id":3621469,"name":"Fairway Woods \u0026 Hybrids Video 8-Solid Contact Part 3-Towel Drill","contentable_type":"Lesson","slug":"14068257-fairway-woods-hybrids-video-8-solid-contact-part-3-towel-drill","is_free_trial":false,"next_content_id":14068280,"next_content_slug":"14068280-fairway-woods-hybrids-video-9-solid-contact-part-4","next_content_type":"Lesson","display_name":"Video","contentable":5528939,"contentable_id":5528939,"payment_required":false,"draft":false,"is_released":true,"release_date":null,"prerequisite":false,"total_post_count":0,"discussions_enabled":false,"meta_data":{"duration_in_seconds":235},"expand_enabled":false,"lesson_type_label":null,"lesson_type_icon":null,"default_lesson_type_label":"Video","default_lesson_type_icon":"video","under_construction":false},{"id":14068280,"position":10,"chapter_id":3621469,"name":"Fairway Woods \u0026 Hybrids Video 9-Solid Contact Part 4","contentable_type":"Lesson","slug":"14068280-fairway-woods-hybrids-video-9-solid-contact-part-4","is_free_trial":false,"next_content_id":14068292,"next_content_slug":"14068292-fairway-woods-hybrids-video-10-backswing-turn","next_content_type":"Lesson","display_name":"Video","contentable":5528952,"contentable_id":5528952,"payment_required":false,"draft":false,"is_released":true,"release_date":null,"prerequisite":false,"total_post_count":0,"discussions_enabled":false,"meta_data":{"duration_in_seconds":352},"expand_enabled":false,"lesson_type_label":null,"lesson_type_icon":null,"default_lesson_type_label":"Video","default_lesson_type_icon":"video","under_construction":false},{"id":14068292,"position":11,"chapter_id":3621469,"name":"Fairway Woods \u0026 Hybrids Video 10-Backswing Turn","contentable_type":"Lesson","slug":"14068292-fairway-woods-hybrids-video-10-backswing-turn","is_free_trial":false,"next_content_id":14068306,"next_content_slug":"14068306-fairway-woods-hybrids-video-11-swing-plane","next_content_type":"Lesson","display_name":"Video","contentable":5528960,"contentable_id":5528960,"payment_required":false,"draft":false,"is_released":true,"release_date":null,"prerequisite":false,"total_post_count":0,"discussions_enabled":false,"meta_data":{"duration_in_seconds":321},"expand_enabled":false,"lesson_type_label":null,"lesson_type_icon":null,"default_lesson_type_label":"Video","default_lesson_type_icon":"video","under_construction":false},{"id":14068306,"position":12,"chapter_id":3621469,"name":"Fairway Woods \u0026 Hybrids Video 11-Swing Plane","contentable_type":"Lesson","slug":"14068306-fairway-woods-hybrids-video-11-swing-plane","is_free_trial":false,"next_content_id":14068333,"next_content_slug":"14068333-fairway-woods-hybrids-video-12-clubface-control","next_content_type":"Lesson","display_name":"Video","contentable":5528966,"contentable_id":5528966,"payment_required":false,"draft":false,"is_released":true,"release_date":null,"prerequisite":false,"total_post_count":0,"discussions_enabled":false,"meta_data":{"duration_in_seconds":241},"expand_enabled":false,"lesson_type_label":null,"lesson_type_icon":null,"default_lesson_type_label":"Video","default_lesson_type_icon":"video","under_construction":false},{"id":14068333,"position":13,"chapter_id":3621469,"name":"Fairway Woods \u0026 Hybrids Video 12-Clubface Control","contentable_type":"Lesson","slug":"14068333-fairway-woods-hybrids-video-12-clubface-control","is_free_trial":false,"next_content_id":14068341,"next_content_slug":"14068341-fairway-woods-hybrids-video-13-hybrid-off-the-tee","next_content_type":"Lesson","display_name":"Video","contentable":5528981,"contentable_id":5528981,"payment_required":false,"draft":false,"is_released":true,"release_date":null,"prerequisite":false,"total_post_count":0,"discussions_enabled":false,"meta_data":{"duration_in_seconds":330},"expand_enabled":false,"lesson_type_label":null,"lesson_type_icon":null,"default_lesson_type_label":"Video","default_lesson_type_icon":"video","under_construction":false},{"id":14068341,"position":14,"chapter_id":3621469,"name":"Fairway Woods \u0026 Hybrids Video 13-Hybrid Off The Tee","contentable_type":"Lesson","slug":"14068341-fairway-woods-hybrids-video-13-hybrid-off-the-tee","is_free_trial":false,"next_content_id":14068346,"next_content_slug":"14068346-fairway-woods-hybrids-video-14-fairway-wood-off-the-tee","next_content_type":"Lesson","display_name":"Video","contentable":5528985,"contentable_id":5528985,"payment_required":false,"draft":false,"is_released":true,"release_date":null,"prerequisite":false,"total_post_count":0,"discussions_enabled":false,"meta_data":{"duration_in_seconds":109},"expand_enabled":false,"lesson_type_label":null,"lesson_type_icon":null,"default_lesson_type_label":"Video","default_lesson_type_icon":"video","under_construction":false},{"id":14068346,"position":15,"chapter_id":3621469,"name":"Fairway Woods \u0026 Hybrids Video 14-Fairway Wood Off The Tee","contentable_type":"Lesson","slug":"14068346-fairway-woods-hybrids-video-14-fairway-wood-off-the-tee","is_free_trial":false,"next_content_id":14068360,"next_content_slug":"14068360-fairway-woods-hybrids-video-15-uphill-lies","next_content_type":"Lesson","display_name":"Video","contentable":5528987,"contentable_id":5528987,"payment_required":false,"draft":false,"is_released":true,"release_date":null,"prerequisite":false,"total_post_count":0,"discussions_enabled":false,"meta_data":{"duration_in_seconds":129},"expand_enabled":false,"lesson_type_label":null,"lesson_type_icon":null,"default_lesson_type_label":"Video","default_lesson_type_icon":"video","under_construction":false},{"id":14068360,"position":16,"chapter_id":3621469,"name":"Fairway Woods \u0026 Hybrids Video 15-Uphill Lies","contentable_type":"Lesson","slug":"14068360-fairway-woods-hybrids-video-15-uphill-lies","is_free_trial":false,"next_content_id":14068611,"next_content_slug":"14068611-fairway-woods-hybrids-video-16-downhill-lies","next_content_type":"Lesson","display_name":"Video","contentable":5528994,"contentable_id":5528994,"payment_required":false,"draft":false,"is_released":true,"release_date":null,"prerequisite":false,"total_post_count":0,"discussions_enabled":false,"meta_data":{"duration_in_seconds":226},"expand_enabled":false,"lesson_type_label":null,"lesson_type_icon":null,"default_lesson_type_label":"Video","default_lesson_type_icon":"video","under_construction":false},{"id":14068611,"position":17,"chapter_id":3621469,"name":"Fairway Woods \u0026 Hybrids Video 16-Downhill Lies","contentable_type":"Lesson","slug":"14068611-fairway-woods-hybrids-video-16-downhill-lies","is_free_trial":false,"next_content_id":14068632,"next_content_slug":"14068632-fairway-woods-hybrids-video-17-hybrids-from-the-rough","next_content_type":"Lesson","display_name":"Video","contentable":5529124,"contentable_id":5529124,"payment_required":false,"draft":false,"is_released":true,"release_date":null,"prerequisite":false,"total_post_count":0,"discussions_enabled":false,"meta_data":{"duration_in_seconds":174},"expand_enabled":false,"lesson_type_label":null,"lesson_type_icon":null,"default_lesson_type_label":"Video","default_lesson_type_icon":"video","under_construction":false},{"id":14068632,"position":18,"chapter_id":3621469,"name":"Fairway Woods \u0026 Hybrids Video 17-Hybrids From The Rough","contentable_type":"Lesson","slug":"14068632-fairway-woods-hybrids-video-17-hybrids-from-the-rough","is_free_trial":false,"next_content_id":14068640,"next_content_slug":"14068640-fairway-woods-hybrids-video-18-tighter-fairway-lies","next_content_type":"Lesson","display_name":"Video","contentable":5529129,"contentable_id":5529129,"payment_required":false,"draft":false,"is_released":true,"release_date":null,"prerequisite":false,"total_post_count":0,"discussions_enabled":false,"meta_data":{"duration_in_seconds":173},"expand_enabled":false,"lesson_type_label":null,"lesson_type_icon":null,"default_lesson_type_label":"Video","default_lesson_type_icon":"video","under_construction":false},{"id":14068640,"position":19,"chapter_id":3621469,"name":"Fairway Woods \u0026 Hybrids Video 18-Tighter Fairway Lies","contentable_type":"Lesson","slug":"14068640-fairway-woods-hybrids-video-18-tighter-fairway-lies","is_free_trial":false,"next_content_id":14068648,"next_content_slug":"14068648-fairway-woods-hybrids-video-19-par-5-positioning-hybrid","next_content_type":"Lesson","display_name":"Video","contentable":5529135,"contentable_id":5529135,"payment_required":false,"draft":false,"is_released":true,"release_date":null,"prerequisite":false,"total_post_count":0,"discussions_enabled":false,"meta_data":{"duration_in_seconds":200},"expand_enabled":false,"lesson_type_label":null,"lesson_type_icon":null,"default_lesson_type_label":"Video","default_lesson_type_icon":"video","under_construction":false},{"id":14068648,"position":20,"chapter_id":3621469,"name":"Fairway Woods \u0026 Hybrids Video 19-Par 5 Positioning Hybrid","contentable_type":"Lesson","slug":"14068648-fairway-woods-hybrids-video-19-par-5-positioning-hybrid","is_free_trial":false,"next_content_id":14068653,"next_content_slug":"14068653-fairway-woods-hybrids-video-20-par-5-positioning-fairway-wood","next_content_type":"Lesson","display_name":"Video","contentable":5529140,"contentable_id":5529140,"payment_required":false,"draft":false,"is_released":true,"release_date":null,"prerequisite":false,"total_post_count":0,"discussions_enabled":false,"meta_data":{"duration_in_seconds":114},"expand_enabled":false,"lesson_type_label":null,"lesson_type_icon":null,"default_lesson_type_label":"Video","default_lesson_type_icon":"video","under_construction":false},{"id":14068653,"position":21,"chapter_id":3621469,"name":"Fairway Woods \u0026 Hybrids Video 20-Par 5 Positioning Fairway Wood","contentable_type":"Lesson","slug":"14068653-fairway-woods-hybrids-video-20-par-5-positioning-fairway-wood","is_free_trial":false,"next_content_id":14068672,"next_content_slug":"14068672-fairway-woods-hybrids-video-21-punch-shots-under-trees","next_content_type":"Lesson","display_name":"Video","contentable":5529144,"contentable_id":5529144,"payment_required":false,"draft":false,"is_released":true,"release_date":null,"prerequisite":false,"total_post_count":0,"discussions_enabled":false,"meta_data":{"duration_in_seconds":152},"expand_enabled":false,"lesson_type_label":null,"lesson_type_icon":null,"default_lesson_type_label":"Video","default_lesson_type_icon":"video","under_construction":false},{"id":14068672,"position":22,"chapter_id":3621469,"name":"Fairway Woods \u0026 Hybrids Video 21-Punch Shots Under Trees","contentable_type":"Lesson","slug":"14068672-fairway-woods-hybrids-video-21-punch-shots-under-trees","is_free_trial":false,"next_content_id":14128642,"next_content_slug":"14128642-fairway-woods-hybrids-video-22-ball-above-the-feet","next_content_type":"Lesson","display_name":"Video","contentable":5529155,"contentable_id":5529155,"payment_required":false,"draft":false,"is_released":true,"release_date":null,"prerequisite":false,"total_post_count":0,"discussions_enabled":false,"meta_data":{"duration_in_seconds":250},"expand_enabled":false,"lesson_type_label":null,"lesson_type_icon":null,"default_lesson_type_label":"Video","default_lesson_type_icon":"video","under_construction":false},{"id":14128642,"position":23,"chapter_id":3621469,"name":"Fairway Woods \u0026 Hybrids Video 22-Ball Above The Feet","contentable_type":"Lesson","slug":"14128642-fairway-woods-hybrids-video-22-ball-above-the-feet","is_free_trial":false,"next_content_id":14128646,"next_content_slug":"14128646-fairway-woods-hybrids-video-23-ball-below-the-feet","next_content_type":"Lesson","display_name":"Video","contentable":5559959,"contentable_id":5559959,"payment_required":false,"draft":false,"is_released":true,"release_date":null,"prerequisite":false,"total_post_count":0,"discussions_enabled":false,"meta_data":{"duration_in_seconds":184},"expand_enabled":false,"lesson_type_label":null,"lesson_type_icon":null,"default_lesson_type_label":"Video","default_lesson_type_icon":"video","under_construction":false},{"id":14128646,"position":24,"chapter_id":3621469,"name":"Fairway Woods \u0026 Hybrids Video 23-Ball Below The Feet","contentable_type":"Lesson","slug":"14128646-fairway-woods-hybrids-video-23-ball-below-the-feet","is_free_trial":false,"next_content_id":14128654,"next_content_slug":"14128654-fairway-woods-hybrids-video-24-fairway-bunker","next_content_type":"Lesson","display_name":"Video","contentable":5559962,"contentable_id":5559962,"payment_required":false,"draft":false,"is_released":true,"release_date":null,"prerequisite":false,"total_post_count":0,"discussions_enabled":false,"meta_data":{"duration_in_seconds":137},"expand_enabled":false,"lesson_type_label":null,"lesson_type_icon":null,"default_lesson_type_label":"Video","default_lesson_type_icon":"video","under_construction":false},{"id":14128654,"position":25,"chapter_id":3621469,"name":"Fairway Woods \u0026 Hybrids Video 24-Fairway Bunker","contentable_type":"Lesson","slug":"14128654-fairway-woods-hybrids-video-24-fairway-bunker","is_free_trial":false,"next_content_id":null,"next_content_slug":null,"next_content_type":null,"display_name":"Video","contentable":5559966,"contentable_id":5559966,"payment_required":false,"draft":false,"is_released":true,"release_date":null,"prerequisite":false,"total_post_count":0,"discussions_enabled":false,"meta_data":{"duration_in_seconds":210},"expand_enabled":false,"lesson_type_label":null,"lesson_type_icon":null,"default_lesson_type_label":"Video","default_lesson_type_icon":"video","under_construction":false}],"chapters":[{"id":3621469,"name":"Fairway Woods \u0026 Hybrids Master Class","position":2,"course_id":809384,"content_ids":[14058549,14058558,14058562,14058676,14068206,14068217,14068233,14068257,14068280,14068292,14068306,14068333,14068341,14068346,14068360,14068611,14068632,14068640,14068648,14068653,14068672,14128642,14128646,14128654]}]}