{"course":{"id":384479,"name":"Green Reading","slug":"Green-Reading","landing_page_url":"https://www.cogornogolf.com/courses/Green-Reading","checkout_page_url":"https://www.cogornogolf.com/enroll/405508","site_twitter_handle":"","support_email":"service@cogornogolf.com","subdomain":"cogornogolf","product_id":405508,"use_linkedin_profile_certification":false,"completion_page_html":"","use_custom_completion_page_html":false,"reviews_enabled":false,"goals_enabled":false,"autoplay_all_videos":true,"require_video_completion":false,"video_completion_percentage":"100","disable_chapter_completed_modal":false,"theme":"course_player_white","primary_color":null,"font":null,"logo":null,"show_logo":true,"disable_text_selection":false,"hide_lesson_type_label_and_icon":false,"hide_lesson_type_icon":false,"is_onboarding_demo_course":false,"social_share_course_completion_overridden":false,"social_share_chapter_completion_overridden":false,"social_share_message":null,"facebook_shared_landing_page_url":"https://www.cogornogolf.com/fqklc","linkedin_shared_landing_page_url":"https://www.cogornogolf.com/spcvx","twitter_shared_landing_page_url":"https://www.cogornogolf.com/p5e46","shared_landing_page_url":"https://www.cogornogolf.com/mhhq5","chapter_ids":[1538440]},"contents":[{"id":5556206,"position":0,"chapter_id":1538440,"name":"Green Reading System","contentable_type":"Lesson","slug":"5556206-green-reading-system","is_free_trial":false,"next_content_id":5556205,"next_content_slug":"5556205-green-reading-lesson-the-basics","next_content_type":"Lesson","display_name":"Video","contentable":1906884,"contentable_id":1906884,"payment_required":false,"draft":false,"is_released":true,"release_date":null,"prerequisite":false,"total_post_count":0,"discussions_enabled":true,"meta_data":{"duration_in_seconds":299},"expand_enabled":false,"lesson_type_label":null,"lesson_type_icon":null,"default_lesson_type_label":"Video","default_lesson_type_icon":"video","under_construction":false},{"id":5556205,"position":1,"chapter_id":1538440,"name":"Green Reading Lesson - The Basics","contentable_type":"Lesson","slug":"5556205-green-reading-lesson-the-basics","is_free_trial":false,"next_content_id":null,"next_content_slug":null,"next_content_type":null,"display_name":"Video","contentable":1906883,"contentable_id":1906883,"payment_required":false,"draft":false,"is_released":true,"release_date":null,"prerequisite":false,"total_post_count":0,"discussions_enabled":true,"meta_data":{"duration_in_seconds":664},"expand_enabled":false,"lesson_type_label":null,"lesson_type_icon":null,"default_lesson_type_label":"Video","default_lesson_type_icon":"video","under_construction":false}],"chapters":[{"id":1538440,"name":"Green Reading","position":3,"course_id":384479,"content_ids":[5556206,5556205]}]}