{"course":{"id":384456,"name":"Hand Depth","slug":"Hand-Depth","landing_page_url":"https://www.cogornogolf.com/courses/Hand-Depth","checkout_page_url":"https://www.cogornogolf.com/enroll/405485","site_twitter_handle":"","support_email":"service@cogornogolf.com","subdomain":"cogornogolf","product_id":405485,"use_linkedin_profile_certification":false,"completion_page_html":"","use_custom_completion_page_html":false,"reviews_enabled":false,"goals_enabled":false,"autoplay_all_videos":true,"require_video_completion":false,"video_completion_percentage":"100","disable_chapter_completed_modal":false,"theme":"course_player_white","primary_color":null,"font":null,"logo":null,"show_logo":true,"disable_text_selection":false,"hide_lesson_type_label_and_icon":false,"hide_lesson_type_icon":false,"is_onboarding_demo_course":false,"social_share_course_completion_overridden":false,"social_share_chapter_completion_overridden":false,"social_share_message":null,"facebook_shared_landing_page_url":"https://www.cogornogolf.com/q1wih","linkedin_shared_landing_page_url":"https://www.cogornogolf.com/kaklr","twitter_shared_landing_page_url":"https://www.cogornogolf.com/a3aes","shared_landing_page_url":"https://www.cogornogolf.com/bkwp3","chapter_ids":[1538311]},"contents":[{"id":5605218,"position":0,"chapter_id":1538311,"name":"Course Overview","contentable_type":"HtmlItem","slug":"5605218-course-overview","is_free_trial":false,"next_content_id":5555509,"next_content_slug":"5555509-backswing-sets-up-downswing-opposites","next_content_type":"Lesson","display_name":"Text","contentable":1531630,"contentable_id":1531630,"payment_required":false,"draft":false,"is_released":true,"release_date":null,"prerequisite":false,"total_post_count":0,"discussions_enabled":false,"meta_data":null,"expand_enabled":false,"lesson_type_label":null,"lesson_type_icon":null,"default_lesson_type_label":"Text","default_lesson_type_icon":"text","under_construction":false},{"id":5555509,"position":1,"chapter_id":1538311,"name":"Backswing Sets Up Downswing: Opposites","contentable_type":"Lesson","slug":"5555509-backswing-sets-up-downswing-opposites","is_free_trial":false,"next_content_id":5560608,"next_content_slug":"5560608-the-perfect-backswing-left-hand","next_content_type":"Lesson","display_name":"Video","contentable":1906210,"contentable_id":1906210,"payment_required":false,"draft":false,"is_released":true,"release_date":null,"prerequisite":false,"total_post_count":0,"discussions_enabled":true,"meta_data":{"duration_in_seconds":538},"expand_enabled":false,"lesson_type_label":null,"lesson_type_icon":null,"default_lesson_type_label":"Video","default_lesson_type_icon":"video","under_construction":false},{"id":5560608,"position":2,"chapter_id":1538311,"name":"The Perfect Backswing: Left Hand","contentable_type":"Lesson","slug":"5560608-the-perfect-backswing-left-hand","is_free_trial":false,"next_content_id":5555500,"next_content_slug":"5555500-faults-and-fixes-hand-depth","next_content_type":"Lesson","display_name":"Video","contentable":1908610,"contentable_id":1908610,"payment_required":false,"draft":false,"is_released":true,"release_date":null,"prerequisite":false,"total_post_count":0,"discussions_enabled":true,"meta_data":{"duration_in_seconds":512},"expand_enabled":false,"lesson_type_label":null,"lesson_type_icon":null,"default_lesson_type_label":"Video","default_lesson_type_icon":"video","under_construction":false},{"id":5555500,"position":3,"chapter_id":1538311,"name":"Faults and Fixes - Hand Depth","contentable_type":"Lesson","slug":"5555500-faults-and-fixes-hand-depth","is_free_trial":false,"next_content_id":null,"next_content_slug":null,"next_content_type":null,"display_name":"Video","contentable":1906201,"contentable_id":1906201,"payment_required":false,"draft":false,"is_released":true,"release_date":null,"prerequisite":false,"total_post_count":0,"discussions_enabled":true,"meta_data":{"duration_in_seconds":183},"expand_enabled":false,"lesson_type_label":null,"lesson_type_icon":null,"default_lesson_type_label":"Video","default_lesson_type_icon":"video","under_construction":false}],"chapters":[{"id":1538311,"name":"Hand Depth","position":1,"course_id":384456,"content_ids":[5605218,5555509,5560608,5555500]}]}