{"course":{"id":384468,"name":"Increasing Make Percentage","slug":"Increasing-Make-Percentage","landing_page_url":"https://www.cogornogolf.com/courses/Increasing-Make-Percentage","checkout_page_url":"https://www.cogornogolf.com/enroll/405497","site_twitter_handle":"","support_email":"service@cogornogolf.com","subdomain":"cogornogolf","product_id":405497,"use_linkedin_profile_certification":false,"completion_page_html":"","use_custom_completion_page_html":false,"reviews_enabled":false,"goals_enabled":false,"autoplay_all_videos":true,"require_video_completion":false,"video_completion_percentage":"100","disable_chapter_completed_modal":false,"theme":"course_player_white","primary_color":null,"font":null,"logo":null,"show_logo":true,"disable_text_selection":false,"hide_lesson_type_label_and_icon":false,"hide_lesson_type_icon":false,"is_onboarding_demo_course":false,"social_share_course_completion_overridden":false,"social_share_chapter_completion_overridden":false,"social_share_message":null,"facebook_shared_landing_page_url":"https://www.cogornogolf.com/dpdtg","linkedin_shared_landing_page_url":"https://www.cogornogolf.com/nvwtj","twitter_shared_landing_page_url":"https://www.cogornogolf.com/x6kv2","shared_landing_page_url":"https://www.cogornogolf.com/dnkd9","chapter_ids":[1538377]},"contents":[{"id":5555886,"position":0,"chapter_id":1538377,"name":"Short Putt Drill","contentable_type":"Lesson","slug":"5555886-short-putt-drill","is_free_trial":false,"next_content_id":5555887,"next_content_slug":"5555887-increasing-make-percentage","next_content_type":"Lesson","display_name":"Video","contentable":1906587,"contentable_id":1906587,"payment_required":false,"draft":false,"is_released":true,"release_date":null,"prerequisite":false,"total_post_count":0,"discussions_enabled":true,"meta_data":{"duration_in_seconds":192},"expand_enabled":false,"lesson_type_label":null,"lesson_type_icon":null,"default_lesson_type_label":"Video","default_lesson_type_icon":"video","under_construction":false},{"id":5555887,"position":1,"chapter_id":1538377,"name":"Increasing Make Percentage","contentable_type":"Lesson","slug":"5555887-increasing-make-percentage","is_free_trial":false,"next_content_id":5555900,"next_content_slug":"5555900-lesson-with-drew-making-short-putts","next_content_type":"Lesson","display_name":"Video","contentable":1906588,"contentable_id":1906588,"payment_required":false,"draft":false,"is_released":true,"release_date":null,"prerequisite":false,"total_post_count":0,"discussions_enabled":true,"meta_data":{"duration_in_seconds":753},"expand_enabled":false,"lesson_type_label":null,"lesson_type_icon":null,"default_lesson_type_label":"Video","default_lesson_type_icon":"video","under_construction":false},{"id":5555900,"position":2,"chapter_id":1538377,"name":"Lesson With Drew - Making Short Putts","contentable_type":"Lesson","slug":"5555900-lesson-with-drew-making-short-putts","is_free_trial":false,"next_content_id":5555901,"next_content_slug":"5555901-lesson-with-drew-making-short-putts-pt-2","next_content_type":"Lesson","display_name":"Video","contentable":1906601,"contentable_id":1906601,"payment_required":false,"draft":false,"is_released":true,"release_date":null,"prerequisite":false,"total_post_count":0,"discussions_enabled":true,"meta_data":{"duration_in_seconds":426},"expand_enabled":false,"lesson_type_label":null,"lesson_type_icon":null,"default_lesson_type_label":"Video","default_lesson_type_icon":"video","under_construction":false},{"id":5555901,"position":3,"chapter_id":1538377,"name":"Lesson With Drew - Making Short Putts, Pt. 2","contentable_type":"Lesson","slug":"5555901-lesson-with-drew-making-short-putts-pt-2","is_free_trial":false,"next_content_id":null,"next_content_slug":null,"next_content_type":null,"display_name":"Video","contentable":1906602,"contentable_id":1906602,"payment_required":false,"draft":false,"is_released":true,"release_date":null,"prerequisite":false,"total_post_count":0,"discussions_enabled":true,"meta_data":{"duration_in_seconds":482},"expand_enabled":false,"lesson_type_label":null,"lesson_type_icon":null,"default_lesson_type_label":"Video","default_lesson_type_icon":"video","under_construction":false}],"chapters":[{"id":1538377,"name":"Increasing Make Percentage","position":1,"course_id":384468,"content_ids":[5555886,5555887,5555900,5555901]}]}