{"course":{"id":503266,"name":"Live Golf Lessons","slug":"live-golf-lessons","landing_page_url":"https://www.cogornogolf.com/courses/live-golf-lessons","checkout_page_url":"https://www.cogornogolf.com/enroll/530278","site_twitter_handle":"","support_email":"service@cogornogolf.com","subdomain":"cogornogolf","product_id":530278,"use_linkedin_profile_certification":false,"completion_page_html":"","use_custom_completion_page_html":false,"reviews_enabled":false,"goals_enabled":false,"autoplay_all_videos":true,"require_video_completion":false,"video_completion_percentage":"100","disable_chapter_completed_modal":false,"theme":null,"primary_color":null,"font":null,"logo":null,"show_logo":true,"disable_text_selection":false,"hide_lesson_type_label_and_icon":false,"hide_lesson_type_icon":false,"is_onboarding_demo_course":false,"social_share_course_completion_overridden":false,"social_share_chapter_completion_overridden":false,"social_share_message":null,"facebook_shared_landing_page_url":"https://www.cogornogolf.com/ac8un","linkedin_shared_landing_page_url":"https://www.cogornogolf.com/hammk","twitter_shared_landing_page_url":"https://www.cogornogolf.com/de2zk","shared_landing_page_url":"https://www.cogornogolf.com/4ng8b","chapter_ids":[2152648]},"contents":[{"id":9050381,"position":0,"chapter_id":2152648,"name":"Learn To Square Your Clubface - Three Key Checkpoints","contentable_type":"Lesson","slug":"9050381-learn-to-square-your-clubface-three-key-checkpoints","is_free_trial":false,"next_content_id":8967092,"next_content_slug":"8967092-one-easy-backswing-fix-to-add-more-distance","next_content_type":"Lesson","display_name":"Video","contentable":3329098,"contentable_id":3329098,"payment_required":false,"draft":false,"is_released":true,"release_date":null,"prerequisite":false,"total_post_count":0,"discussions_enabled":false,"meta_data":{"duration_in_seconds":3316},"expand_enabled":false,"lesson_type_label":null,"lesson_type_icon":null,"default_lesson_type_label":"Video","default_lesson_type_icon":"video","under_construction":false},{"id":8967092,"position":1,"chapter_id":2152648,"name":"One Easy Backswing Fix To Add More Distance","contentable_type":"Lesson","slug":"8967092-one-easy-backswing-fix-to-add-more-distance","is_free_trial":false,"next_content_id":8869902,"next_content_slug":"8869902-perfect-golf-swing-set-up-and-posture","next_content_type":"Lesson","display_name":"Video","contentable":3294993,"contentable_id":3294993,"payment_required":false,"draft":false,"is_released":true,"release_date":null,"prerequisite":false,"total_post_count":0,"discussions_enabled":false,"meta_data":{"duration_in_seconds":2942},"expand_enabled":false,"lesson_type_label":null,"lesson_type_icon":null,"default_lesson_type_label":"Video","default_lesson_type_icon":"video","under_construction":false},{"id":8869902,"position":2,"chapter_id":2152648,"name":"Perfect Golf Swing Set Up And Posture","contentable_type":"Lesson","slug":"8869902-perfect-golf-swing-set-up-and-posture","is_free_trial":false,"next_content_id":8072824,"next_content_slug":"8072824-how-to-use-your-left-leg-like-the-pros","next_content_type":"Lesson","display_name":"Video","contentable":3256106,"contentable_id":3256106,"payment_required":false,"draft":false,"is_released":true,"release_date":null,"prerequisite":false,"total_post_count":0,"discussions_enabled":false,"meta_data":{"duration_in_seconds":2848},"expand_enabled":false,"lesson_type_label":null,"lesson_type_icon":null,"default_lesson_type_label":"Video","default_lesson_type_icon":"video","under_construction":false},{"id":8072824,"position":3,"chapter_id":2152648,"name":"How To Use Your Left Leg Like The Pros","contentable_type":"Lesson","slug":"8072824-how-to-use-your-left-leg-like-the-pros","is_free_trial":false,"next_content_id":8080770,"next_content_slug":"8080770-an-easy-way-for-seniors-to-get-more-distance","next_content_type":"Lesson","display_name":"Video","contentable":2941746,"contentable_id":2941746,"payment_required":false,"draft":false,"is_released":true,"release_date":null,"prerequisite":false,"total_post_count":0,"discussions_enabled":false,"meta_data":{"duration_in_seconds":3553},"expand_enabled":false,"lesson_type_label":null,"lesson_type_icon":null,"default_lesson_type_label":"Video","default_lesson_type_icon":"video","under_construction":false},{"id":8080770,"position":4,"chapter_id":2152648,"name":"An Easy Way For Seniors To Get More Distance","contentable_type":"Lesson","slug":"8080770-an-easy-way-for-seniors-to-get-more-distance","is_free_trial":false,"next_content_id":8258040,"next_content_slug":"8258040-how-to-shorten-your-swing-for-more-consistency","next_content_type":"Lesson","display_name":"Video","contentable":2944757,"contentable_id":2944757,"payment_required":false,"draft":false,"is_released":true,"release_date":null,"prerequisite":false,"total_post_count":0,"discussions_enabled":false,"meta_data":{"duration_in_seconds":3800},"expand_enabled":false,"lesson_type_label":null,"lesson_type_icon":null,"default_lesson_type_label":"Video","default_lesson_type_icon":"video","under_construction":false},{"id":8258040,"position":5,"chapter_id":2152648,"name":"How To Shorten Your Swing For More Consistency","contentable_type":"Lesson","slug":"8258040-how-to-shorten-your-swing-for-more-consistency","is_free_trial":false,"next_content_id":8507137,"next_content_slug":"8507137-how-to-take-a-divot-and-compress-the-ball","next_content_type":"Lesson","display_name":"Video","contentable":3016893,"contentable_id":3016893,"payment_required":false,"draft":false,"is_released":true,"release_date":null,"prerequisite":false,"total_post_count":0,"discussions_enabled":false,"meta_data":{"duration_in_seconds":4037},"expand_enabled":false,"lesson_type_label":null,"lesson_type_icon":null,"default_lesson_type_label":"Video","default_lesson_type_icon":"video","under_construction":false},{"id":8507137,"position":6,"chapter_id":2152648,"name":"How To Take A Divot And Compress The Ball","contentable_type":"Lesson","slug":"8507137-how-to-take-a-divot-and-compress-the-ball","is_free_trial":false,"next_content_id":8690139,"next_content_slug":"8690139-how-to-quick-fix-your-own-swing","next_content_type":"Lesson","display_name":"Video","contentable":3112245,"contentable_id":3112245,"payment_required":false,"draft":false,"is_released":true,"release_date":null,"prerequisite":false,"total_post_count":0,"discussions_enabled":false,"meta_data":{"duration_in_seconds":3816},"expand_enabled":false,"lesson_type_label":null,"lesson_type_icon":null,"default_lesson_type_label":"Video","default_lesson_type_icon":"video","under_construction":false},{"id":8690139,"position":7,"chapter_id":2152648,"name":"How To Quick Fix Your Own Swing","contentable_type":"Lesson","slug":"8690139-how-to-quick-fix-your-own-swing","is_free_trial":false,"next_content_id":null,"next_content_slug":null,"next_content_type":null,"display_name":"Video","contentable":3185998,"contentable_id":3185998,"payment_required":false,"draft":false,"is_released":true,"release_date":null,"prerequisite":false,"total_post_count":0,"discussions_enabled":false,"meta_data":{"duration_in_seconds":2470},"expand_enabled":false,"lesson_type_label":null,"lesson_type_icon":null,"default_lesson_type_label":"Video","default_lesson_type_icon":"video","under_construction":false}],"chapters":[{"id":2152648,"name":"Live Golf Lessons","position":2,"course_id":503266,"content_ids":[9050381,8967092,8869902,8072824,8080770,8258040,8507137,8690139]}]}