{"course":{"id":384469,"name":"Mastering Putting","slug":"Mastering-Putting-Practice","landing_page_url":"https://www.cogornogolf.com/courses/Mastering-Putting-Practice","checkout_page_url":"https://www.cogornogolf.com/enroll/405498","site_twitter_handle":"","support_email":"service@cogornogolf.com","subdomain":"cogornogolf","product_id":405498,"use_linkedin_profile_certification":false,"completion_page_html":"","use_custom_completion_page_html":false,"reviews_enabled":false,"goals_enabled":false,"autoplay_all_videos":true,"require_video_completion":false,"video_completion_percentage":"100","disable_chapter_completed_modal":false,"theme":"course_player_white","primary_color":null,"font":null,"logo":null,"show_logo":true,"disable_text_selection":false,"hide_lesson_type_label_and_icon":false,"hide_lesson_type_icon":false,"is_onboarding_demo_course":false,"social_share_course_completion_overridden":false,"social_share_chapter_completion_overridden":false,"social_share_message":null,"facebook_shared_landing_page_url":"https://www.cogornogolf.com/gopvt","linkedin_shared_landing_page_url":"https://www.cogornogolf.com/l7kif","twitter_shared_landing_page_url":"https://www.cogornogolf.com/vnxmc","shared_landing_page_url":"https://www.cogornogolf.com/j4bt4","chapter_ids":[1538384]},"contents":[{"id":5555913,"position":0,"chapter_id":1538384,"name":"Start Here: Start Line Drill","contentable_type":"Lesson","slug":"5555913-start-here-start-line-drill","is_free_trial":false,"next_content_id":5555914,"next_content_slug":"5555914-practice-sheet","next_content_type":"Pdf","display_name":"Video","contentable":1906612,"contentable_id":1906612,"payment_required":false,"draft":false,"is_released":true,"release_date":null,"prerequisite":false,"total_post_count":0,"discussions_enabled":true,"meta_data":{"duration_in_seconds":324},"expand_enabled":false,"lesson_type_label":null,"lesson_type_icon":null,"default_lesson_type_label":"Video","default_lesson_type_icon":"video","under_construction":false},{"id":5555914,"position":1,"chapter_id":1538384,"name":"Practice Sheet","contentable_type":"Pdf","slug":"5555914-practice-sheet","is_free_trial":false,"next_content_id":5555915,"next_content_slug":"5555915-improving-speed-control-student-lesson","next_content_type":"Lesson","display_name":"PDF","contentable":614210,"contentable_id":614210,"payment_required":false,"draft":false,"is_released":true,"release_date":null,"prerequisite":false,"total_post_count":0,"discussions_enabled":true,"meta_data":null,"expand_enabled":false,"lesson_type_label":null,"lesson_type_icon":null,"default_lesson_type_label":"PDF","default_lesson_type_icon":"pdf","under_construction":false},{"id":5555915,"position":3,"chapter_id":1538384,"name":"Improving Speed Control - Student Lesson","contentable_type":"Lesson","slug":"5555915-improving-speed-control-student-lesson","is_free_trial":false,"next_content_id":5555916,"next_content_slug":"5555916-ladder-drill-speed-control","next_content_type":"Lesson","display_name":"Video","contentable":1906613,"contentable_id":1906613,"payment_required":false,"draft":false,"is_released":true,"release_date":null,"prerequisite":false,"total_post_count":0,"discussions_enabled":true,"meta_data":{"duration_in_seconds":1972},"expand_enabled":false,"lesson_type_label":null,"lesson_type_icon":null,"default_lesson_type_label":"Video","default_lesson_type_icon":"video","under_construction":false},{"id":5555916,"position":4,"chapter_id":1538384,"name":"Ladder Drill - Speed Control","contentable_type":"Lesson","slug":"5555916-ladder-drill-speed-control","is_free_trial":false,"next_content_id":5555917,"next_content_slug":"5555917-speed-control-drill-sheet","next_content_type":"Pdf","display_name":"Video","contentable":1906614,"contentable_id":1906614,"payment_required":false,"draft":false,"is_released":true,"release_date":null,"prerequisite":false,"total_post_count":0,"discussions_enabled":true,"meta_data":{"duration_in_seconds":468},"expand_enabled":false,"lesson_type_label":null,"lesson_type_icon":null,"default_lesson_type_label":"Video","default_lesson_type_icon":"video","under_construction":false},{"id":5555917,"position":5,"chapter_id":1538384,"name":"Speed Control Drill Sheet","contentable_type":"Pdf","slug":"5555917-speed-control-drill-sheet","is_free_trial":false,"next_content_id":5555918,"next_content_slug":"5555918-short-range-putting","next_content_type":"Pdf","display_name":"PDF","contentable":614211,"contentable_id":614211,"payment_required":false,"draft":false,"is_released":true,"release_date":null,"prerequisite":false,"total_post_count":0,"discussions_enabled":true,"meta_data":null,"expand_enabled":false,"lesson_type_label":null,"lesson_type_icon":null,"default_lesson_type_label":"PDF","default_lesson_type_icon":"pdf","under_construction":false},{"id":5555918,"position":6,"chapter_id":1538384,"name":"Short Range Putting ","contentable_type":"Pdf","slug":"5555918-short-range-putting","is_free_trial":false,"next_content_id":null,"next_content_slug":null,"next_content_type":null,"display_name":"PDF","contentable":614212,"contentable_id":614212,"payment_required":false,"draft":false,"is_released":true,"release_date":null,"prerequisite":false,"total_post_count":0,"discussions_enabled":true,"meta_data":null,"expand_enabled":false,"lesson_type_label":null,"lesson_type_icon":null,"default_lesson_type_label":"PDF","default_lesson_type_icon":"pdf","under_construction":false}],"chapters":[{"id":1538384,"name":"Mastering Putting","position":2,"course_id":384469,"content_ids":[5555913,5555914,5555915,5555916,5555917,5555918]}]}