{"course":{"id":384440,"name":"Practice Fundamentals","slug":"Practice-Fundamentals","landing_page_url":"https://www.cogornogolf.com/courses/Practice-Fundamentals","checkout_page_url":"https://www.cogornogolf.com/enroll/405469","site_twitter_handle":"","support_email":"service@cogornogolf.com","subdomain":"cogornogolf","product_id":405469,"use_linkedin_profile_certification":false,"completion_page_html":"","use_custom_completion_page_html":false,"reviews_enabled":false,"goals_enabled":false,"autoplay_all_videos":true,"require_video_completion":false,"video_completion_percentage":"100","disable_chapter_completed_modal":false,"theme":"course_player_white","primary_color":null,"font":null,"logo":null,"show_logo":true,"disable_text_selection":false,"hide_lesson_type_label_and_icon":false,"hide_lesson_type_icon":false,"is_onboarding_demo_course":false,"social_share_course_completion_overridden":false,"social_share_chapter_completion_overridden":false,"social_share_message":null,"facebook_shared_landing_page_url":"https://www.cogornogolf.com/13iax","linkedin_shared_landing_page_url":"https://www.cogornogolf.com/i75s9","twitter_shared_landing_page_url":"https://www.cogornogolf.com/vty0m","shared_landing_page_url":"https://www.cogornogolf.com/vtu5k","chapter_ids":[1538179]},"contents":[{"id":5555062,"position":0,"chapter_id":1538179,"name":"Have A Plan","contentable_type":"Lesson","slug":"5555062-have-a-plan","is_free_trial":false,"next_content_id":5555063,"next_content_slug":"5555063-how-to-structure-practice","next_content_type":"Lesson","display_name":"Video","contentable":1905869,"contentable_id":1905869,"payment_required":false,"draft":false,"is_released":true,"release_date":null,"prerequisite":false,"total_post_count":0,"discussions_enabled":true,"meta_data":{"duration_in_seconds":116},"expand_enabled":false,"lesson_type_label":null,"lesson_type_icon":null,"default_lesson_type_label":"Video","default_lesson_type_icon":"video","under_construction":false},{"id":5555063,"position":1,"chapter_id":1538179,"name":"How To Structure Practice","contentable_type":"Lesson","slug":"5555063-how-to-structure-practice","is_free_trial":false,"next_content_id":5555064,"next_content_slug":"5555064-block-vs-skill","next_content_type":"Lesson","display_name":"Video","contentable":1905870,"contentable_id":1905870,"payment_required":false,"draft":false,"is_released":true,"release_date":null,"prerequisite":false,"total_post_count":1,"discussions_enabled":true,"meta_data":{"duration_in_seconds":184},"expand_enabled":false,"lesson_type_label":null,"lesson_type_icon":null,"default_lesson_type_label":"Video","default_lesson_type_icon":"video","under_construction":false},{"id":5555064,"position":2,"chapter_id":1538179,"name":"Block Vs Skill","contentable_type":"Lesson","slug":"5555064-block-vs-skill","is_free_trial":false,"next_content_id":5555065,"next_content_slug":"5555065-effective-practice-principles","next_content_type":"Pdf","display_name":"Video","contentable":1905871,"contentable_id":1905871,"payment_required":false,"draft":false,"is_released":true,"release_date":null,"prerequisite":false,"total_post_count":0,"discussions_enabled":true,"meta_data":{"duration_in_seconds":412},"expand_enabled":false,"lesson_type_label":null,"lesson_type_icon":null,"default_lesson_type_label":"Video","default_lesson_type_icon":"video","under_construction":false},{"id":5555065,"position":3,"chapter_id":1538179,"name":"Effective Practice Principles","contentable_type":"Pdf","slug":"5555065-effective-practice-principles","is_free_trial":false,"next_content_id":5614452,"next_content_slug":"5614452-student-lesson-time-practice-management","next_content_type":"Lesson","display_name":"PDF","contentable":614144,"contentable_id":614144,"payment_required":false,"draft":false,"is_released":true,"release_date":null,"prerequisite":false,"total_post_count":0,"discussions_enabled":true,"meta_data":null,"expand_enabled":false,"lesson_type_label":null,"lesson_type_icon":null,"default_lesson_type_label":"PDF","default_lesson_type_icon":"pdf","under_construction":false},{"id":5614452,"position":4,"chapter_id":1538179,"name":"Student Lesson: Time \u0026 Practice Management","contentable_type":"Lesson","slug":"5614452-student-lesson-time-practice-management","is_free_trial":false,"next_content_id":null,"next_content_slug":null,"next_content_type":null,"display_name":"Video","contentable":1930074,"contentable_id":1930074,"payment_required":false,"draft":false,"is_released":true,"release_date":null,"prerequisite":false,"total_post_count":1,"discussions_enabled":true,"meta_data":{"duration_in_seconds":3284},"expand_enabled":false,"lesson_type_label":null,"lesson_type_icon":null,"default_lesson_type_label":"Video","default_lesson_type_icon":"video","under_construction":false}],"chapters":[{"id":1538179,"name":"Practice Fundamentals","position":0,"course_id":384440,"content_ids":[5555062,5555063,5555064,5555065,5614452]}]}