{"course":{"id":384452,"name":"Practice Like A Pro","slug":"Practice-Like-A-Pro","landing_page_url":"https://www.cogornogolf.com/courses/Practice-Like-A-Pro","checkout_page_url":"https://www.cogornogolf.com/enroll/405481","site_twitter_handle":"","support_email":"service@cogornogolf.com","subdomain":"cogornogolf","product_id":405481,"use_linkedin_profile_certification":false,"completion_page_html":"","use_custom_completion_page_html":false,"reviews_enabled":false,"goals_enabled":false,"autoplay_all_videos":true,"require_video_completion":false,"video_completion_percentage":"100","disable_chapter_completed_modal":false,"theme":"course_player_white","primary_color":null,"font":null,"logo":null,"show_logo":true,"disable_text_selection":false,"hide_lesson_type_label_and_icon":false,"hide_lesson_type_icon":false,"is_onboarding_demo_course":false,"social_share_course_completion_overridden":false,"social_share_chapter_completion_overridden":false,"social_share_message":null,"facebook_shared_landing_page_url":"https://www.cogornogolf.com/csczh","linkedin_shared_landing_page_url":"https://www.cogornogolf.com/nkxpr","twitter_shared_landing_page_url":"https://www.cogornogolf.com/lierv","shared_landing_page_url":"https://www.cogornogolf.com/duh64","chapter_ids":[1538259]},"contents":[{"id":5555368,"position":0,"chapter_id":1538259,"name":"Like Taking A Vitamin","contentable_type":"Lesson","slug":"5555368-like-taking-a-vitamin","is_free_trial":false,"next_content_id":5555369,"next_content_slug":"5555369-how-to-practice-mechanics","next_content_type":"Lesson","display_name":"Video","contentable":1906124,"contentable_id":1906124,"payment_required":false,"draft":false,"is_released":true,"release_date":null,"prerequisite":false,"total_post_count":0,"discussions_enabled":false,"meta_data":{"duration_in_seconds":149},"expand_enabled":false,"lesson_type_label":null,"lesson_type_icon":null,"default_lesson_type_label":"Video","default_lesson_type_icon":"video","under_construction":false},{"id":5555369,"position":1,"chapter_id":1538259,"name":"How To Practice Mechanics","contentable_type":"Lesson","slug":"5555369-how-to-practice-mechanics","is_free_trial":false,"next_content_id":5555370,"next_content_slug":"5555370-block-skill-game","next_content_type":"Lesson","display_name":"Video","contentable":1906125,"contentable_id":1906125,"payment_required":false,"draft":false,"is_released":true,"release_date":null,"prerequisite":false,"total_post_count":0,"discussions_enabled":false,"meta_data":{"duration_in_seconds":396},"expand_enabled":false,"lesson_type_label":null,"lesson_type_icon":null,"default_lesson_type_label":"Video","default_lesson_type_icon":"video","under_construction":false},{"id":5555370,"position":2,"chapter_id":1538259,"name":"Block, Skill, Game","contentable_type":"Lesson","slug":"5555370-block-skill-game","is_free_trial":false,"next_content_id":5555371,"next_content_slug":"5555371-take-your-range-game-to-the-course","next_content_type":"Pdf","display_name":"Video","contentable":1906126,"contentable_id":1906126,"payment_required":false,"draft":false,"is_released":true,"release_date":null,"prerequisite":false,"total_post_count":0,"discussions_enabled":false,"meta_data":{"duration_in_seconds":204},"expand_enabled":false,"lesson_type_label":null,"lesson_type_icon":null,"default_lesson_type_label":"Video","default_lesson_type_icon":"video","under_construction":false},{"id":5555371,"position":3,"chapter_id":1538259,"name":"Take Your Range Game To The Course","contentable_type":"Pdf","slug":"5555371-take-your-range-game-to-the-course","is_free_trial":false,"next_content_id":5555372,"next_content_slug":"5555372-the-perfect-practice-routine","next_content_type":"Lesson","display_name":"PDF","contentable":614178,"contentable_id":614178,"payment_required":false,"draft":false,"is_released":true,"release_date":null,"prerequisite":false,"total_post_count":0,"discussions_enabled":false,"meta_data":null,"expand_enabled":false,"lesson_type_label":null,"lesson_type_icon":null,"default_lesson_type_label":"PDF","default_lesson_type_icon":"pdf","under_construction":false},{"id":5555372,"position":4,"chapter_id":1538259,"name":"The Perfect Practice Routine","contentable_type":"Lesson","slug":"5555372-the-perfect-practice-routine","is_free_trial":false,"next_content_id":null,"next_content_slug":null,"next_content_type":null,"display_name":"Video","contentable":1906127,"contentable_id":1906127,"payment_required":false,"draft":false,"is_released":true,"release_date":null,"prerequisite":false,"total_post_count":0,"discussions_enabled":false,"meta_data":{"duration_in_seconds":1510},"expand_enabled":false,"lesson_type_label":null,"lesson_type_icon":null,"default_lesson_type_label":"Video","default_lesson_type_icon":"video","under_construction":false}],"chapters":[{"id":1538259,"name":"Take Your Practice To The Next Level","position":1,"course_id":384452,"content_ids":[5555368,5555369,5555370,5555371,5555372]}]}