{"course":{"id":384462,"name":"Practicing Your Wedges","slug":"Practicing-Wedges","landing_page_url":"https://www.cogornogolf.com/courses/Practicing-Wedges","checkout_page_url":"https://www.cogornogolf.com/enroll/405491","site_twitter_handle":"","support_email":"service@cogornogolf.com","subdomain":"cogornogolf","product_id":405491,"use_linkedin_profile_certification":false,"completion_page_html":"","use_custom_completion_page_html":false,"reviews_enabled":false,"goals_enabled":false,"autoplay_all_videos":true,"require_video_completion":false,"video_completion_percentage":"100","disable_chapter_completed_modal":false,"theme":"course_player_white","primary_color":null,"font":null,"logo":null,"show_logo":true,"disable_text_selection":false,"hide_lesson_type_label_and_icon":false,"hide_lesson_type_icon":false,"is_onboarding_demo_course":false,"social_share_course_completion_overridden":false,"social_share_chapter_completion_overridden":false,"social_share_message":null,"facebook_shared_landing_page_url":"https://www.cogornogolf.com/rw8lr","linkedin_shared_landing_page_url":"https://www.cogornogolf.com/cp9cl","twitter_shared_landing_page_url":"https://www.cogornogolf.com/lujip","shared_landing_page_url":"https://www.cogornogolf.com/msuvr","chapter_ids":[1538347]},"contents":[{"id":5555721,"position":2,"chapter_id":1538347,"name":"How To Practice","contentable_type":"Lesson","slug":"5555721-how-to-practice","is_free_trial":false,"next_content_id":5614457,"next_content_slug":"5614457-lesson-with-matthew-how-to-lower-scores-from-wedge-distances","next_content_type":"Lesson","display_name":"Video","contentable":1906422,"contentable_id":1906422,"payment_required":false,"draft":false,"is_released":true,"release_date":null,"prerequisite":false,"total_post_count":0,"discussions_enabled":true,"meta_data":{"duration_in_seconds":247},"expand_enabled":false,"lesson_type_label":null,"lesson_type_icon":null,"default_lesson_type_label":"Video","default_lesson_type_icon":"video","under_construction":false},{"id":5614457,"position":3,"chapter_id":1538347,"name":"Lesson With Matthew: How To Lower Scores From Wedge Distances","contentable_type":"Lesson","slug":"5614457-lesson-with-matthew-how-to-lower-scores-from-wedge-distances","is_free_trial":false,"next_content_id":null,"next_content_slug":null,"next_content_type":null,"display_name":"Video","contentable":1930079,"contentable_id":1930079,"payment_required":false,"draft":false,"is_released":true,"release_date":null,"prerequisite":false,"total_post_count":1,"discussions_enabled":true,"meta_data":{"duration_in_seconds":2248},"expand_enabled":false,"lesson_type_label":null,"lesson_type_icon":null,"default_lesson_type_label":"Video","default_lesson_type_icon":"video","under_construction":false}],"chapters":[{"id":1538347,"name":"Practicing Your Wedges","position":2,"course_id":384462,"content_ids":[5555721,5614457]}]}