{"course":{"id":384439,"name":"Set Up and Grip Variations","slug":"Putting-Set-Up","landing_page_url":"https://www.cogornogolf.com/courses/Putting-Set-Up","checkout_page_url":"https://www.cogornogolf.com/enroll/405468","site_twitter_handle":"","support_email":"service@cogornogolf.com","subdomain":"cogornogolf","product_id":405468,"use_linkedin_profile_certification":false,"completion_page_html":"","use_custom_completion_page_html":false,"reviews_enabled":false,"goals_enabled":false,"autoplay_all_videos":true,"require_video_completion":false,"video_completion_percentage":"100","disable_chapter_completed_modal":false,"theme":"course_player_white","primary_color":null,"font":null,"logo":null,"show_logo":true,"disable_text_selection":false,"hide_lesson_type_label_and_icon":false,"hide_lesson_type_icon":false,"is_onboarding_demo_course":false,"social_share_course_completion_overridden":false,"social_share_chapter_completion_overridden":false,"social_share_message":null,"facebook_shared_landing_page_url":"https://www.cogornogolf.com/8gyya","linkedin_shared_landing_page_url":"https://www.cogornogolf.com/ds2ar","twitter_shared_landing_page_url":"https://www.cogornogolf.com/45jw2","shared_landing_page_url":"https://www.cogornogolf.com/ldjpk","chapter_ids":[1538173]},"contents":[{"id":5555033,"position":0,"chapter_id":1538173,"name":"Grip","contentable_type":"Lesson","slug":"5555033-grip","is_free_trial":false,"next_content_id":5555034,"next_content_slug":"5555034-set-up-face-on","next_content_type":"Lesson","display_name":"Video","contentable":1905840,"contentable_id":1905840,"payment_required":false,"draft":false,"is_released":true,"release_date":null,"prerequisite":false,"total_post_count":1,"discussions_enabled":true,"meta_data":{"duration_in_seconds":261},"expand_enabled":false,"lesson_type_label":null,"lesson_type_icon":null,"default_lesson_type_label":"Video","default_lesson_type_icon":"video","under_construction":false},{"id":5555034,"position":1,"chapter_id":1538173,"name":"Set-Up - Face-On","contentable_type":"Lesson","slug":"5555034-set-up-face-on","is_free_trial":false,"next_content_id":5555035,"next_content_slug":"5555035-set-up-down-the-line","next_content_type":"Lesson","display_name":"Video","contentable":1905841,"contentable_id":1905841,"payment_required":false,"draft":false,"is_released":true,"release_date":null,"prerequisite":false,"total_post_count":0,"discussions_enabled":true,"meta_data":{"duration_in_seconds":268},"expand_enabled":false,"lesson_type_label":null,"lesson_type_icon":null,"default_lesson_type_label":"Video","default_lesson_type_icon":"video","under_construction":false},{"id":5555035,"position":2,"chapter_id":1538173,"name":"Set-Up - Down-The-Line","contentable_type":"Lesson","slug":"5555035-set-up-down-the-line","is_free_trial":false,"next_content_id":5555036,"next_content_slug":"5555036-set-up-faults-and-fixes-face-on","next_content_type":"Lesson","display_name":"Video","contentable":1905842,"contentable_id":1905842,"payment_required":false,"draft":false,"is_released":true,"release_date":null,"prerequisite":false,"total_post_count":0,"discussions_enabled":true,"meta_data":{"duration_in_seconds":203},"expand_enabled":false,"lesson_type_label":null,"lesson_type_icon":null,"default_lesson_type_label":"Video","default_lesson_type_icon":"video","under_construction":false},{"id":5555036,"position":3,"chapter_id":1538173,"name":"Set-Up Faults and Fixes - Face-On","contentable_type":"Lesson","slug":"5555036-set-up-faults-and-fixes-face-on","is_free_trial":false,"next_content_id":5555037,"next_content_slug":"5555037-set-up-faults-and-fixes-down-the-line","next_content_type":"Lesson","display_name":"Video","contentable":1905843,"contentable_id":1905843,"payment_required":false,"draft":false,"is_released":true,"release_date":null,"prerequisite":false,"total_post_count":0,"discussions_enabled":true,"meta_data":{"duration_in_seconds":334},"expand_enabled":false,"lesson_type_label":null,"lesson_type_icon":null,"default_lesson_type_label":"Video","default_lesson_type_icon":"video","under_construction":false},{"id":5555037,"position":4,"chapter_id":1538173,"name":"Set-Up Faults and Fixes - Down-The-Line","contentable_type":"Lesson","slug":"5555037-set-up-faults-and-fixes-down-the-line","is_free_trial":false,"next_content_id":null,"next_content_slug":null,"next_content_type":null,"display_name":"Video","contentable":1905844,"contentable_id":1905844,"payment_required":false,"draft":false,"is_released":true,"release_date":null,"prerequisite":false,"total_post_count":1,"discussions_enabled":true,"meta_data":{"duration_in_seconds":375},"expand_enabled":false,"lesson_type_label":null,"lesson_type_icon":null,"default_lesson_type_label":"Video","default_lesson_type_icon":"video","under_construction":false}],"chapters":[{"id":1538173,"name":"Setup and Grip Variations","position":0,"course_id":384439,"content_ids":[5555033,5555034,5555035,5555036,5555037]}]}