{"course":{"id":746496,"name":"Putting Master Class Level 1 - Speed Management","slug":"putting-master-class-level-1-speed-management","landing_page_url":"https://www.cogornogolf.com/courses/putting-master-class-level-1-speed-management","checkout_page_url":"https://www.cogornogolf.com/enroll/784751","site_twitter_handle":"","support_email":"service@cogornogolf.com","subdomain":"cogornogolf","product_id":784751,"use_linkedin_profile_certification":false,"completion_page_html":"","use_custom_completion_page_html":false,"reviews_enabled":false,"goals_enabled":false,"autoplay_all_videos":true,"require_video_completion":false,"video_completion_percentage":"100","disable_chapter_completed_modal":false,"theme":null,"primary_color":null,"font":null,"logo":null,"show_logo":true,"disable_text_selection":false,"hide_lesson_type_label_and_icon":false,"hide_lesson_type_icon":false,"is_onboarding_demo_course":false,"social_share_course_completion_overridden":false,"social_share_chapter_completion_overridden":false,"social_share_message":null,"facebook_shared_landing_page_url":"https://www.cogornogolf.com/1inf3","linkedin_shared_landing_page_url":"https://www.cogornogolf.com/3exb9","twitter_shared_landing_page_url":"https://www.cogornogolf.com/iejbe","shared_landing_page_url":"https://www.cogornogolf.com/4csod","chapter_ids":[3344034]},"contents":[{"id":12919079,"position":2,"chapter_id":3344034,"name":"Video 1 - Introduction","contentable_type":"Lesson","slug":"12919079-video-1-introduction","is_free_trial":false,"next_content_id":12919091,"next_content_slug":"12919091-video-2-about-this-program","next_content_type":"Lesson","display_name":"Video","contentable":5030173,"contentable_id":5030173,"payment_required":false,"draft":false,"is_released":true,"release_date":null,"prerequisite":false,"total_post_count":0,"discussions_enabled":false,"meta_data":{"duration_in_seconds":18},"expand_enabled":false,"lesson_type_label":null,"lesson_type_icon":null,"default_lesson_type_label":"Video","default_lesson_type_icon":"video","under_construction":false},{"id":12919091,"position":3,"chapter_id":3344034,"name":"Video 2 - About This Program","contentable_type":"Lesson","slug":"12919091-video-2-about-this-program","is_free_trial":false,"next_content_id":12919100,"next_content_slug":"12919100-video-3-stroke-size","next_content_type":"Lesson","display_name":"Video","contentable":5030179,"contentable_id":5030179,"payment_required":false,"draft":false,"is_released":true,"release_date":null,"prerequisite":false,"total_post_count":0,"discussions_enabled":false,"meta_data":{"duration_in_seconds":67},"expand_enabled":false,"lesson_type_label":null,"lesson_type_icon":null,"default_lesson_type_label":"Video","default_lesson_type_icon":"video","under_construction":false},{"id":12919100,"position":4,"chapter_id":3344034,"name":" Video 3 - Stroke Size","contentable_type":"Lesson","slug":"12919100-video-3-stroke-size","is_free_trial":false,"next_content_id":12919106,"next_content_slug":"12919106-video-4-using-the-small-stroke","next_content_type":"Lesson","display_name":"Video","contentable":5030184,"contentable_id":5030184,"payment_required":false,"draft":false,"is_released":true,"release_date":null,"prerequisite":false,"total_post_count":0,"discussions_enabled":false,"meta_data":{"duration_in_seconds":292},"expand_enabled":false,"lesson_type_label":null,"lesson_type_icon":null,"default_lesson_type_label":"Video","default_lesson_type_icon":"video","under_construction":false},{"id":12919106,"position":5,"chapter_id":3344034,"name":"Video 4 - Using The Small Stroke","contentable_type":"Lesson","slug":"12919106-video-4-using-the-small-stroke","is_free_trial":false,"next_content_id":12919110,"next_content_slug":"12919110-video-5-tempo","next_content_type":"Lesson","display_name":"Video","contentable":5030187,"contentable_id":5030187,"payment_required":false,"draft":false,"is_released":true,"release_date":null,"prerequisite":false,"total_post_count":0,"discussions_enabled":false,"meta_data":{"duration_in_seconds":256},"expand_enabled":false,"lesson_type_label":null,"lesson_type_icon":null,"default_lesson_type_label":"Video","default_lesson_type_icon":"video","under_construction":false},{"id":12919110,"position":6,"chapter_id":3344034,"name":"Video 5 - Tempo","contentable_type":"Lesson","slug":"12919110-video-5-tempo","is_free_trial":false,"next_content_id":12919119,"next_content_slug":"12919119-video-6-one-ball-rule","next_content_type":"Lesson","display_name":"Video","contentable":5030190,"contentable_id":5030190,"payment_required":false,"draft":false,"is_released":true,"release_date":null,"prerequisite":false,"total_post_count":0,"discussions_enabled":false,"meta_data":{"duration_in_seconds":268},"expand_enabled":false,"lesson_type_label":null,"lesson_type_icon":null,"default_lesson_type_label":"Video","default_lesson_type_icon":"video","under_construction":false},{"id":12919119,"position":7,"chapter_id":3344034,"name":"Video 6 - One Ball Rule","contentable_type":"Lesson","slug":"12919119-video-6-one-ball-rule","is_free_trial":false,"next_content_id":12919122,"next_content_slug":"12919122-video-7-one-ball-rule-round-2","next_content_type":"Lesson","display_name":"Video","contentable":5030195,"contentable_id":5030195,"payment_required":false,"draft":false,"is_released":true,"release_date":null,"prerequisite":false,"total_post_count":0,"discussions_enabled":false,"meta_data":{"duration_in_seconds":421},"expand_enabled":false,"lesson_type_label":null,"lesson_type_icon":null,"default_lesson_type_label":"Video","default_lesson_type_icon":"video","under_construction":false},{"id":12919122,"position":8,"chapter_id":3344034,"name":"Video 7 - One Ball Rule Round 2","contentable_type":"Lesson","slug":"12919122-video-7-one-ball-rule-round-2","is_free_trial":false,"next_content_id":12919134,"next_content_slug":"12919134-video-8-what-to-do-when-greens-are-faster-slower","next_content_type":"Lesson","display_name":"Video","contentable":5030197,"contentable_id":5030197,"payment_required":false,"draft":false,"is_released":true,"release_date":null,"prerequisite":false,"total_post_count":0,"discussions_enabled":false,"meta_data":{"duration_in_seconds":305},"expand_enabled":false,"lesson_type_label":null,"lesson_type_icon":null,"default_lesson_type_label":"Video","default_lesson_type_icon":"video","under_construction":false},{"id":12919134,"position":9,"chapter_id":3344034,"name":"Video 8 - What To Do When Greens Are Faster/Slower","contentable_type":"Lesson","slug":"12919134-video-8-what-to-do-when-greens-are-faster-slower","is_free_trial":false,"next_content_id":12919139,"next_content_slug":"12919139-video-9-ghost-hole","next_content_type":"Lesson","display_name":"Video","contentable":5030204,"contentable_id":5030204,"payment_required":false,"draft":false,"is_released":true,"release_date":null,"prerequisite":false,"total_post_count":0,"discussions_enabled":false,"meta_data":{"duration_in_seconds":287},"expand_enabled":false,"lesson_type_label":null,"lesson_type_icon":null,"default_lesson_type_label":"Video","default_lesson_type_icon":"video","under_construction":false},{"id":12919139,"position":10,"chapter_id":3344034,"name":"Video 9 - Ghost Hole","contentable_type":"Lesson","slug":"12919139-video-9-ghost-hole","is_free_trial":false,"next_content_id":12919143,"next_content_slug":"12919143-video-10-ghost-hole-round-2","next_content_type":"Lesson","display_name":"Video","contentable":5030207,"contentable_id":5030207,"payment_required":false,"draft":false,"is_released":true,"release_date":null,"prerequisite":false,"total_post_count":0,"discussions_enabled":false,"meta_data":{"duration_in_seconds":163},"expand_enabled":false,"lesson_type_label":null,"lesson_type_icon":null,"default_lesson_type_label":"Video","default_lesson_type_icon":"video","under_construction":false},{"id":12919143,"position":11,"chapter_id":3344034,"name":"Video 10 - Ghost Hole Round 2","contentable_type":"Lesson","slug":"12919143-video-10-ghost-hole-round-2","is_free_trial":false,"next_content_id":12919145,"next_content_slug":"12919145-video-11-summary","next_content_type":"Lesson","display_name":"Video","contentable":5030210,"contentable_id":5030210,"payment_required":false,"draft":false,"is_released":true,"release_date":null,"prerequisite":false,"total_post_count":0,"discussions_enabled":false,"meta_data":{"duration_in_seconds":480},"expand_enabled":false,"lesson_type_label":null,"lesson_type_icon":null,"default_lesson_type_label":"Video","default_lesson_type_icon":"video","under_construction":false},{"id":12919145,"position":12,"chapter_id":3344034,"name":"Video 11 - Summary","contentable_type":"Lesson","slug":"12919145-video-11-summary","is_free_trial":false,"next_content_id":null,"next_content_slug":null,"next_content_type":null,"display_name":"Video","contentable":5030212,"contentable_id":5030212,"payment_required":false,"draft":false,"is_released":true,"release_date":null,"prerequisite":false,"total_post_count":0,"discussions_enabled":false,"meta_data":{"duration_in_seconds":143},"expand_enabled":false,"lesson_type_label":null,"lesson_type_icon":null,"default_lesson_type_label":"Video","default_lesson_type_icon":"video","under_construction":false}],"chapters":[{"id":3344034,"name":"Putting Master Class Level 1 - Speed Management","position":2,"course_id":746496,"content_ids":[12919079,12919091,12919100,12919106,12919110,12919119,12919122,12919134,12919139,12919143,12919145]}]}