{"course":{"id":402885,"name":"Shank","slug":"quick-fix-shank","landing_page_url":"https://www.cogornogolf.com/courses/quick-fix-shank","checkout_page_url":"https://www.cogornogolf.com/enroll/424950","site_twitter_handle":"","support_email":"service@cogornogolf.com","subdomain":"cogornogolf","product_id":424950,"use_linkedin_profile_certification":false,"completion_page_html":"\u003cdiv class=\"fr-view\"\u003e\u003cp\u003eCongrats on sticking to the process!\u0026nbsp;\u003c/p\u003e\u003c/div\u003e","use_custom_completion_page_html":false,"reviews_enabled":false,"goals_enabled":false,"autoplay_all_videos":true,"require_video_completion":false,"video_completion_percentage":"100","disable_chapter_completed_modal":false,"theme":"course_player_white","primary_color":null,"font":null,"logo":null,"show_logo":true,"disable_text_selection":false,"hide_lesson_type_label_and_icon":false,"hide_lesson_type_icon":false,"is_onboarding_demo_course":false,"social_share_course_completion_overridden":false,"social_share_chapter_completion_overridden":false,"social_share_message":null,"facebook_shared_landing_page_url":"https://www.cogornogolf.com/w5087","linkedin_shared_landing_page_url":"https://www.cogornogolf.com/75s3v","twitter_shared_landing_page_url":"https://www.cogornogolf.com/nmlip","shared_landing_page_url":"https://www.cogornogolf.com/k8351","chapter_ids":[1637324,1637325,1637326,1637327]},"contents":[{"id":5945683,"position":0,"chapter_id":1637324,"name":"Overview","contentable_type":"HtmlItem","slug":"5945683-overview","is_free_trial":false,"next_content_id":5945684,"next_content_slug":"5945684-root-causes","next_content_type":"Lesson","display_name":"Text","contentable":1622261,"contentable_id":1622261,"payment_required":false,"draft":false,"is_released":true,"release_date":null,"prerequisite":false,"total_post_count":0,"discussions_enabled":true,"meta_data":null,"expand_enabled":false,"lesson_type_label":null,"lesson_type_icon":null,"default_lesson_type_label":"Text","default_lesson_type_icon":"text","under_construction":false},{"id":5945684,"position":1,"chapter_id":1637324,"name":"Root Causes","contentable_type":"Lesson","slug":"5945684-root-causes","is_free_trial":false,"next_content_id":5945685,"next_content_slug":"5945685-keys-for-the-first-range-session","next_content_type":"HtmlItem","display_name":"Video","contentable":2065151,"contentable_id":2065151,"payment_required":false,"draft":false,"is_released":true,"release_date":null,"prerequisite":false,"total_post_count":0,"discussions_enabled":true,"meta_data":{"duration_in_seconds":179},"expand_enabled":false,"lesson_type_label":null,"lesson_type_icon":null,"default_lesson_type_label":"Video","default_lesson_type_icon":"video","under_construction":false},{"id":5945685,"position":0,"chapter_id":1637325,"name":"Keys For The First Range Session","contentable_type":"HtmlItem","slug":"5945685-keys-for-the-first-range-session","is_free_trial":false,"next_content_id":5945686,"next_content_slug":"5945686-stock-setup","next_content_type":"Lesson","display_name":"Text","contentable":1622262,"contentable_id":1622262,"payment_required":false,"draft":false,"is_released":true,"release_date":null,"prerequisite":false,"total_post_count":0,"discussions_enabled":true,"meta_data":null,"expand_enabled":false,"lesson_type_label":null,"lesson_type_icon":null,"default_lesson_type_label":"Text","default_lesson_type_icon":"text","under_construction":false},{"id":5945686,"position":1,"chapter_id":1637325,"name":"Stock Setup","contentable_type":"Lesson","slug":"5945686-stock-setup","is_free_trial":false,"next_content_id":5945687,"next_content_slug":"5945687-hands-ripping-left-feel","next_content_type":"Lesson","display_name":"Video","contentable":2065152,"contentable_id":2065152,"payment_required":false,"draft":false,"is_released":true,"release_date":null,"prerequisite":false,"total_post_count":0,"discussions_enabled":true,"meta_data":{"duration_in_seconds":301},"expand_enabled":false,"lesson_type_label":null,"lesson_type_icon":null,"default_lesson_type_label":"Video","default_lesson_type_icon":"video","under_construction":false},{"id":5945687,"position":2,"chapter_id":1637325,"name":"Hands Ripping Left Feel","contentable_type":"Lesson","slug":"5945687-hands-ripping-left-feel","is_free_trial":false,"next_content_id":5945688,"next_content_slug":"5945688-check-in","next_content_type":"Survey","display_name":"Video","contentable":2065153,"contentable_id":2065153,"payment_required":false,"draft":false,"is_released":true,"release_date":null,"prerequisite":false,"total_post_count":0,"discussions_enabled":true,"meta_data":{"duration_in_seconds":122},"expand_enabled":false,"lesson_type_label":null,"lesson_type_icon":null,"default_lesson_type_label":"Video","default_lesson_type_icon":"video","under_construction":false},{"id":5945688,"position":3,"chapter_id":1637325,"name":"Check-In","contentable_type":"Survey","slug":"5945688-check-in","is_free_trial":false,"next_content_id":5945689,"next_content_slug":"5945689-anti-shank-practice-drills","next_content_type":"HtmlItem","display_name":"Survey","contentable":246282,"contentable_id":246282,"payment_required":false,"draft":false,"is_released":true,"release_date":null,"prerequisite":false,"total_post_count":0,"discussions_enabled":true,"meta_data":{"question_count":2},"expand_enabled":false,"lesson_type_label":null,"lesson_type_icon":null,"default_lesson_type_label":"Survey","default_lesson_type_icon":"survey","under_construction":false},{"id":5945689,"position":0,"chapter_id":1637326,"name":"Anti-Shank Practice Drills","contentable_type":"HtmlItem","slug":"5945689-anti-shank-practice-drills","is_free_trial":false,"next_content_id":5945690,"next_content_slug":"5945690-anti-shank-drills","next_content_type":"Lesson","display_name":"Text","contentable":1622263,"contentable_id":1622263,"payment_required":false,"draft":false,"is_released":true,"release_date":null,"prerequisite":false,"total_post_count":0,"discussions_enabled":true,"meta_data":null,"expand_enabled":false,"lesson_type_label":null,"lesson_type_icon":null,"default_lesson_type_label":"Text","default_lesson_type_icon":"text","under_construction":false},{"id":5945690,"position":1,"chapter_id":1637326,"name":"Anti-Shank Drills","contentable_type":"Lesson","slug":"5945690-anti-shank-drills","is_free_trial":false,"next_content_id":5945692,"next_content_slug":"5945692-check-in","next_content_type":"Survey","display_name":"Video","contentable":2065154,"contentable_id":2065154,"payment_required":false,"draft":false,"is_released":true,"release_date":null,"prerequisite":false,"total_post_count":0,"discussions_enabled":true,"meta_data":{"duration_in_seconds":218},"expand_enabled":false,"lesson_type_label":null,"lesson_type_icon":null,"default_lesson_type_label":"Video","default_lesson_type_icon":"video","under_construction":false},{"id":5945692,"position":3,"chapter_id":1637326,"name":"Check-In","contentable_type":"Survey","slug":"5945692-check-in","is_free_trial":false,"next_content_id":5945693,"next_content_slug":"5945693-eliminating-the-shank-through-rotation","next_content_type":"HtmlItem","display_name":"Survey","contentable":246283,"contentable_id":246283,"payment_required":false,"draft":false,"is_released":true,"release_date":null,"prerequisite":false,"total_post_count":0,"discussions_enabled":true,"meta_data":{"question_count":2},"expand_enabled":false,"lesson_type_label":null,"lesson_type_icon":null,"default_lesson_type_label":"Survey","default_lesson_type_icon":"survey","under_construction":false},{"id":5945693,"position":0,"chapter_id":1637327,"name":"Eliminating The Shank Through Rotation","contentable_type":"HtmlItem","slug":"5945693-eliminating-the-shank-through-rotation","is_free_trial":false,"next_content_id":5945694,"next_content_slug":"5945694-incorporating-rotation","next_content_type":"Lesson","display_name":"Text","contentable":1622264,"contentable_id":1622264,"payment_required":false,"draft":false,"is_released":true,"release_date":null,"prerequisite":false,"total_post_count":0,"discussions_enabled":true,"meta_data":null,"expand_enabled":false,"lesson_type_label":null,"lesson_type_icon":null,"default_lesson_type_label":"Text","default_lesson_type_icon":"text","under_construction":false},{"id":5945694,"position":1,"chapter_id":1637327,"name":"Incorporating Rotation","contentable_type":"Lesson","slug":"5945694-incorporating-rotation","is_free_trial":false,"next_content_id":5945695,"next_content_slug":"5945695-rotation-and-wrist-conditions","next_content_type":"Lesson","display_name":"Video","contentable":2065156,"contentable_id":2065156,"payment_required":false,"draft":false,"is_released":true,"release_date":null,"prerequisite":false,"total_post_count":0,"discussions_enabled":true,"meta_data":{"duration_in_seconds":101},"expand_enabled":false,"lesson_type_label":null,"lesson_type_icon":null,"default_lesson_type_label":"Video","default_lesson_type_icon":"video","under_construction":false},{"id":5945695,"position":3,"chapter_id":1637327,"name":"Rotation and Wrist Conditions","contentable_type":"Lesson","slug":"5945695-rotation-and-wrist-conditions","is_free_trial":false,"next_content_id":5945696,"next_content_slug":"5945696-check-in","next_content_type":"Survey","display_name":"Video","contentable":2065157,"contentable_id":2065157,"payment_required":false,"draft":false,"is_released":true,"release_date":null,"prerequisite":false,"total_post_count":0,"discussions_enabled":true,"meta_data":{"duration_in_seconds":86},"expand_enabled":false,"lesson_type_label":null,"lesson_type_icon":null,"default_lesson_type_label":"Video","default_lesson_type_icon":"video","under_construction":false},{"id":5945696,"position":4,"chapter_id":1637327,"name":"Check-In","contentable_type":"Survey","slug":"5945696-check-in","is_free_trial":false,"next_content_id":null,"next_content_slug":null,"next_content_type":null,"display_name":"Survey","contentable":246284,"contentable_id":246284,"payment_required":false,"draft":false,"is_released":true,"release_date":null,"prerequisite":false,"total_post_count":0,"discussions_enabled":true,"meta_data":{"question_count":2},"expand_enabled":false,"lesson_type_label":null,"lesson_type_icon":null,"default_lesson_type_label":"Survey","default_lesson_type_icon":"survey","under_construction":false}],"chapters":[{"id":1637324,"name":"Root Causes Of The Shank","position":0,"course_id":402885,"content_ids":[5945683,5945684]},{"id":1637325,"name":"PHASE 1: Keys For The First Range Session","position":1,"course_id":402885,"content_ids":[5945685,5945686,5945687,5945688]},{"id":1637326,"name":"PHASE 2: Anti-Shank Practice Drills","position":2,"course_id":402885,"content_ids":[5945689,5945690,5945692]},{"id":1637327,"name":"PHASE 3: Eliminating The Shank Through Rotation","position":3,"course_id":402885,"content_ids":[5945693,5945694,5945695,5945696]}]}