{"course":{"id":400724,"name":"Eliminating Early Extension","slug":"quick-fix-eliminating-early-extension","landing_page_url":"https://www.cogornogolf.com/courses/quick-fix-eliminating-early-extension","checkout_page_url":"https://www.cogornogolf.com/enroll/422684","site_twitter_handle":"","support_email":"service@cogornogolf.com","subdomain":"cogornogolf","product_id":422684,"use_linkedin_profile_certification":false,"completion_page_html":"\u003cdiv class=\"fr-view\"\u003e\u003cp\u003eCongrats on sticking to the process!\u0026nbsp;\u003c/p\u003e\u003c/div\u003e","use_custom_completion_page_html":false,"reviews_enabled":false,"goals_enabled":false,"autoplay_all_videos":true,"require_video_completion":false,"video_completion_percentage":"100","disable_chapter_completed_modal":false,"theme":"course_player_white","primary_color":null,"font":null,"logo":null,"show_logo":true,"disable_text_selection":false,"hide_lesson_type_label_and_icon":false,"hide_lesson_type_icon":false,"is_onboarding_demo_course":false,"social_share_course_completion_overridden":false,"social_share_chapter_completion_overridden":false,"social_share_message":null,"facebook_shared_landing_page_url":"https://www.cogornogolf.com/um4nq","linkedin_shared_landing_page_url":"https://www.cogornogolf.com/nngds","twitter_shared_landing_page_url":"https://www.cogornogolf.com/7chfr","shared_landing_page_url":"https://www.cogornogolf.com/35w36","chapter_ids":[1625546,1625547,1625887,1625548,1625549]},"contents":[{"id":5900252,"position":0,"chapter_id":1625546,"name":"Overview","contentable_type":"HtmlItem","slug":"5900252-overview","is_free_trial":false,"next_content_id":5900253,"next_content_slug":"5900253-what-s-early-extension-and-what-causes-it","next_content_type":"Lesson","display_name":"Text","contentable":1610215,"contentable_id":1610215,"payment_required":false,"draft":false,"is_released":true,"release_date":null,"prerequisite":false,"total_post_count":0,"discussions_enabled":true,"meta_data":null,"expand_enabled":false,"lesson_type_label":null,"lesson_type_icon":null,"default_lesson_type_label":"Text","default_lesson_type_icon":"text","under_construction":false},{"id":5900253,"position":1,"chapter_id":1625546,"name":"What's Early Extension and What Causes It","contentable_type":"Lesson","slug":"5900253-what-s-early-extension-and-what-causes-it","is_free_trial":false,"next_content_id":5900254,"next_content_slug":"5900254-phase-1-reflexing-the-legs","next_content_type":"HtmlItem","display_name":"Video","contentable":2046231,"contentable_id":2046231,"payment_required":false,"draft":false,"is_released":true,"release_date":null,"prerequisite":false,"total_post_count":0,"discussions_enabled":true,"meta_data":{"duration_in_seconds":279},"expand_enabled":false,"lesson_type_label":null,"lesson_type_icon":null,"default_lesson_type_label":"Video","default_lesson_type_icon":"video","under_construction":false},{"id":5900254,"position":0,"chapter_id":1625547,"name":"PHASE 1: Reflexing The Legs","contentable_type":"HtmlItem","slug":"5900254-phase-1-reflexing-the-legs","is_free_trial":false,"next_content_id":5900255,"next_content_slug":"5900255-right-knee-flexion-feel","next_content_type":"Lesson","display_name":"Text","contentable":1610216,"contentable_id":1610216,"payment_required":false,"draft":false,"is_released":true,"release_date":null,"prerequisite":false,"total_post_count":2,"discussions_enabled":true,"meta_data":null,"expand_enabled":false,"lesson_type_label":null,"lesson_type_icon":null,"default_lesson_type_label":"Text","default_lesson_type_icon":"text","under_construction":false},{"id":5900255,"position":1,"chapter_id":1625547,"name":"Right Knee Flexion Feel","contentable_type":"Lesson","slug":"5900255-right-knee-flexion-feel","is_free_trial":false,"next_content_id":5900256,"next_content_slug":"5900256-belt-buckle-to-ten-o-clock-drill","next_content_type":"Lesson","display_name":"Video","contentable":2046232,"contentable_id":2046232,"payment_required":false,"draft":false,"is_released":true,"release_date":null,"prerequisite":false,"total_post_count":0,"discussions_enabled":true,"meta_data":{"duration_in_seconds":133},"expand_enabled":false,"lesson_type_label":null,"lesson_type_icon":null,"default_lesson_type_label":"Video","default_lesson_type_icon":"video","under_construction":false},{"id":5900256,"position":2,"chapter_id":1625547,"name":"Belt Buckle To Ten O'Clock Drill","contentable_type":"Lesson","slug":"5900256-belt-buckle-to-ten-o-clock-drill","is_free_trial":false,"next_content_id":5900257,"next_content_slug":"5900257-reflexing-the-legs-check-in","next_content_type":"Survey","display_name":"Video","contentable":2046233,"contentable_id":2046233,"payment_required":false,"draft":false,"is_released":true,"release_date":null,"prerequisite":false,"total_post_count":0,"discussions_enabled":true,"meta_data":{"duration_in_seconds":93},"expand_enabled":false,"lesson_type_label":null,"lesson_type_icon":null,"default_lesson_type_label":"Video","default_lesson_type_icon":"video","under_construction":false},{"id":5900257,"position":3,"chapter_id":1625547,"name":"Reflexing The Legs Check-In","contentable_type":"Survey","slug":"5900257-reflexing-the-legs-check-in","is_free_trial":false,"next_content_id":5900258,"next_content_slug":"5900258-phase-2-forward-flexion","next_content_type":"HtmlItem","display_name":"Survey","contentable":244112,"contentable_id":244112,"payment_required":false,"draft":false,"is_released":true,"release_date":null,"prerequisite":false,"total_post_count":0,"discussions_enabled":true,"meta_data":{"question_count":2},"expand_enabled":false,"lesson_type_label":null,"lesson_type_icon":null,"default_lesson_type_label":"Survey","default_lesson_type_icon":"survey","under_construction":false},{"id":5900258,"position":0,"chapter_id":1625887,"name":"PHASE 2: Forward Flexion","contentable_type":"HtmlItem","slug":"5900258-phase-2-forward-flexion","is_free_trial":false,"next_content_id":5900259,"next_content_slug":"5900259-knees-bending-chest-to-ground","next_content_type":"Lesson","display_name":"Text","contentable":1610217,"contentable_id":1610217,"payment_required":false,"draft":false,"is_released":true,"release_date":null,"prerequisite":false,"total_post_count":0,"discussions_enabled":true,"meta_data":null,"expand_enabled":false,"lesson_type_label":null,"lesson_type_icon":null,"default_lesson_type_label":"Text","default_lesson_type_icon":"text","under_construction":false},{"id":5900259,"position":1,"chapter_id":1625887,"name":"Knees Bending / Chest To Ground","contentable_type":"Lesson","slug":"5900259-knees-bending-chest-to-ground","is_free_trial":false,"next_content_id":5901409,"next_content_slug":"5901409-cover-the-ball-with-forward-flexion","next_content_type":"Lesson","display_name":"Video","contentable":2046234,"contentable_id":2046234,"payment_required":false,"draft":false,"is_released":true,"release_date":null,"prerequisite":false,"total_post_count":0,"discussions_enabled":true,"meta_data":{"duration_in_seconds":155},"expand_enabled":false,"lesson_type_label":null,"lesson_type_icon":null,"default_lesson_type_label":"Video","default_lesson_type_icon":"video","under_construction":false},{"id":5901409,"position":2,"chapter_id":1625887,"name":"Cover The Ball With Forward Flexion","contentable_type":"Lesson","slug":"5901409-cover-the-ball-with-forward-flexion","is_free_trial":false,"next_content_id":5900260,"next_content_slug":"5900260-chest-to-ground-check-in","next_content_type":"Survey","display_name":"Video","contentable":2046733,"contentable_id":2046733,"payment_required":false,"draft":false,"is_released":true,"release_date":null,"prerequisite":false,"total_post_count":0,"discussions_enabled":true,"meta_data":{"duration_in_seconds":69},"expand_enabled":false,"lesson_type_label":null,"lesson_type_icon":null,"default_lesson_type_label":"Video","default_lesson_type_icon":"video","under_construction":false},{"id":5900260,"position":3,"chapter_id":1625887,"name":"Chest To Ground Check-In","contentable_type":"Survey","slug":"5900260-chest-to-ground-check-in","is_free_trial":false,"next_content_id":5900261,"next_content_slug":"5900261-phase-3-lowering-the-hands","next_content_type":"HtmlItem","display_name":"Survey","contentable":244113,"contentable_id":244113,"payment_required":false,"draft":false,"is_released":true,"release_date":null,"prerequisite":false,"total_post_count":0,"discussions_enabled":true,"meta_data":{"question_count":2},"expand_enabled":false,"lesson_type_label":null,"lesson_type_icon":null,"default_lesson_type_label":"Survey","default_lesson_type_icon":"survey","under_construction":false},{"id":5900261,"position":0,"chapter_id":1625548,"name":"PHASE 3: Lowering The Hands","contentable_type":"HtmlItem","slug":"5900261-phase-3-lowering-the-hands","is_free_trial":false,"next_content_id":5900262,"next_content_slug":"5900262-lowering-the-hands","next_content_type":"Lesson","display_name":"Text","contentable":1610218,"contentable_id":1610218,"payment_required":false,"draft":false,"is_released":true,"release_date":null,"prerequisite":false,"total_post_count":0,"discussions_enabled":true,"meta_data":null,"expand_enabled":false,"lesson_type_label":null,"lesson_type_icon":null,"default_lesson_type_label":"Text","default_lesson_type_icon":"text","under_construction":false},{"id":5900262,"position":1,"chapter_id":1625548,"name":"Lowering The Hands","contentable_type":"Lesson","slug":"5900262-lowering-the-hands","is_free_trial":false,"next_content_id":5900264,"next_content_slug":"5900264-hanger-drill","next_content_type":"Lesson","display_name":"Video","contentable":2046235,"contentable_id":2046235,"payment_required":false,"draft":false,"is_released":true,"release_date":null,"prerequisite":false,"total_post_count":1,"discussions_enabled":true,"meta_data":{"duration_in_seconds":262},"expand_enabled":false,"lesson_type_label":null,"lesson_type_icon":null,"default_lesson_type_label":"Video","default_lesson_type_icon":"video","under_construction":false},{"id":5900264,"position":3,"chapter_id":1625548,"name":"Hanger Drill","contentable_type":"Lesson","slug":"5900264-hanger-drill","is_free_trial":false,"next_content_id":5900265,"next_content_slug":"5900265-lowering-the-hands-check-in","next_content_type":"Survey","display_name":"Video","contentable":2046237,"contentable_id":2046237,"payment_required":false,"draft":false,"is_released":true,"release_date":null,"prerequisite":false,"total_post_count":0,"discussions_enabled":true,"meta_data":{"duration_in_seconds":142},"expand_enabled":false,"lesson_type_label":null,"lesson_type_icon":null,"default_lesson_type_label":"Video","default_lesson_type_icon":"video","under_construction":false},{"id":5900265,"position":4,"chapter_id":1625548,"name":"Lowering The Hands Check-In","contentable_type":"Survey","slug":"5900265-lowering-the-hands-check-in","is_free_trial":false,"next_content_id":5900266,"next_content_slug":"5900266-phase-4-incorporating-more-rotation","next_content_type":"HtmlItem","display_name":"Survey","contentable":244114,"contentable_id":244114,"payment_required":false,"draft":false,"is_released":true,"release_date":null,"prerequisite":false,"total_post_count":0,"discussions_enabled":true,"meta_data":{"question_count":4},"expand_enabled":false,"lesson_type_label":null,"lesson_type_icon":null,"default_lesson_type_label":"Survey","default_lesson_type_icon":"survey","under_construction":false},{"id":5900266,"position":0,"chapter_id":1625549,"name":"PHASE 4: Incorporating More Rotation","contentable_type":"HtmlItem","slug":"5900266-phase-4-incorporating-more-rotation","is_free_trial":false,"next_content_id":5900267,"next_content_slug":"5900267-lead-hip-to-ankle-feel","next_content_type":"Lesson","display_name":"Text","contentable":1610219,"contentable_id":1610219,"payment_required":false,"draft":false,"is_released":true,"release_date":null,"prerequisite":false,"total_post_count":0,"discussions_enabled":true,"meta_data":null,"expand_enabled":false,"lesson_type_label":null,"lesson_type_icon":null,"default_lesson_type_label":"Text","default_lesson_type_icon":"text","under_construction":false},{"id":5900267,"position":1,"chapter_id":1625549,"name":" Lead Hip To Ankle Feel","contentable_type":"Lesson","slug":"5900267-lead-hip-to-ankle-feel","is_free_trial":false,"next_content_id":5900268,"next_content_slug":"5900268-rod-rotation-drill","next_content_type":"Lesson","display_name":"Video","contentable":2046238,"contentable_id":2046238,"payment_required":false,"draft":false,"is_released":true,"release_date":null,"prerequisite":false,"total_post_count":1,"discussions_enabled":true,"meta_data":{"duration_in_seconds":56},"expand_enabled":false,"lesson_type_label":null,"lesson_type_icon":null,"default_lesson_type_label":"Video","default_lesson_type_icon":"video","under_construction":false},{"id":5900268,"position":2,"chapter_id":1625549,"name":"Rod Rotation Drill","contentable_type":"Lesson","slug":"5900268-rod-rotation-drill","is_free_trial":false,"next_content_id":5900269,"next_content_slug":"5900269-incorporating-more-rotation-check-in","next_content_type":"Survey","display_name":"Video","contentable":2046239,"contentable_id":2046239,"payment_required":false,"draft":false,"is_released":true,"release_date":null,"prerequisite":false,"total_post_count":1,"discussions_enabled":true,"meta_data":{"duration_in_seconds":56},"expand_enabled":false,"lesson_type_label":null,"lesson_type_icon":null,"default_lesson_type_label":"Video","default_lesson_type_icon":"video","under_construction":false},{"id":5900269,"position":3,"chapter_id":1625549,"name":"Incorporating More Rotation Check-In","contentable_type":"Survey","slug":"5900269-incorporating-more-rotation-check-in","is_free_trial":false,"next_content_id":null,"next_content_slug":null,"next_content_type":null,"display_name":"Survey","contentable":244115,"contentable_id":244115,"payment_required":false,"draft":false,"is_released":true,"release_date":null,"prerequisite":false,"total_post_count":0,"discussions_enabled":true,"meta_data":{"question_count":3},"expand_enabled":false,"lesson_type_label":null,"lesson_type_icon":null,"default_lesson_type_label":"Survey","default_lesson_type_icon":"survey","under_construction":false}],"chapters":[{"id":1625546,"name":"Root Causes Of Early Extension","position":0,"course_id":400724,"content_ids":[5900252,5900253]},{"id":1625547,"name":"PHASE 1: Reflexing The Legs","position":1,"course_id":400724,"content_ids":[5900254,5900255,5900256,5900257]},{"id":1625887,"name":"PHASE 2: Forward Flexion","position":2,"course_id":400724,"content_ids":[5900258,5900259,5901409,5900260]},{"id":1625548,"name":"PHASE 3: Lowering The Hands","position":3,"course_id":400724,"content_ids":[5900261,5900262,5900264,5900265]},{"id":1625549,"name":"PHASE 4: Incorporating More Rotation","position":4,"course_id":400724,"content_ids":[5900266,5900267,5900268,5900269]}]}