{"course":{"id":402875,"name":"Sway / Staying Centered","slug":"quick-fix-sway","landing_page_url":"https://www.cogornogolf.com/courses/quick-fix-sway","checkout_page_url":"https://www.cogornogolf.com/enroll/424940","site_twitter_handle":"","support_email":"service@cogornogolf.com","subdomain":"cogornogolf","product_id":424940,"use_linkedin_profile_certification":false,"completion_page_html":"\u003cdiv class=\"fr-view\"\u003e\u003cp\u003eCongrats on sticking to the process!\u0026nbsp;\u003c/p\u003e\u003c/div\u003e","use_custom_completion_page_html":false,"reviews_enabled":false,"goals_enabled":false,"autoplay_all_videos":true,"require_video_completion":false,"video_completion_percentage":"100","disable_chapter_completed_modal":false,"theme":"course_player_white","primary_color":null,"font":null,"logo":null,"show_logo":true,"disable_text_selection":false,"hide_lesson_type_label_and_icon":false,"hide_lesson_type_icon":false,"is_onboarding_demo_course":false,"social_share_course_completion_overridden":false,"social_share_chapter_completion_overridden":false,"social_share_message":null,"facebook_shared_landing_page_url":"https://www.cogornogolf.com/mwr2k","linkedin_shared_landing_page_url":"https://www.cogornogolf.com/em8gl","twitter_shared_landing_page_url":"https://www.cogornogolf.com/qmmfm","shared_landing_page_url":"https://www.cogornogolf.com/7o8mx","chapter_ids":[1637274,1637275,1637276,1637277,1637278]},"contents":[{"id":5945501,"position":0,"chapter_id":1637274,"name":"Overview","contentable_type":"HtmlItem","slug":"5945501-overview","is_free_trial":false,"next_content_id":5945502,"next_content_slug":"5945502-what-s-sway-and-what-causes-it","next_content_type":"Lesson","display_name":"Text","contentable":1622211,"contentable_id":1622211,"payment_required":false,"draft":false,"is_released":true,"release_date":null,"prerequisite":false,"total_post_count":0,"discussions_enabled":true,"meta_data":null,"expand_enabled":false,"lesson_type_label":null,"lesson_type_icon":null,"default_lesson_type_label":"Text","default_lesson_type_icon":"text","under_construction":false},{"id":5945502,"position":1,"chapter_id":1637274,"name":"What's Sway and What Causes It","contentable_type":"Lesson","slug":"5945502-what-s-sway-and-what-causes-it","is_free_trial":false,"next_content_id":5945503,"next_content_slug":"5945503-backswing-turn","next_content_type":"HtmlItem","display_name":"Video","contentable":2065060,"contentable_id":2065060,"payment_required":false,"draft":false,"is_released":true,"release_date":null,"prerequisite":false,"total_post_count":0,"discussions_enabled":true,"meta_data":{"duration_in_seconds":180},"expand_enabled":false,"lesson_type_label":null,"lesson_type_icon":null,"default_lesson_type_label":"Video","default_lesson_type_icon":"video","under_construction":false},{"id":5945503,"position":0,"chapter_id":1637275,"name":"Backswing Turn","contentable_type":"HtmlItem","slug":"5945503-backswing-turn","is_free_trial":false,"next_content_id":5945504,"next_content_slug":"5945504-no-hip-shoulder-backswing-turn","next_content_type":"Lesson","display_name":"Text","contentable":1622212,"contentable_id":1622212,"payment_required":false,"draft":false,"is_released":true,"release_date":null,"prerequisite":false,"total_post_count":0,"discussions_enabled":true,"meta_data":null,"expand_enabled":false,"lesson_type_label":null,"lesson_type_icon":null,"default_lesson_type_label":"Text","default_lesson_type_icon":"text","under_construction":false},{"id":5945504,"position":1,"chapter_id":1637275,"name":"No Hip / Shoulder Backswing Turn","contentable_type":"Lesson","slug":"5945504-no-hip-shoulder-backswing-turn","is_free_trial":false,"next_content_id":5945505,"next_content_slug":"5945505-feels-for-increasing-backswing-turn","next_content_type":"Lesson","display_name":"Video","contentable":2065061,"contentable_id":2065061,"payment_required":false,"draft":false,"is_released":true,"release_date":null,"prerequisite":false,"total_post_count":0,"discussions_enabled":true,"meta_data":{"duration_in_seconds":225},"expand_enabled":false,"lesson_type_label":null,"lesson_type_icon":null,"default_lesson_type_label":"Video","default_lesson_type_icon":"video","under_construction":false},{"id":5945505,"position":2,"chapter_id":1637275,"name":"Feels For Increasing Backswing Turn","contentable_type":"Lesson","slug":"5945505-feels-for-increasing-backswing-turn","is_free_trial":false,"next_content_id":5945508,"next_content_slug":"5945508-alignment-rod-drill","next_content_type":"Lesson","display_name":"Video","contentable":2065062,"contentable_id":2065062,"payment_required":false,"draft":false,"is_released":true,"release_date":null,"prerequisite":false,"total_post_count":0,"discussions_enabled":true,"meta_data":{"duration_in_seconds":153},"expand_enabled":false,"lesson_type_label":null,"lesson_type_icon":null,"default_lesson_type_label":"Video","default_lesson_type_icon":"video","under_construction":false},{"id":5945508,"position":3,"chapter_id":1637275,"name":"Alignment Rod Drill","contentable_type":"Lesson","slug":"5945508-alignment-rod-drill","is_free_trial":false,"next_content_id":5945506,"next_content_slug":"5945506-check-in","next_content_type":"Survey","display_name":"Video","contentable":2065063,"contentable_id":2065063,"payment_required":false,"draft":false,"is_released":true,"release_date":null,"prerequisite":false,"total_post_count":0,"discussions_enabled":true,"meta_data":{"duration_in_seconds":147},"expand_enabled":false,"lesson_type_label":null,"lesson_type_icon":null,"default_lesson_type_label":"Video","default_lesson_type_icon":"video","under_construction":false},{"id":5945506,"position":4,"chapter_id":1637275,"name":"Check-In","contentable_type":"Survey","slug":"5945506-check-in","is_free_trial":false,"next_content_id":5945507,"next_content_slug":"5945507-staying-centered","next_content_type":"HtmlItem","display_name":"Survey","contentable":246242,"contentable_id":246242,"payment_required":false,"draft":false,"is_released":true,"release_date":null,"prerequisite":false,"total_post_count":0,"discussions_enabled":true,"meta_data":{"question_count":2},"expand_enabled":false,"lesson_type_label":null,"lesson_type_icon":null,"default_lesson_type_label":"Survey","default_lesson_type_icon":"survey","under_construction":false},{"id":5945507,"position":0,"chapter_id":1637276,"name":"Staying Centered","contentable_type":"HtmlItem","slug":"5945507-staying-centered","is_free_trial":false,"next_content_id":5945512,"next_content_slug":"5945512-importance-of-a-centered-head","next_content_type":"Lesson","display_name":"Text","contentable":1622213,"contentable_id":1622213,"payment_required":false,"draft":false,"is_released":true,"release_date":null,"prerequisite":false,"total_post_count":0,"discussions_enabled":true,"meta_data":null,"expand_enabled":false,"lesson_type_label":null,"lesson_type_icon":null,"default_lesson_type_label":"Text","default_lesson_type_icon":"text","under_construction":false},{"id":5945512,"position":1,"chapter_id":1637276,"name":"Importance of A Centered Head","contentable_type":"Lesson","slug":"5945512-importance-of-a-centered-head","is_free_trial":false,"next_content_id":5945509,"next_content_slug":"5945509-lateral-movement-components","next_content_type":"Lesson","display_name":"Video","contentable":2065065,"contentable_id":2065065,"payment_required":false,"draft":false,"is_released":true,"release_date":null,"prerequisite":false,"total_post_count":0,"discussions_enabled":true,"meta_data":{"duration_in_seconds":129},"expand_enabled":false,"lesson_type_label":null,"lesson_type_icon":null,"default_lesson_type_label":"Video","default_lesson_type_icon":"video","under_construction":false},{"id":5945509,"position":2,"chapter_id":1637276,"name":"Lateral Movement Components","contentable_type":"Lesson","slug":"5945509-lateral-movement-components","is_free_trial":false,"next_content_id":5971876,"next_content_slug":"5971876-drills-for-staying-centered","next_content_type":"Lesson","display_name":"Video","contentable":2065064,"contentable_id":2065064,"payment_required":false,"draft":false,"is_released":true,"release_date":null,"prerequisite":false,"total_post_count":0,"discussions_enabled":true,"meta_data":{"duration_in_seconds":253},"expand_enabled":false,"lesson_type_label":null,"lesson_type_icon":null,"default_lesson_type_label":"Video","default_lesson_type_icon":"video","under_construction":false},{"id":5971876,"position":3,"chapter_id":1637276,"name":"Drills For Staying Centered","contentable_type":"Lesson","slug":"5971876-drills-for-staying-centered","is_free_trial":false,"next_content_id":5945510,"next_content_slug":"5945510-check-in","next_content_type":"Survey","display_name":"Video","contentable":2075558,"contentable_id":2075558,"payment_required":false,"draft":false,"is_released":true,"release_date":null,"prerequisite":false,"total_post_count":0,"discussions_enabled":true,"meta_data":{"duration_in_seconds":277},"expand_enabled":false,"lesson_type_label":null,"lesson_type_icon":null,"default_lesson_type_label":"Video","default_lesson_type_icon":"video","under_construction":false},{"id":5945510,"position":4,"chapter_id":1637276,"name":"Check-In","contentable_type":"Survey","slug":"5945510-check-in","is_free_trial":false,"next_content_id":5945511,"next_content_slug":"5945511-rotation-vs-slide","next_content_type":"HtmlItem","display_name":"Survey","contentable":246243,"contentable_id":246243,"payment_required":false,"draft":false,"is_released":true,"release_date":null,"prerequisite":false,"total_post_count":0,"discussions_enabled":true,"meta_data":{"question_count":2},"expand_enabled":false,"lesson_type_label":null,"lesson_type_icon":null,"default_lesson_type_label":"Survey","default_lesson_type_icon":"survey","under_construction":false},{"id":5945511,"position":0,"chapter_id":1637277,"name":"Rotation Vs Slide","contentable_type":"HtmlItem","slug":"5945511-rotation-vs-slide","is_free_trial":false,"next_content_id":5945513,"next_content_slug":"5945513-backswing-rotation-shoulder-feels","next_content_type":"Lesson","display_name":"Text","contentable":1622214,"contentable_id":1622214,"payment_required":false,"draft":false,"is_released":true,"release_date":null,"prerequisite":false,"total_post_count":0,"discussions_enabled":true,"meta_data":null,"expand_enabled":false,"lesson_type_label":null,"lesson_type_icon":null,"default_lesson_type_label":"Text","default_lesson_type_icon":"text","under_construction":false},{"id":5945513,"position":1,"chapter_id":1637277,"name":"Backswing Rotation Shoulder Feels","contentable_type":"Lesson","slug":"5945513-backswing-rotation-shoulder-feels","is_free_trial":false,"next_content_id":5971882,"next_content_slug":"5971882-downswing-rotation-shoulder-feels","next_content_type":"Lesson","display_name":"Video","contentable":2065066,"contentable_id":2065066,"payment_required":false,"draft":false,"is_released":true,"release_date":null,"prerequisite":false,"total_post_count":0,"discussions_enabled":true,"meta_data":{"duration_in_seconds":200},"expand_enabled":false,"lesson_type_label":null,"lesson_type_icon":null,"default_lesson_type_label":"Video","default_lesson_type_icon":"video","under_construction":false},{"id":5971882,"position":2,"chapter_id":1637277,"name":"Downswing Rotation Shoulder Feels","contentable_type":"Lesson","slug":"5971882-downswing-rotation-shoulder-feels","is_free_trial":false,"next_content_id":5971915,"next_content_slug":"5971915-alignment-rod-s-rotation-drill","next_content_type":"Lesson","display_name":"Video","contentable":2075559,"contentable_id":2075559,"payment_required":false,"draft":false,"is_released":true,"release_date":null,"prerequisite":false,"total_post_count":0,"discussions_enabled":true,"meta_data":{"duration_in_seconds":241},"expand_enabled":false,"lesson_type_label":null,"lesson_type_icon":null,"default_lesson_type_label":"Video","default_lesson_type_icon":"video","under_construction":false},{"id":5971915,"position":3,"chapter_id":1637277,"name":"Alignment Rod(s) Rotation Drill","contentable_type":"Lesson","slug":"5971915-alignment-rod-s-rotation-drill","is_free_trial":false,"next_content_id":5945514,"next_content_slug":"5945514-check-in","next_content_type":"Survey","display_name":"Video","contentable":2075563,"contentable_id":2075563,"payment_required":false,"draft":false,"is_released":true,"release_date":null,"prerequisite":false,"total_post_count":0,"discussions_enabled":true,"meta_data":{"duration_in_seconds":330},"expand_enabled":false,"lesson_type_label":null,"lesson_type_icon":null,"default_lesson_type_label":"Video","default_lesson_type_icon":"video","under_construction":false},{"id":5945514,"position":4,"chapter_id":1637277,"name":"Check-In","contentable_type":"Survey","slug":"5945514-check-in","is_free_trial":false,"next_content_id":5945515,"next_content_slug":"5945515-matching-up-wrist-conditions","next_content_type":"HtmlItem","display_name":"Survey","contentable":246244,"contentable_id":246244,"payment_required":false,"draft":false,"is_released":true,"release_date":null,"prerequisite":false,"total_post_count":0,"discussions_enabled":true,"meta_data":{"question_count":2},"expand_enabled":false,"lesson_type_label":null,"lesson_type_icon":null,"default_lesson_type_label":"Survey","default_lesson_type_icon":"survey","under_construction":false},{"id":5945515,"position":0,"chapter_id":1637278,"name":"Matching Up Wrist Conditions","contentable_type":"HtmlItem","slug":"5945515-matching-up-wrist-conditions","is_free_trial":false,"next_content_id":5945516,"next_content_slug":"5945516-shallowing-and-path-drill","next_content_type":"Lesson","display_name":"Text","contentable":1622215,"contentable_id":1622215,"payment_required":false,"draft":false,"is_released":true,"release_date":null,"prerequisite":false,"total_post_count":0,"discussions_enabled":true,"meta_data":null,"expand_enabled":false,"lesson_type_label":null,"lesson_type_icon":null,"default_lesson_type_label":"Text","default_lesson_type_icon":"text","under_construction":false},{"id":5945516,"position":1,"chapter_id":1637278,"name":"Shallowing and Path Drill","contentable_type":"Lesson","slug":"5945516-shallowing-and-path-drill","is_free_trial":false,"next_content_id":5945517,"next_content_slug":"5945517-rotation-and-wrist-conditions-drill","next_content_type":"Lesson","display_name":"Video","contentable":2065067,"contentable_id":2065067,"payment_required":false,"draft":false,"is_released":true,"release_date":null,"prerequisite":false,"total_post_count":0,"discussions_enabled":true,"meta_data":{"duration_in_seconds":105},"expand_enabled":false,"lesson_type_label":null,"lesson_type_icon":null,"default_lesson_type_label":"Video","default_lesson_type_icon":"video","under_construction":false},{"id":5945517,"position":2,"chapter_id":1637278,"name":"Rotation and Wrist Conditions Drill","contentable_type":"Lesson","slug":"5945517-rotation-and-wrist-conditions-drill","is_free_trial":false,"next_content_id":5945518,"next_content_slug":"5945518-check-in","next_content_type":"Survey","display_name":"Video","contentable":2065068,"contentable_id":2065068,"payment_required":false,"draft":false,"is_released":true,"release_date":null,"prerequisite":false,"total_post_count":0,"discussions_enabled":true,"meta_data":{"duration_in_seconds":101},"expand_enabled":false,"lesson_type_label":null,"lesson_type_icon":null,"default_lesson_type_label":"Video","default_lesson_type_icon":"video","under_construction":false},{"id":5945518,"position":3,"chapter_id":1637278,"name":"Check-In","contentable_type":"Survey","slug":"5945518-check-in","is_free_trial":false,"next_content_id":null,"next_content_slug":null,"next_content_type":null,"display_name":"Survey","contentable":246245,"contentable_id":246245,"payment_required":false,"draft":false,"is_released":true,"release_date":null,"prerequisite":false,"total_post_count":0,"discussions_enabled":true,"meta_data":{"question_count":3},"expand_enabled":false,"lesson_type_label":null,"lesson_type_icon":null,"default_lesson_type_label":"Survey","default_lesson_type_icon":"survey","under_construction":false}],"chapters":[{"id":1637274,"name":"Root Causes Of Sway","position":0,"course_id":402875,"content_ids":[5945501,5945502]},{"id":1637275,"name":"PHASE 1: Backswing Turn","position":1,"course_id":402875,"content_ids":[5945503,5945504,5945505,5945508,5945506]},{"id":1637276,"name":"PHASE 2: Staying Centered","position":2,"course_id":402875,"content_ids":[5945507,5945512,5945509,5971876,5945510]},{"id":1637277,"name":"PHASE 3: Rotation Vs Slide","position":3,"course_id":402875,"content_ids":[5945511,5945513,5971882,5971915,5945514]},{"id":1637278,"name":"PHASE 4: Matching Up Wrist Conditions","position":4,"course_id":402875,"content_ids":[5945515,5945516,5945517,5945518]}]}