{"course":{"id":402889,"name":"Chunked/Fat Chips","slug":"quick-fix-chunked-chips","landing_page_url":"https://www.cogornogolf.com/courses/quick-fix-chunked-chips","checkout_page_url":"https://www.cogornogolf.com/enroll/424954","site_twitter_handle":"","support_email":"service@cogornogolf.com","subdomain":"cogornogolf","product_id":424954,"use_linkedin_profile_certification":false,"completion_page_html":"\u003cdiv class=\"fr-view\"\u003e\u003cp\u003eCongrats on sticking to the process!\u0026nbsp;\u003c/p\u003e\u003c/div\u003e","use_custom_completion_page_html":false,"reviews_enabled":false,"goals_enabled":false,"autoplay_all_videos":true,"require_video_completion":false,"video_completion_percentage":"100","disable_chapter_completed_modal":false,"theme":"course_player_white","primary_color":null,"font":null,"logo":null,"show_logo":true,"disable_text_selection":false,"hide_lesson_type_label_and_icon":false,"hide_lesson_type_icon":false,"is_onboarding_demo_course":false,"social_share_course_completion_overridden":false,"social_share_chapter_completion_overridden":false,"social_share_message":null,"facebook_shared_landing_page_url":"https://www.cogornogolf.com/j526u","linkedin_shared_landing_page_url":"https://www.cogornogolf.com/1xty3","twitter_shared_landing_page_url":"https://www.cogornogolf.com/a1zxc","shared_landing_page_url":"https://www.cogornogolf.com/9e8nf","chapter_ids":[1637345,1637346,1637347,1637348]},"contents":[{"id":5945756,"position":0,"chapter_id":1637345,"name":"Overview","contentable_type":"HtmlItem","slug":"5945756-overview","is_free_trial":false,"next_content_id":5945757,"next_content_slug":"5945757-too-much-leading-edge","next_content_type":"Lesson","display_name":"Text","contentable":1622281,"contentable_id":1622281,"payment_required":false,"draft":false,"is_released":true,"release_date":null,"prerequisite":false,"total_post_count":0,"discussions_enabled":true,"meta_data":null,"expand_enabled":false,"lesson_type_label":null,"lesson_type_icon":null,"default_lesson_type_label":"Text","default_lesson_type_icon":"text","under_construction":false},{"id":5945757,"position":1,"chapter_id":1637345,"name":"Too Much Leading Edge","contentable_type":"Lesson","slug":"5945757-too-much-leading-edge","is_free_trial":false,"next_content_id":5973018,"next_content_slug":"5973018-root-causes","next_content_type":"Lesson","display_name":"Video","contentable":2065187,"contentable_id":2065187,"payment_required":false,"draft":false,"is_released":true,"release_date":null,"prerequisite":false,"total_post_count":0,"discussions_enabled":true,"meta_data":{"duration_in_seconds":98},"expand_enabled":false,"lesson_type_label":null,"lesson_type_icon":null,"default_lesson_type_label":"Video","default_lesson_type_icon":"video","under_construction":false},{"id":5973018,"position":2,"chapter_id":1637345,"name":"Root Causes","contentable_type":"Lesson","slug":"5973018-root-causes","is_free_trial":false,"next_content_id":5945758,"next_content_slug":"5945758-setup-keys","next_content_type":"HtmlItem","display_name":"Video","contentable":2075961,"contentable_id":2075961,"payment_required":false,"draft":false,"is_released":true,"release_date":null,"prerequisite":false,"total_post_count":0,"discussions_enabled":true,"meta_data":{"duration_in_seconds":147},"expand_enabled":false,"lesson_type_label":null,"lesson_type_icon":null,"default_lesson_type_label":"Video","default_lesson_type_icon":"video","under_construction":false},{"id":5945758,"position":0,"chapter_id":1637346,"name":"Setup Keys","contentable_type":"HtmlItem","slug":"5945758-setup-keys","is_free_trial":false,"next_content_id":5945759,"next_content_slug":"5945759-setup-face-on","next_content_type":"Lesson","display_name":"Text","contentable":1622282,"contentable_id":1622282,"payment_required":false,"draft":false,"is_released":true,"release_date":null,"prerequisite":false,"total_post_count":0,"discussions_enabled":true,"meta_data":null,"expand_enabled":false,"lesson_type_label":null,"lesson_type_icon":null,"default_lesson_type_label":"Text","default_lesson_type_icon":"text","under_construction":false},{"id":5945759,"position":1,"chapter_id":1637346,"name":"Setup: Face On","contentable_type":"Lesson","slug":"5945759-setup-face-on","is_free_trial":false,"next_content_id":5945760,"next_content_slug":"5945760-setup-down-the-line","next_content_type":"Lesson","display_name":"Video","contentable":2065188,"contentable_id":2065188,"payment_required":false,"draft":false,"is_released":true,"release_date":null,"prerequisite":false,"total_post_count":0,"discussions_enabled":true,"meta_data":{"duration_in_seconds":324},"expand_enabled":false,"lesson_type_label":null,"lesson_type_icon":null,"default_lesson_type_label":"Video","default_lesson_type_icon":"video","under_construction":false},{"id":5945760,"position":2,"chapter_id":1637346,"name":"Setup: Down The Line","contentable_type":"Lesson","slug":"5945760-setup-down-the-line","is_free_trial":false,"next_content_id":5945762,"next_content_slug":"5945762-using-the-bounce","next_content_type":"HtmlItem","display_name":"Video","contentable":2065189,"contentable_id":2065189,"payment_required":false,"draft":false,"is_released":true,"release_date":null,"prerequisite":false,"total_post_count":0,"discussions_enabled":true,"meta_data":{"duration_in_seconds":267},"expand_enabled":false,"lesson_type_label":null,"lesson_type_icon":null,"default_lesson_type_label":"Video","default_lesson_type_icon":"video","under_construction":false},{"id":5945762,"position":0,"chapter_id":1637347,"name":"Using The Bounce","contentable_type":"HtmlItem","slug":"5945762-using-the-bounce","is_free_trial":false,"next_content_id":5945763,"next_content_slug":"5945763-releasing-correctly","next_content_type":"Lesson","display_name":"Text","contentable":1622283,"contentable_id":1622283,"payment_required":false,"draft":false,"is_released":true,"release_date":null,"prerequisite":false,"total_post_count":0,"discussions_enabled":true,"meta_data":null,"expand_enabled":false,"lesson_type_label":null,"lesson_type_icon":null,"default_lesson_type_label":"Text","default_lesson_type_icon":"text","under_construction":false},{"id":5945763,"position":1,"chapter_id":1637347,"name":"Releasing Correctly","contentable_type":"Lesson","slug":"5945763-releasing-correctly","is_free_trial":false,"next_content_id":5945766,"next_content_slug":"5945766-practice","next_content_type":"HtmlItem","display_name":"Video","contentable":2065190,"contentable_id":2065190,"payment_required":false,"draft":false,"is_released":true,"release_date":null,"prerequisite":false,"total_post_count":0,"discussions_enabled":true,"meta_data":{"duration_in_seconds":176},"expand_enabled":false,"lesson_type_label":null,"lesson_type_icon":null,"default_lesson_type_label":"Video","default_lesson_type_icon":"video","under_construction":false},{"id":5945766,"position":0,"chapter_id":1637348,"name":"Practice","contentable_type":"HtmlItem","slug":"5945766-practice","is_free_trial":false,"next_content_id":5945767,"next_content_slug":"5945767-landing-zones-practice","next_content_type":"Lesson","display_name":"Text","contentable":1622284,"contentable_id":1622284,"payment_required":false,"draft":false,"is_released":true,"release_date":null,"prerequisite":false,"total_post_count":0,"discussions_enabled":true,"meta_data":null,"expand_enabled":false,"lesson_type_label":null,"lesson_type_icon":null,"default_lesson_type_label":"Text","default_lesson_type_icon":"text","under_construction":false},{"id":5945767,"position":1,"chapter_id":1637348,"name":"Landing Zones Practice","contentable_type":"Lesson","slug":"5945767-landing-zones-practice","is_free_trial":false,"next_content_id":null,"next_content_slug":null,"next_content_type":null,"display_name":"Video","contentable":2065192,"contentable_id":2065192,"payment_required":false,"draft":false,"is_released":true,"release_date":null,"prerequisite":false,"total_post_count":0,"discussions_enabled":true,"meta_data":{"duration_in_seconds":376},"expand_enabled":false,"lesson_type_label":null,"lesson_type_icon":null,"default_lesson_type_label":"Video","default_lesson_type_icon":"video","under_construction":false}],"chapters":[{"id":1637345,"name":"Fat Contact Around The Greens","position":0,"course_id":402889,"content_ids":[5945756,5945757,5973018]},{"id":1637346,"name":"PHASE 1: Setup Keys","position":1,"course_id":402889,"content_ids":[5945758,5945759,5945760]},{"id":1637347,"name":"PHASE 2: Using The Bounce","position":2,"course_id":402889,"content_ids":[5945762,5945763]},{"id":1637348,"name":"PHASE 3: Practice","position":3,"course_id":402889,"content_ids":[5945766,5945767]}]}