{"course":{"id":402877,"name":"Speed For Free","slug":"quick-fix-speed","landing_page_url":"https://www.cogornogolf.com/courses/quick-fix-speed","checkout_page_url":"https://www.cogornogolf.com/enroll/424942","site_twitter_handle":"","support_email":"service@cogornogolf.com","subdomain":"cogornogolf","product_id":424942,"use_linkedin_profile_certification":false,"completion_page_html":"\u003cdiv class=\"fr-view\"\u003e\u003cp\u003eCongrats on sticking to the process!\u0026nbsp;\u003c/p\u003e\u003c/div\u003e","use_custom_completion_page_html":false,"reviews_enabled":false,"goals_enabled":false,"autoplay_all_videos":true,"require_video_completion":false,"video_completion_percentage":"100","disable_chapter_completed_modal":false,"theme":"course_player_white","primary_color":null,"font":null,"logo":null,"show_logo":true,"disable_text_selection":false,"hide_lesson_type_label_and_icon":false,"hide_lesson_type_icon":false,"is_onboarding_demo_course":false,"social_share_course_completion_overridden":false,"social_share_chapter_completion_overridden":false,"social_share_message":null,"facebook_shared_landing_page_url":"https://www.cogornogolf.com/vau31","linkedin_shared_landing_page_url":"https://www.cogornogolf.com/ozhks","twitter_shared_landing_page_url":"https://www.cogornogolf.com/ghmnn","shared_landing_page_url":"https://www.cogornogolf.com/hcv9h","chapter_ids":[1637284,1637285,1637286,1637287,1637288,1655913]},"contents":[{"id":5945537,"position":0,"chapter_id":1637284,"name":"Overview","contentable_type":"HtmlItem","slug":"5945537-overview","is_free_trial":false,"next_content_id":5945538,"next_content_slug":"5945538-backswing-keys","next_content_type":"Lesson","display_name":"Text","contentable":1622221,"contentable_id":1622221,"payment_required":false,"draft":false,"is_released":true,"release_date":null,"prerequisite":false,"total_post_count":0,"discussions_enabled":true,"meta_data":null,"expand_enabled":false,"lesson_type_label":null,"lesson_type_icon":null,"default_lesson_type_label":"Text","default_lesson_type_icon":"text","under_construction":false},{"id":5945538,"position":1,"chapter_id":1637284,"name":"Backswing Keys","contentable_type":"Lesson","slug":"5945538-backswing-keys","is_free_trial":false,"next_content_id":5972442,"next_content_slug":"5972442-downswing-hand-and-club-relationship","next_content_type":"Lesson","display_name":"Video","contentable":2065078,"contentable_id":2065078,"payment_required":false,"draft":false,"is_released":true,"release_date":null,"prerequisite":false,"total_post_count":0,"discussions_enabled":true,"meta_data":{"duration_in_seconds":181},"expand_enabled":false,"lesson_type_label":null,"lesson_type_icon":null,"default_lesson_type_label":"Video","default_lesson_type_icon":"video","under_construction":false},{"id":5972442,"position":2,"chapter_id":1637284,"name":"Downswing Hand and Club Relationship","contentable_type":"Lesson","slug":"5972442-downswing-hand-and-club-relationship","is_free_trial":false,"next_content_id":5945539,"next_content_slug":"5945539-backswing-speed-keys","next_content_type":"HtmlItem","display_name":"Video","contentable":2075717,"contentable_id":2075717,"payment_required":false,"draft":false,"is_released":true,"release_date":null,"prerequisite":false,"total_post_count":0,"discussions_enabled":true,"meta_data":{"duration_in_seconds":237},"expand_enabled":false,"lesson_type_label":null,"lesson_type_icon":null,"default_lesson_type_label":"Video","default_lesson_type_icon":"video","under_construction":false},{"id":5945539,"position":0,"chapter_id":1637285,"name":"Backswing Speed Keys","contentable_type":"HtmlItem","slug":"5945539-backswing-speed-keys","is_free_trial":false,"next_content_id":5945540,"next_content_slug":"5945540-pressure-weight-in-the-feet","next_content_type":"Lesson","display_name":"Text","contentable":1622222,"contentable_id":1622222,"payment_required":false,"draft":false,"is_released":true,"release_date":null,"prerequisite":false,"total_post_count":0,"discussions_enabled":true,"meta_data":null,"expand_enabled":false,"lesson_type_label":null,"lesson_type_icon":null,"default_lesson_type_label":"Text","default_lesson_type_icon":"text","under_construction":false},{"id":5945540,"position":1,"chapter_id":1637285,"name":"Pressure \u0026 Weight In The Feet","contentable_type":"Lesson","slug":"5945540-pressure-weight-in-the-feet","is_free_trial":false,"next_content_id":5945541,"next_content_slug":"5945541-backswing-upper-body-feels","next_content_type":"Lesson","display_name":"Video","contentable":2065079,"contentable_id":2065079,"payment_required":false,"draft":false,"is_released":true,"release_date":null,"prerequisite":false,"total_post_count":0,"discussions_enabled":true,"meta_data":{"duration_in_seconds":240},"expand_enabled":false,"lesson_type_label":null,"lesson_type_icon":null,"default_lesson_type_label":"Video","default_lesson_type_icon":"video","under_construction":false},{"id":5945541,"position":2,"chapter_id":1637285,"name":"Backswing Upper Body Feels","contentable_type":"Lesson","slug":"5945541-backswing-upper-body-feels","is_free_trial":false,"next_content_id":5972454,"next_content_slug":"5972454-ingraining-a-vertical-backswing","next_content_type":"Lesson","display_name":"Video","contentable":2065080,"contentable_id":2065080,"payment_required":false,"draft":false,"is_released":true,"release_date":null,"prerequisite":false,"total_post_count":0,"discussions_enabled":true,"meta_data":{"duration_in_seconds":155},"expand_enabled":false,"lesson_type_label":null,"lesson_type_icon":null,"default_lesson_type_label":"Video","default_lesson_type_icon":"video","under_construction":false},{"id":5972454,"position":3,"chapter_id":1637285,"name":"Ingraining a Vertical Backswing","contentable_type":"Lesson","slug":"5972454-ingraining-a-vertical-backswing","is_free_trial":false,"next_content_id":5945542,"next_content_slug":"5945542-check-in","next_content_type":"Survey","display_name":"Video","contentable":2075727,"contentable_id":2075727,"payment_required":false,"draft":false,"is_released":true,"release_date":null,"prerequisite":false,"total_post_count":1,"discussions_enabled":true,"meta_data":{"duration_in_seconds":257},"expand_enabled":false,"lesson_type_label":null,"lesson_type_icon":null,"default_lesson_type_label":"Video","default_lesson_type_icon":"video","under_construction":false},{"id":5945542,"position":4,"chapter_id":1637285,"name":"Check-In","contentable_type":"Survey","slug":"5945542-check-in","is_free_trial":false,"next_content_id":5945543,"next_content_slug":"5945543-phase-2-club-and-hand-position","next_content_type":"HtmlItem","display_name":"Survey","contentable":246250,"contentable_id":246250,"payment_required":false,"draft":false,"is_released":true,"release_date":null,"prerequisite":false,"total_post_count":0,"discussions_enabled":true,"meta_data":{"question_count":2},"expand_enabled":false,"lesson_type_label":null,"lesson_type_icon":null,"default_lesson_type_label":"Survey","default_lesson_type_icon":"survey","under_construction":false},{"id":5945543,"position":0,"chapter_id":1637286,"name":"PHASE 2: Club and Hand Position","contentable_type":"HtmlItem","slug":"5945543-phase-2-club-and-hand-position","is_free_trial":false,"next_content_id":5945544,"next_content_slug":"5945544-club-behind-hands-with-wrist-conditions","next_content_type":"Lesson","display_name":"Text","contentable":1622223,"contentable_id":1622223,"payment_required":false,"draft":false,"is_released":true,"release_date":null,"prerequisite":false,"total_post_count":0,"discussions_enabled":true,"meta_data":null,"expand_enabled":false,"lesson_type_label":null,"lesson_type_icon":null,"default_lesson_type_label":"Text","default_lesson_type_icon":"text","under_construction":false},{"id":5945544,"position":1,"chapter_id":1637286,"name":"Club Behind Hands With Wrist Conditions","contentable_type":"Lesson","slug":"5945544-club-behind-hands-with-wrist-conditions","is_free_trial":false,"next_content_id":5945545,"next_content_slug":"5945545-hanger-drill","next_content_type":"Lesson","display_name":"Video","contentable":2065081,"contentable_id":2065081,"payment_required":false,"draft":false,"is_released":true,"release_date":null,"prerequisite":false,"total_post_count":0,"discussions_enabled":true,"meta_data":{"duration_in_seconds":126},"expand_enabled":false,"lesson_type_label":null,"lesson_type_icon":null,"default_lesson_type_label":"Video","default_lesson_type_icon":"video","under_construction":false},{"id":5945545,"position":2,"chapter_id":1637286,"name":"Hanger Drill","contentable_type":"Lesson","slug":"5945545-hanger-drill","is_free_trial":false,"next_content_id":5945546,"next_content_slug":"5945546-check-in","next_content_type":"Survey","display_name":"Video","contentable":2065082,"contentable_id":2065082,"payment_required":false,"draft":false,"is_released":true,"release_date":null,"prerequisite":false,"total_post_count":0,"discussions_enabled":true,"meta_data":{"duration_in_seconds":85},"expand_enabled":false,"lesson_type_label":null,"lesson_type_icon":null,"default_lesson_type_label":"Video","default_lesson_type_icon":"video","under_construction":false},{"id":5945546,"position":3,"chapter_id":1637286,"name":"Check-In","contentable_type":"Survey","slug":"5945546-check-in","is_free_trial":false,"next_content_id":5945547,"next_content_slug":"5945547-shallowing","next_content_type":"HtmlItem","display_name":"Survey","contentable":246251,"contentable_id":246251,"payment_required":false,"draft":false,"is_released":true,"release_date":null,"prerequisite":false,"total_post_count":0,"discussions_enabled":true,"meta_data":{"question_count":2},"expand_enabled":false,"lesson_type_label":null,"lesson_type_icon":null,"default_lesson_type_label":"Survey","default_lesson_type_icon":"survey","under_construction":false},{"id":5945547,"position":0,"chapter_id":1637287,"name":"Shallowing","contentable_type":"HtmlItem","slug":"5945547-shallowing","is_free_trial":false,"next_content_id":5945548,"next_content_slug":"5945548-hand-and-club-path-drill","next_content_type":"Lesson","display_name":"Text","contentable":1622224,"contentable_id":1622224,"payment_required":false,"draft":false,"is_released":true,"release_date":null,"prerequisite":false,"total_post_count":0,"discussions_enabled":true,"meta_data":null,"expand_enabled":false,"lesson_type_label":null,"lesson_type_icon":null,"default_lesson_type_label":"Text","default_lesson_type_icon":"text","under_construction":false},{"id":5945548,"position":1,"chapter_id":1637287,"name":"Hand and Club Path Drill","contentable_type":"Lesson","slug":"5945548-hand-and-club-path-drill","is_free_trial":false,"next_content_id":6024711,"next_content_slug":"6024711-alignment-rod-drill","next_content_type":"Lesson","display_name":"Video","contentable":2065083,"contentable_id":2065083,"payment_required":false,"draft":false,"is_released":true,"release_date":null,"prerequisite":false,"total_post_count":0,"discussions_enabled":true,"meta_data":{"duration_in_seconds":46},"expand_enabled":false,"lesson_type_label":null,"lesson_type_icon":null,"default_lesson_type_label":"Video","default_lesson_type_icon":"video","under_construction":false},{"id":6024711,"position":2,"chapter_id":1637287,"name":"Alignment Rod Drill","contentable_type":"Lesson","slug":"6024711-alignment-rod-drill","is_free_trial":false,"next_content_id":5945550,"next_content_slug":"5945550-check-in","next_content_type":"Survey","display_name":"Video","contentable":2098616,"contentable_id":2098616,"payment_required":false,"draft":false,"is_released":true,"release_date":null,"prerequisite":false,"total_post_count":0,"discussions_enabled":true,"meta_data":{"duration_in_seconds":104},"expand_enabled":false,"lesson_type_label":null,"lesson_type_icon":null,"default_lesson_type_label":"Video","default_lesson_type_icon":"video","under_construction":false},{"id":5945550,"position":3,"chapter_id":1637287,"name":"Check-In","contentable_type":"Survey","slug":"5945550-check-in","is_free_trial":false,"next_content_id":5945551,"next_content_slug":"5945551-pressure-shift","next_content_type":"HtmlItem","display_name":"Survey","contentable":246252,"contentable_id":246252,"payment_required":false,"draft":false,"is_released":true,"release_date":null,"prerequisite":false,"total_post_count":0,"discussions_enabled":true,"meta_data":{"question_count":2},"expand_enabled":false,"lesson_type_label":null,"lesson_type_icon":null,"default_lesson_type_label":"Survey","default_lesson_type_icon":"survey","under_construction":false},{"id":5945551,"position":0,"chapter_id":1637288,"name":"Pressure Shift","contentable_type":"HtmlItem","slug":"5945551-pressure-shift","is_free_trial":false,"next_content_id":5945552,"next_content_slug":"5945552-downswing-pressure-shift-drill","next_content_type":"Lesson","display_name":"Text","contentable":1622225,"contentable_id":1622225,"payment_required":false,"draft":false,"is_released":true,"release_date":null,"prerequisite":false,"total_post_count":0,"discussions_enabled":true,"meta_data":null,"expand_enabled":false,"lesson_type_label":null,"lesson_type_icon":null,"default_lesson_type_label":"Text","default_lesson_type_icon":"text","under_construction":false},{"id":5945552,"position":1,"chapter_id":1637288,"name":"Downswing Pressure Shift Drill","contentable_type":"Lesson","slug":"5945552-downswing-pressure-shift-drill","is_free_trial":false,"next_content_id":5945554,"next_content_slug":"5945554-check-in","next_content_type":"Survey","display_name":"Video","contentable":2065085,"contentable_id":2065085,"payment_required":false,"draft":false,"is_released":true,"release_date":null,"prerequisite":false,"total_post_count":0,"discussions_enabled":true,"meta_data":{"duration_in_seconds":211},"expand_enabled":false,"lesson_type_label":null,"lesson_type_icon":null,"default_lesson_type_label":"Video","default_lesson_type_icon":"video","under_construction":false},{"id":5945554,"position":3,"chapter_id":1637288,"name":"Check-In","contentable_type":"Survey","slug":"5945554-check-in","is_free_trial":false,"next_content_id":6024758,"next_content_slug":"6024758-speed-work","next_content_type":"HtmlItem","display_name":"Survey","contentable":246253,"contentable_id":246253,"payment_required":false,"draft":false,"is_released":true,"release_date":null,"prerequisite":false,"total_post_count":0,"discussions_enabled":true,"meta_data":{"question_count":3},"expand_enabled":false,"lesson_type_label":null,"lesson_type_icon":null,"default_lesson_type_label":"Survey","default_lesson_type_icon":"survey","under_construction":false},{"id":6024758,"position":2,"chapter_id":1655913,"name":"Speed Work","contentable_type":"HtmlItem","slug":"6024758-speed-work","is_free_trial":false,"next_content_id":6024761,"next_content_slug":"6024761-level-1","next_content_type":"HtmlItem","display_name":"Text","contentable":1640848,"contentable_id":1640848,"payment_required":false,"draft":false,"is_released":true,"release_date":null,"prerequisite":false,"total_post_count":0,"discussions_enabled":true,"meta_data":null,"expand_enabled":false,"lesson_type_label":null,"lesson_type_icon":null,"default_lesson_type_label":"Text","default_lesson_type_icon":"text","under_construction":false},{"id":6024761,"position":3,"chapter_id":1655913,"name":"Level 1","contentable_type":"HtmlItem","slug":"6024761-level-1","is_free_trial":false,"next_content_id":6024763,"next_content_slug":"6024763-level-2","next_content_type":"HtmlItem","display_name":"Text","contentable":1640850,"contentable_id":1640850,"payment_required":false,"draft":false,"is_released":true,"release_date":null,"prerequisite":false,"total_post_count":0,"discussions_enabled":false,"meta_data":null,"expand_enabled":false,"lesson_type_label":null,"lesson_type_icon":null,"default_lesson_type_label":"Text","default_lesson_type_icon":"text","under_construction":false},{"id":6024763,"position":4,"chapter_id":1655913,"name":"Level 2","contentable_type":"HtmlItem","slug":"6024763-level-2","is_free_trial":false,"next_content_id":null,"next_content_slug":null,"next_content_type":null,"display_name":"Text","contentable":1640852,"contentable_id":1640852,"payment_required":false,"draft":false,"is_released":true,"release_date":null,"prerequisite":false,"total_post_count":0,"discussions_enabled":false,"meta_data":null,"expand_enabled":false,"lesson_type_label":null,"lesson_type_icon":null,"default_lesson_type_label":"Text","default_lesson_type_icon":"text","under_construction":false}],"chapters":[{"id":1637284,"name":"Building Speed For Free","position":0,"course_id":402877,"content_ids":[5945537,5945538,5972442]},{"id":1637285,"name":"PHASE 1: Backswing Speed Keys","position":1,"course_id":402877,"content_ids":[5945539,5945540,5945541,5972454,5945542]},{"id":1637286,"name":"PHASE 2: Club and Hand Position","position":2,"course_id":402877,"content_ids":[5945543,5945544,5945545,5945546]},{"id":1637287,"name":"PHASE 3: Shallowing","position":3,"course_id":402877,"content_ids":[5945547,5945548,6024711,5945550]},{"id":1637288,"name":"PHASE 4: Pressure Shift","position":4,"course_id":402877,"content_ids":[5945551,5945552,5945554]},{"id":1655913,"name":"BONUS PHASE: Speed Work","position":5,"course_id":402877,"content_ids":[6024758,6024761,6024763]}]}