{"course":{"id":402895,"name":"Accuracy \u0026 Consistency Quick Fix","slug":"quick-fix-accuracy-consistency","landing_page_url":"https://www.cogornogolf.com/courses/quick-fix-accuracy-consistency","checkout_page_url":"https://www.cogornogolf.com/enroll/424960","site_twitter_handle":"","support_email":"service@cogornogolf.com","subdomain":"cogornogolf","product_id":424960,"use_linkedin_profile_certification":false,"completion_page_html":"\u003cdiv class=\"fr-view\"\u003e\u003cp\u003eCongrats on sticking to the process!\u0026nbsp;\u003c/p\u003e\u003c/div\u003e","use_custom_completion_page_html":false,"reviews_enabled":false,"goals_enabled":false,"autoplay_all_videos":true,"require_video_completion":false,"video_completion_percentage":"100","disable_chapter_completed_modal":false,"theme":"course_player_white","primary_color":null,"font":null,"logo":null,"show_logo":true,"disable_text_selection":false,"hide_lesson_type_label_and_icon":false,"hide_lesson_type_icon":false,"is_onboarding_demo_course":false,"social_share_course_completion_overridden":false,"social_share_chapter_completion_overridden":false,"social_share_message":null,"facebook_shared_landing_page_url":"https://www.cogornogolf.com/geg6k","linkedin_shared_landing_page_url":"https://www.cogornogolf.com/l1y47","twitter_shared_landing_page_url":"https://www.cogornogolf.com/j71ao","shared_landing_page_url":"https://www.cogornogolf.com/kdxs7","chapter_ids":[1637375,1637376,1637377,1637378]},"contents":[{"id":5945866,"position":0,"chapter_id":1637375,"name":"Overview","contentable_type":"HtmlItem","slug":"5945866-overview","is_free_trial":false,"next_content_id":5945870,"next_content_slug":"5945870-identifying-your-ball-pattern","next_content_type":"Lesson","display_name":"Text","contentable":1622312,"contentable_id":1622312,"payment_required":false,"draft":false,"is_released":true,"release_date":null,"prerequisite":false,"total_post_count":0,"discussions_enabled":true,"meta_data":null,"expand_enabled":false,"lesson_type_label":null,"lesson_type_icon":null,"default_lesson_type_label":"Text","default_lesson_type_icon":"text","under_construction":false},{"id":5945870,"position":1,"chapter_id":1637375,"name":"Identifying Your Ball Pattern","contentable_type":"Lesson","slug":"5945870-identifying-your-ball-pattern","is_free_trial":false,"next_content_id":5945869,"next_content_slug":"5945869-block-skill-game","next_content_type":"Lesson","display_name":"Video","contentable":2065243,"contentable_id":2065243,"payment_required":false,"draft":false,"is_released":true,"release_date":null,"prerequisite":false,"total_post_count":0,"discussions_enabled":true,"meta_data":{"duration_in_seconds":322},"expand_enabled":false,"lesson_type_label":null,"lesson_type_icon":null,"default_lesson_type_label":"Video","default_lesson_type_icon":"video","under_construction":false},{"id":5945869,"position":2,"chapter_id":1637375,"name":"Block, Skill, Game","contentable_type":"Lesson","slug":"5945869-block-skill-game","is_free_trial":false,"next_content_id":5945867,"next_content_slug":"5945867-how-to-structure-practice","next_content_type":"Lesson","display_name":"Video","contentable":2065242,"contentable_id":2065242,"payment_required":false,"draft":false,"is_released":true,"release_date":null,"prerequisite":false,"total_post_count":1,"discussions_enabled":true,"meta_data":{"duration_in_seconds":204},"expand_enabled":false,"lesson_type_label":null,"lesson_type_icon":null,"default_lesson_type_label":"Video","default_lesson_type_icon":"video","under_construction":false},{"id":5945873,"position":2,"chapter_id":1637375,"name":"Driver General Pattern","contentable_type":"Lesson","slug":"5945873-driver-general-pattern","is_free_trial":false,"next_content_id":5945867,"next_content_slug":"5945867-how-to-structure-practice","next_content_type":"Lesson","display_name":"Video","contentable":2065244,"contentable_id":2065244,"payment_required":false,"draft":false,"is_released":true,"release_date":null,"prerequisite":false,"total_post_count":0,"discussions_enabled":true,"meta_data":{"duration_in_seconds":247},"expand_enabled":false,"lesson_type_label":null,"lesson_type_icon":null,"default_lesson_type_label":"Video","default_lesson_type_icon":"video","under_construction":false},{"id":5945867,"position":3,"chapter_id":1637375,"name":"How To Structure Practice","contentable_type":"Lesson","slug":"5945867-how-to-structure-practice","is_free_trial":false,"next_content_id":5945868,"next_content_slug":"5945868-block-skill-for-consistency","next_content_type":"HtmlItem","display_name":"Video","contentable":2065241,"contentable_id":2065241,"payment_required":false,"draft":false,"is_released":true,"release_date":null,"prerequisite":false,"total_post_count":0,"discussions_enabled":true,"meta_data":{"duration_in_seconds":184},"expand_enabled":false,"lesson_type_label":null,"lesson_type_icon":null,"default_lesson_type_label":"Video","default_lesson_type_icon":"video","under_construction":false},{"id":5945868,"position":1,"chapter_id":1637376,"name":"Block Skill For Consistency","contentable_type":"HtmlItem","slug":"5945868-block-skill-for-consistency","is_free_trial":false,"next_content_id":5945874,"next_content_slug":"5945874-block-mechanics-for-consistency","next_content_type":"Lesson","display_name":"Text","contentable":1622313,"contentable_id":1622313,"payment_required":false,"draft":false,"is_released":true,"release_date":null,"prerequisite":false,"total_post_count":0,"discussions_enabled":true,"meta_data":null,"expand_enabled":false,"lesson_type_label":null,"lesson_type_icon":null,"default_lesson_type_label":"Text","default_lesson_type_icon":"text","under_construction":false},{"id":5945874,"position":2,"chapter_id":1637376,"name":"Block Mechanics For Consistency","contentable_type":"Lesson","slug":"5945874-block-mechanics-for-consistency","is_free_trial":false,"next_content_id":5966984,"next_content_slug":"5966984-consistency-myths","next_content_type":"Lesson","display_name":"Video","contentable":2065245,"contentable_id":2065245,"payment_required":false,"draft":false,"is_released":true,"release_date":null,"prerequisite":false,"total_post_count":0,"discussions_enabled":true,"meta_data":{"duration_in_seconds":148},"expand_enabled":false,"lesson_type_label":null,"lesson_type_icon":null,"default_lesson_type_label":"Video","default_lesson_type_icon":"video","under_construction":false},{"id":5966984,"position":3,"chapter_id":1637376,"name":"Consistency Myths","contentable_type":"Lesson","slug":"5966984-consistency-myths","is_free_trial":false,"next_content_id":5945872,"next_content_slug":"5945872-skill-work-for-consistency","next_content_type":"HtmlItem","display_name":"Video","contentable":2073666,"contentable_id":2073666,"payment_required":false,"draft":false,"is_released":true,"release_date":null,"prerequisite":false,"total_post_count":0,"discussions_enabled":true,"meta_data":{"duration_in_seconds":193},"expand_enabled":false,"lesson_type_label":null,"lesson_type_icon":null,"default_lesson_type_label":"Video","default_lesson_type_icon":"video","under_construction":false},{"id":5945872,"position":0,"chapter_id":1637377,"name":"Skill Work For Consistency","contentable_type":"HtmlItem","slug":"5945872-skill-work-for-consistency","is_free_trial":false,"next_content_id":5945877,"next_content_slug":"5945877-irons-practice-direction-control-fade","next_content_type":"Lesson","display_name":"Text","contentable":1622314,"contentable_id":1622314,"payment_required":false,"draft":false,"is_released":true,"release_date":null,"prerequisite":false,"total_post_count":0,"discussions_enabled":true,"meta_data":null,"expand_enabled":false,"lesson_type_label":null,"lesson_type_icon":null,"default_lesson_type_label":"Text","default_lesson_type_icon":"text","under_construction":false},{"id":5945877,"position":1,"chapter_id":1637377,"name":"Irons Practice Direction Control: Fade","contentable_type":"Lesson","slug":"5945877-irons-practice-direction-control-fade","is_free_trial":false,"next_content_id":5945878,"next_content_slug":"5945878-irons-practice-direction-control-draw","next_content_type":"Lesson","display_name":"Video","contentable":2065246,"contentable_id":2065246,"payment_required":false,"draft":false,"is_released":true,"release_date":null,"prerequisite":false,"total_post_count":0,"discussions_enabled":true,"meta_data":{"duration_in_seconds":334},"expand_enabled":false,"lesson_type_label":null,"lesson_type_icon":null,"default_lesson_type_label":"Video","default_lesson_type_icon":"video","under_construction":false},{"id":5945878,"position":2,"chapter_id":1637377,"name":"Irons Practice Direction Control: Draw","contentable_type":"Lesson","slug":"5945878-irons-practice-direction-control-draw","is_free_trial":false,"next_content_id":5966992,"next_content_slug":"5966992-irons-practice-direction-control-advanced-skills","next_content_type":"Lesson","display_name":"Video","contentable":2065247,"contentable_id":2065247,"payment_required":false,"draft":false,"is_released":true,"release_date":null,"prerequisite":false,"total_post_count":0,"discussions_enabled":true,"meta_data":{"duration_in_seconds":815},"expand_enabled":false,"lesson_type_label":null,"lesson_type_icon":null,"default_lesson_type_label":"Video","default_lesson_type_icon":"video","under_construction":false},{"id":5966992,"position":3,"chapter_id":1637377,"name":"Irons Practice Direction Control: Advanced Skills","contentable_type":"Lesson","slug":"5966992-irons-practice-direction-control-advanced-skills","is_free_trial":false,"next_content_id":5966994,"next_content_slug":"5966994-driver-finding-fairways-and-creating-a-ball-pattern","next_content_type":"Lesson","display_name":"Video","contentable":2073670,"contentable_id":2073670,"payment_required":false,"draft":false,"is_released":true,"release_date":null,"prerequisite":false,"total_post_count":0,"discussions_enabled":true,"meta_data":{"duration_in_seconds":561},"expand_enabled":false,"lesson_type_label":null,"lesson_type_icon":null,"default_lesson_type_label":"Video","default_lesson_type_icon":"video","under_construction":false},{"id":5966994,"position":4,"chapter_id":1637377,"name":"Driver: Finding Fairways and Creating A Ball Pattern","contentable_type":"Lesson","slug":"5966994-driver-finding-fairways-and-creating-a-ball-pattern","is_free_trial":false,"next_content_id":5945876,"next_content_slug":"5945876-practicing-game-like-conditions","next_content_type":"HtmlItem","display_name":"Video","contentable":2073672,"contentable_id":2073672,"payment_required":false,"draft":false,"is_released":true,"release_date":null,"prerequisite":false,"total_post_count":0,"discussions_enabled":true,"meta_data":{"duration_in_seconds":648},"expand_enabled":false,"lesson_type_label":null,"lesson_type_icon":null,"default_lesson_type_label":"Video","default_lesson_type_icon":"video","under_construction":false},{"id":5945876,"position":0,"chapter_id":1637378,"name":"Practicing Game-Like Conditions","contentable_type":"HtmlItem","slug":"5945876-practicing-game-like-conditions","is_free_trial":false,"next_content_id":5945881,"next_content_slug":"5945881-course-management-approach-shot","next_content_type":"Lesson","display_name":"Text","contentable":1622315,"contentable_id":1622315,"payment_required":false,"draft":false,"is_released":true,"release_date":null,"prerequisite":false,"total_post_count":0,"discussions_enabled":true,"meta_data":null,"expand_enabled":false,"lesson_type_label":null,"lesson_type_icon":null,"default_lesson_type_label":"Text","default_lesson_type_icon":"text","under_construction":false},{"id":5945881,"position":1,"chapter_id":1637378,"name":"Course Management: Approach Shot","contentable_type":"Lesson","slug":"5945881-course-management-approach-shot","is_free_trial":false,"next_content_id":5945882,"next_content_slug":"5945882-course-management-tee-shot","next_content_type":"Lesson","display_name":"Video","contentable":2065248,"contentable_id":2065248,"payment_required":false,"draft":false,"is_released":true,"release_date":null,"prerequisite":false,"total_post_count":0,"discussions_enabled":true,"meta_data":{"duration_in_seconds":259},"expand_enabled":false,"lesson_type_label":null,"lesson_type_icon":null,"default_lesson_type_label":"Video","default_lesson_type_icon":"video","under_construction":false},{"id":5945882,"position":2,"chapter_id":1637378,"name":"Course Management: Tee Shot","contentable_type":"Lesson","slug":"5945882-course-management-tee-shot","is_free_trial":false,"next_content_id":5967029,"next_content_slug":"5967029-course-management-punch-shot","next_content_type":"Lesson","display_name":"Video","contentable":2065249,"contentable_id":2065249,"payment_required":false,"draft":false,"is_released":true,"release_date":null,"prerequisite":false,"total_post_count":0,"discussions_enabled":true,"meta_data":{"duration_in_seconds":218},"expand_enabled":false,"lesson_type_label":null,"lesson_type_icon":null,"default_lesson_type_label":"Video","default_lesson_type_icon":"video","under_construction":false},{"id":5967029,"position":3,"chapter_id":1637378,"name":"Course Management: Punch Shot","contentable_type":"Lesson","slug":"5967029-course-management-punch-shot","is_free_trial":false,"next_content_id":null,"next_content_slug":null,"next_content_type":null,"display_name":"Video","contentable":2073699,"contentable_id":2073699,"payment_required":false,"draft":false,"is_released":true,"release_date":null,"prerequisite":false,"total_post_count":0,"discussions_enabled":true,"meta_data":{"duration_in_seconds":289},"expand_enabled":false,"lesson_type_label":null,"lesson_type_icon":null,"default_lesson_type_label":"Video","default_lesson_type_icon":"video","under_construction":false}],"chapters":[{"id":1637375,"name":"Practicing For Consistency and Accuracy","position":0,"course_id":402895,"content_ids":[5945866,5945870,5945869,5945873,5945867]},{"id":1637376,"name":"Block","position":1,"course_id":402895,"content_ids":[5945868,5945874,5966984]},{"id":1637377,"name":"Skill","position":2,"course_id":402895,"content_ids":[5945872,5945877,5945878,5966992,5966994]},{"id":1637378,"name":"Game","position":3,"course_id":402895,"content_ids":[5945876,5945881,5945882,5967029]}]}