{"course":{"id":402894,"name":"Course Mgmt Basics","slug":"quick-fix-course-mgmt","landing_page_url":"https://www.cogornogolf.com/courses/quick-fix-course-mgmt","checkout_page_url":"https://www.cogornogolf.com/enroll/424959","site_twitter_handle":"","support_email":"service@cogornogolf.com","subdomain":"cogornogolf","product_id":424959,"use_linkedin_profile_certification":false,"completion_page_html":"\u003cdiv class=\"fr-view\"\u003e\u003cp\u003eCongrats on sticking to the process!\u0026nbsp;\u003c/p\u003e\u003c/div\u003e","use_custom_completion_page_html":false,"reviews_enabled":false,"goals_enabled":false,"autoplay_all_videos":true,"require_video_completion":false,"video_completion_percentage":"100","disable_chapter_completed_modal":false,"theme":"course_player_white","primary_color":null,"font":null,"logo":null,"show_logo":true,"disable_text_selection":false,"hide_lesson_type_label_and_icon":false,"hide_lesson_type_icon":false,"is_onboarding_demo_course":false,"social_share_course_completion_overridden":false,"social_share_chapter_completion_overridden":false,"social_share_message":null,"facebook_shared_landing_page_url":"https://www.cogornogolf.com/b7qu8","linkedin_shared_landing_page_url":"https://www.cogornogolf.com/654hu","twitter_shared_landing_page_url":"https://www.cogornogolf.com/7yfra","shared_landing_page_url":"https://www.cogornogolf.com/vn6dh","chapter_ids":[1637370,1637371,1637372]},"contents":[{"id":5945847,"position":0,"chapter_id":1637370,"name":"Overview","contentable_type":"HtmlItem","slug":"5945847-overview","is_free_trial":false,"next_content_id":5945848,"next_content_slug":"5945848-driver-pre-shot","next_content_type":"Lesson","display_name":"Text","contentable":1622306,"contentable_id":1622306,"payment_required":false,"draft":false,"is_released":true,"release_date":null,"prerequisite":false,"total_post_count":0,"discussions_enabled":true,"meta_data":null,"expand_enabled":false,"lesson_type_label":null,"lesson_type_icon":null,"default_lesson_type_label":"Text","default_lesson_type_icon":"text","under_construction":false},{"id":5945848,"position":1,"chapter_id":1637370,"name":"Driver Pre-Shot","contentable_type":"Lesson","slug":"5945848-driver-pre-shot","is_free_trial":false,"next_content_id":5945849,"next_content_slug":"5945849-full-shot-variables","next_content_type":"HtmlItem","display_name":"Video","contentable":2065232,"contentable_id":2065232,"payment_required":false,"draft":false,"is_released":true,"release_date":null,"prerequisite":false,"total_post_count":0,"discussions_enabled":true,"meta_data":{"duration_in_seconds":253},"expand_enabled":false,"lesson_type_label":null,"lesson_type_icon":null,"default_lesson_type_label":"Video","default_lesson_type_icon":"video","under_construction":false},{"id":5945849,"position":0,"chapter_id":1637371,"name":"Full Shot Variables","contentable_type":"HtmlItem","slug":"5945849-full-shot-variables","is_free_trial":false,"next_content_id":5945850,"next_content_slug":"5945850-tee-shot-factors","next_content_type":"Lesson","display_name":"Text","contentable":1622307,"contentable_id":1622307,"payment_required":false,"draft":false,"is_released":true,"release_date":null,"prerequisite":false,"total_post_count":0,"discussions_enabled":true,"meta_data":null,"expand_enabled":false,"lesson_type_label":null,"lesson_type_icon":null,"default_lesson_type_label":"Text","default_lesson_type_icon":"text","under_construction":false},{"id":5945850,"position":1,"chapter_id":1637371,"name":"Tee Shot Factors","contentable_type":"Lesson","slug":"5945850-tee-shot-factors","is_free_trial":false,"next_content_id":5945851,"next_content_slug":"5945851-approach-shot-factors","next_content_type":"Lesson","display_name":"Video","contentable":2065233,"contentable_id":2065233,"payment_required":false,"draft":false,"is_released":true,"release_date":null,"prerequisite":false,"total_post_count":0,"discussions_enabled":true,"meta_data":{"duration_in_seconds":218},"expand_enabled":false,"lesson_type_label":null,"lesson_type_icon":null,"default_lesson_type_label":"Video","default_lesson_type_icon":"video","under_construction":false},{"id":5945851,"position":2,"chapter_id":1637371,"name":"Approach Shot Factors","contentable_type":"Lesson","slug":"5945851-approach-shot-factors","is_free_trial":false,"next_content_id":5945853,"next_content_slug":"5945853-phase-2","next_content_type":"HtmlItem","display_name":"Video","contentable":2065234,"contentable_id":2065234,"payment_required":false,"draft":false,"is_released":true,"release_date":null,"prerequisite":false,"total_post_count":1,"discussions_enabled":true,"meta_data":{"duration_in_seconds":259},"expand_enabled":false,"lesson_type_label":null,"lesson_type_icon":null,"default_lesson_type_label":"Video","default_lesson_type_icon":"video","under_construction":false},{"id":5945853,"position":0,"chapter_id":1637372,"name":"PHASE 2:","contentable_type":"HtmlItem","slug":"5945853-phase-2","is_free_trial":false,"next_content_id":5945854,"next_content_slug":"5945854-tucked-pin","next_content_type":"Lesson","display_name":"Text","contentable":1622308,"contentable_id":1622308,"payment_required":false,"draft":false,"is_released":true,"release_date":null,"prerequisite":false,"total_post_count":0,"discussions_enabled":true,"meta_data":null,"expand_enabled":false,"lesson_type_label":null,"lesson_type_icon":null,"default_lesson_type_label":"Text","default_lesson_type_icon":"text","under_construction":false},{"id":5945854,"position":1,"chapter_id":1637372,"name":"Tucked Pin","contentable_type":"Lesson","slug":"5945854-tucked-pin","is_free_trial":false,"next_content_id":5945858,"next_content_slug":"5945858-punch-shot","next_content_type":"Lesson","display_name":"Video","contentable":2065235,"contentable_id":2065235,"payment_required":false,"draft":false,"is_released":true,"release_date":null,"prerequisite":false,"total_post_count":0,"discussions_enabled":true,"meta_data":{"duration_in_seconds":203},"expand_enabled":false,"lesson_type_label":null,"lesson_type_icon":null,"default_lesson_type_label":"Video","default_lesson_type_icon":"video","under_construction":false},{"id":5945858,"position":2,"chapter_id":1637372,"name":"Punch Shot","contentable_type":"Lesson","slug":"5945858-punch-shot","is_free_trial":false,"next_content_id":5945859,"next_content_slug":"5945859-chipping-over-bunker","next_content_type":"Lesson","display_name":"Video","contentable":2065237,"contentable_id":2065237,"payment_required":false,"draft":false,"is_released":true,"release_date":null,"prerequisite":false,"total_post_count":0,"discussions_enabled":true,"meta_data":{"duration_in_seconds":289},"expand_enabled":false,"lesson_type_label":null,"lesson_type_icon":null,"default_lesson_type_label":"Video","default_lesson_type_icon":"video","under_construction":false},{"id":5945859,"position":3,"chapter_id":1637372,"name":"Chipping Over Bunker","contentable_type":"Lesson","slug":"5945859-chipping-over-bunker","is_free_trial":false,"next_content_id":null,"next_content_slug":null,"next_content_type":null,"display_name":"Video","contentable":2065238,"contentable_id":2065238,"payment_required":false,"draft":false,"is_released":true,"release_date":null,"prerequisite":false,"total_post_count":0,"discussions_enabled":true,"meta_data":{"duration_in_seconds":177},"expand_enabled":false,"lesson_type_label":null,"lesson_type_icon":null,"default_lesson_type_label":"Video","default_lesson_type_icon":"video","under_construction":false}],"chapters":[{"id":1637370,"name":"The Pre Shot","position":0,"course_id":402894,"content_ids":[5945847,5945848]},{"id":1637371,"name":"Full Shot Variables","position":1,"course_id":402894,"content_ids":[5945849,5945850,5945851]},{"id":1637372,"name":"Playing Smart","position":2,"course_id":402894,"content_ids":[5945853,5945854,5945858,5945859]}]}