{"course":{"id":402874,"name":"Flip / Early Release","slug":"quick-fix-flip","landing_page_url":"https://www.cogornogolf.com/courses/quick-fix-flip","checkout_page_url":"https://www.cogornogolf.com/enroll/424939","site_twitter_handle":"","support_email":"service@cogornogolf.com","subdomain":"cogornogolf","product_id":424939,"use_linkedin_profile_certification":false,"completion_page_html":"\u003cdiv class=\"fr-view\"\u003e\u003cp\u003eCongrats on sticking to the process!\u0026nbsp;\u003c/p\u003e\u003c/div\u003e","use_custom_completion_page_html":false,"reviews_enabled":false,"goals_enabled":false,"autoplay_all_videos":true,"require_video_completion":false,"video_completion_percentage":"100","disable_chapter_completed_modal":false,"theme":"course_player_white","primary_color":null,"font":null,"logo":null,"show_logo":true,"disable_text_selection":false,"hide_lesson_type_label_and_icon":false,"hide_lesson_type_icon":false,"is_onboarding_demo_course":false,"social_share_course_completion_overridden":false,"social_share_chapter_completion_overridden":false,"social_share_message":null,"facebook_shared_landing_page_url":"https://www.cogornogolf.com/p9dxf","linkedin_shared_landing_page_url":"https://www.cogornogolf.com/0yyec","twitter_shared_landing_page_url":"https://www.cogornogolf.com/75h6m","shared_landing_page_url":"https://www.cogornogolf.com/ap44y","chapter_ids":[1637269,1637270,1637271,1637272,1637273]},"contents":[{"id":5945482,"position":0,"chapter_id":1637269,"name":"Overview","contentable_type":"HtmlItem","slug":"5945482-overview","is_free_trial":false,"next_content_id":5945483,"next_content_slug":"5945483-what-s-a-flip-and-what-causes-it","next_content_type":"Lesson","display_name":"Text","contentable":1622205,"contentable_id":1622205,"payment_required":false,"draft":false,"is_released":true,"release_date":null,"prerequisite":false,"total_post_count":0,"discussions_enabled":false,"meta_data":null,"expand_enabled":false,"lesson_type_label":null,"lesson_type_icon":null,"default_lesson_type_label":"Text","default_lesson_type_icon":"text","under_construction":false},{"id":5945483,"position":1,"chapter_id":1637269,"name":"What's A Flip and What Causes It","contentable_type":"Lesson","slug":"5945483-what-s-a-flip-and-what-causes-it","is_free_trial":false,"next_content_id":5945484,"next_content_slug":"5945484-open-face","next_content_type":"HtmlItem","display_name":"Video","contentable":2065051,"contentable_id":2065051,"payment_required":false,"draft":false,"is_released":true,"release_date":null,"prerequisite":false,"total_post_count":0,"discussions_enabled":true,"meta_data":{"duration_in_seconds":131},"expand_enabled":false,"lesson_type_label":null,"lesson_type_icon":null,"default_lesson_type_label":"Video","default_lesson_type_icon":"video","under_construction":false},{"id":5945484,"position":0,"chapter_id":1637270,"name":"Open Face","contentable_type":"HtmlItem","slug":"5945484-open-face","is_free_trial":false,"next_content_id":5945485,"next_content_slug":"5945485-open-face-and-the-flip","next_content_type":"Lesson","display_name":"Text","contentable":1622206,"contentable_id":1622206,"payment_required":false,"draft":false,"is_released":true,"release_date":null,"prerequisite":false,"total_post_count":0,"discussions_enabled":false,"meta_data":null,"expand_enabled":false,"lesson_type_label":null,"lesson_type_icon":null,"default_lesson_type_label":"Text","default_lesson_type_icon":"text","under_construction":false},{"id":5945485,"position":1,"chapter_id":1637270,"name":"Open Face and The Flip","contentable_type":"Lesson","slug":"5945485-open-face-and-the-flip","is_free_trial":false,"next_content_id":5945486,"next_content_slug":"5945486-backswing-causes-for-open-face","next_content_type":"Lesson","display_name":"Video","contentable":2065052,"contentable_id":2065052,"payment_required":false,"draft":false,"is_released":true,"release_date":null,"prerequisite":false,"total_post_count":0,"discussions_enabled":true,"meta_data":{"duration_in_seconds":122},"expand_enabled":false,"lesson_type_label":null,"lesson_type_icon":null,"default_lesson_type_label":"Video","default_lesson_type_icon":"video","under_construction":false},{"id":5945486,"position":2,"chapter_id":1637270,"name":"Backswing Causes For Open Face","contentable_type":"Lesson","slug":"5945486-backswing-causes-for-open-face","is_free_trial":false,"next_content_id":5945487,"next_content_slug":"5945487-check-in","next_content_type":"Survey","display_name":"Video","contentable":2065053,"contentable_id":2065053,"payment_required":false,"draft":false,"is_released":true,"release_date":null,"prerequisite":false,"total_post_count":0,"discussions_enabled":true,"meta_data":{"duration_in_seconds":126},"expand_enabled":false,"lesson_type_label":null,"lesson_type_icon":null,"default_lesson_type_label":"Video","default_lesson_type_icon":"video","under_construction":false},{"id":5945487,"position":3,"chapter_id":1637270,"name":"Check-In","contentable_type":"Survey","slug":"5945487-check-in","is_free_trial":false,"next_content_id":5945488,"next_content_slug":"5945488-flexion-and-supination","next_content_type":"HtmlItem","display_name":"Survey","contentable":246238,"contentable_id":246238,"payment_required":false,"draft":false,"is_released":true,"release_date":null,"prerequisite":false,"total_post_count":0,"discussions_enabled":false,"meta_data":{"question_count":2},"expand_enabled":false,"lesson_type_label":null,"lesson_type_icon":null,"default_lesson_type_label":"Survey","default_lesson_type_icon":"survey","under_construction":false},{"id":5945488,"position":0,"chapter_id":1637271,"name":"Flexion and Supination","contentable_type":"HtmlItem","slug":"5945488-flexion-and-supination","is_free_trial":false,"next_content_id":5945489,"next_content_slug":"5945489-adding-flexion-and-supination","next_content_type":"Lesson","display_name":"Text","contentable":1622207,"contentable_id":1622207,"payment_required":false,"draft":false,"is_released":true,"release_date":null,"prerequisite":false,"total_post_count":0,"discussions_enabled":false,"meta_data":null,"expand_enabled":false,"lesson_type_label":null,"lesson_type_icon":null,"default_lesson_type_label":"Text","default_lesson_type_icon":"text","under_construction":false},{"id":5945489,"position":1,"chapter_id":1637271,"name":"Adding Flexion and Supination","contentable_type":"Lesson","slug":"5945489-adding-flexion-and-supination","is_free_trial":false,"next_content_id":5945490,"next_content_slug":"5945490-lead-wrist-flexion-wall-drill","next_content_type":"Lesson","display_name":"Video","contentable":2065054,"contentable_id":2065054,"payment_required":false,"draft":false,"is_released":true,"release_date":null,"prerequisite":false,"total_post_count":0,"discussions_enabled":true,"meta_data":{"duration_in_seconds":183},"expand_enabled":false,"lesson_type_label":null,"lesson_type_icon":null,"default_lesson_type_label":"Video","default_lesson_type_icon":"video","under_construction":false},{"id":5945490,"position":2,"chapter_id":1637271,"name":"Lead Wrist Flexion Wall Drill","contentable_type":"Lesson","slug":"5945490-lead-wrist-flexion-wall-drill","is_free_trial":false,"next_content_id":5945491,"next_content_slug":"5945491-check-in","next_content_type":"Survey","display_name":"Video","contentable":2065055,"contentable_id":2065055,"payment_required":false,"draft":false,"is_released":true,"release_date":null,"prerequisite":false,"total_post_count":0,"discussions_enabled":true,"meta_data":{"duration_in_seconds":113},"expand_enabled":false,"lesson_type_label":null,"lesson_type_icon":null,"default_lesson_type_label":"Video","default_lesson_type_icon":"video","under_construction":false},{"id":5945491,"position":3,"chapter_id":1637271,"name":"Check-In","contentable_type":"Survey","slug":"5945491-check-in","is_free_trial":false,"next_content_id":5945492,"next_content_slug":"5945492-ingraining-supination","next_content_type":"HtmlItem","display_name":"Survey","contentable":246239,"contentable_id":246239,"payment_required":false,"draft":false,"is_released":true,"release_date":null,"prerequisite":false,"total_post_count":0,"discussions_enabled":false,"meta_data":{"question_count":2},"expand_enabled":false,"lesson_type_label":null,"lesson_type_icon":null,"default_lesson_type_label":"Survey","default_lesson_type_icon":"survey","under_construction":false},{"id":5945492,"position":0,"chapter_id":1637272,"name":"Ingraining Supination","contentable_type":"HtmlItem","slug":"5945492-ingraining-supination","is_free_trial":false,"next_content_id":5945493,"next_content_slug":"5945493-supination","next_content_type":"Lesson","display_name":"Text","contentable":1622208,"contentable_id":1622208,"payment_required":false,"draft":false,"is_released":true,"release_date":null,"prerequisite":false,"total_post_count":0,"discussions_enabled":false,"meta_data":null,"expand_enabled":false,"lesson_type_label":null,"lesson_type_icon":null,"default_lesson_type_label":"Text","default_lesson_type_icon":"text","under_construction":false},{"id":5945493,"position":1,"chapter_id":1637272,"name":"Supination","contentable_type":"Lesson","slug":"5945493-supination","is_free_trial":false,"next_content_id":5945494,"next_content_slug":"5945494-supination-drill","next_content_type":"Lesson","display_name":"Video","contentable":2065056,"contentable_id":2065056,"payment_required":false,"draft":false,"is_released":true,"release_date":null,"prerequisite":false,"total_post_count":0,"discussions_enabled":true,"meta_data":{"duration_in_seconds":334},"expand_enabled":false,"lesson_type_label":null,"lesson_type_icon":null,"default_lesson_type_label":"Video","default_lesson_type_icon":"video","under_construction":false},{"id":5945494,"position":3,"chapter_id":1637272,"name":"Supination Drill","contentable_type":"Lesson","slug":"5945494-supination-drill","is_free_trial":false,"next_content_id":5945495,"next_content_slug":"5945495-check-in","next_content_type":"Survey","display_name":"Video","contentable":2065057,"contentable_id":2065057,"payment_required":false,"draft":false,"is_released":true,"release_date":null,"prerequisite":false,"total_post_count":0,"discussions_enabled":true,"meta_data":{"duration_in_seconds":144},"expand_enabled":false,"lesson_type_label":null,"lesson_type_icon":null,"default_lesson_type_label":"Video","default_lesson_type_icon":"video","under_construction":false},{"id":5945495,"position":4,"chapter_id":1637272,"name":"Check-In","contentable_type":"Survey","slug":"5945495-check-in","is_free_trial":false,"next_content_id":5945496,"next_content_slug":"5945496-adding-rotation","next_content_type":"HtmlItem","display_name":"Survey","contentable":246240,"contentable_id":246240,"payment_required":false,"draft":false,"is_released":true,"release_date":null,"prerequisite":false,"total_post_count":0,"discussions_enabled":false,"meta_data":{"question_count":4},"expand_enabled":false,"lesson_type_label":null,"lesson_type_icon":null,"default_lesson_type_label":"Survey","default_lesson_type_icon":"survey","under_construction":false},{"id":5945496,"position":0,"chapter_id":1637273,"name":"Adding Rotation","contentable_type":"HtmlItem","slug":"5945496-adding-rotation","is_free_trial":false,"next_content_id":5945497,"next_content_slug":"5945497-alignment-rod-drill","next_content_type":"Lesson","display_name":"Text","contentable":1622209,"contentable_id":1622209,"payment_required":false,"draft":false,"is_released":true,"release_date":null,"prerequisite":false,"total_post_count":0,"discussions_enabled":false,"meta_data":null,"expand_enabled":false,"lesson_type_label":null,"lesson_type_icon":null,"default_lesson_type_label":"Text","default_lesson_type_icon":"text","under_construction":false},{"id":5945497,"position":1,"chapter_id":1637273,"name":"Alignment Rod Drill","contentable_type":"Lesson","slug":"5945497-alignment-rod-drill","is_free_trial":false,"next_content_id":5945498,"next_content_slug":"5945498-hanger-drill","next_content_type":"Lesson","display_name":"Video","contentable":2065058,"contentable_id":2065058,"payment_required":false,"draft":false,"is_released":true,"release_date":null,"prerequisite":false,"total_post_count":0,"discussions_enabled":true,"meta_data":{"duration_in_seconds":101},"expand_enabled":false,"lesson_type_label":null,"lesson_type_icon":null,"default_lesson_type_label":"Video","default_lesson_type_icon":"video","under_construction":false},{"id":5945498,"position":2,"chapter_id":1637273,"name":"Hanger Drill","contentable_type":"Lesson","slug":"5945498-hanger-drill","is_free_trial":false,"next_content_id":5945499,"next_content_slug":"5945499-check-in","next_content_type":"Survey","display_name":"Video","contentable":2065059,"contentable_id":2065059,"payment_required":false,"draft":false,"is_released":true,"release_date":null,"prerequisite":false,"total_post_count":0,"discussions_enabled":true,"meta_data":{"duration_in_seconds":111},"expand_enabled":false,"lesson_type_label":null,"lesson_type_icon":null,"default_lesson_type_label":"Video","default_lesson_type_icon":"video","under_construction":false},{"id":5945499,"position":3,"chapter_id":1637273,"name":"Check-In","contentable_type":"Survey","slug":"5945499-check-in","is_free_trial":false,"next_content_id":null,"next_content_slug":null,"next_content_type":null,"display_name":"Survey","contentable":246241,"contentable_id":246241,"payment_required":false,"draft":false,"is_released":true,"release_date":null,"prerequisite":false,"total_post_count":0,"discussions_enabled":false,"meta_data":{"question_count":3},"expand_enabled":false,"lesson_type_label":null,"lesson_type_icon":null,"default_lesson_type_label":"Survey","default_lesson_type_icon":"survey","under_construction":false}],"chapters":[{"id":1637269,"name":"Root Causes Of The Flip","position":0,"course_id":402874,"content_ids":[5945482,5945483]},{"id":1637270,"name":"PHASE 1: Open Face","position":1,"course_id":402874,"content_ids":[5945484,5945485,5945486,5945487]},{"id":1637271,"name":"PHASE 2: Flexion and Supination","position":2,"course_id":402874,"content_ids":[5945488,5945489,5945490,5945491]},{"id":1637272,"name":"PHASE 3: Ingraining Supination","position":3,"course_id":402874,"content_ids":[5945492,5945493,5945494,5945495]},{"id":1637273,"name":"PHASE 4: Adding Rotation","position":4,"course_id":402874,"content_ids":[5945496,5945497,5945498,5945499]}]}