{"course":{"id":402884,"name":"Topped/Thin Shots","slug":"quick-fix-topped-thin","landing_page_url":"https://www.cogornogolf.com/courses/quick-fix-topped-thin","checkout_page_url":"https://www.cogornogolf.com/enroll/424949","site_twitter_handle":"","support_email":"service@cogornogolf.com","subdomain":"cogornogolf","product_id":424949,"use_linkedin_profile_certification":false,"completion_page_html":"\u003cdiv class=\"fr-view\"\u003e\u003cp\u003eCongrats on sticking to the process!\u0026nbsp;\u003c/p\u003e\u003c/div\u003e","use_custom_completion_page_html":false,"reviews_enabled":false,"goals_enabled":false,"autoplay_all_videos":true,"require_video_completion":false,"video_completion_percentage":"100","disable_chapter_completed_modal":false,"theme":"course_player_white","primary_color":null,"font":null,"logo":null,"show_logo":true,"disable_text_selection":false,"hide_lesson_type_label_and_icon":false,"hide_lesson_type_icon":false,"is_onboarding_demo_course":false,"social_share_course_completion_overridden":false,"social_share_chapter_completion_overridden":false,"social_share_message":null,"facebook_shared_landing_page_url":"https://www.cogornogolf.com/bf7ma","linkedin_shared_landing_page_url":"https://www.cogornogolf.com/9tjm6","twitter_shared_landing_page_url":"https://www.cogornogolf.com/ohhzd","shared_landing_page_url":"https://www.cogornogolf.com/lksra","chapter_ids":[1637319,1637320,1637321,1637322]},"contents":[{"id":5945665,"position":0,"chapter_id":1637319,"name":"Overview","contentable_type":"HtmlItem","slug":"5945665-overview","is_free_trial":false,"next_content_id":5945666,"next_content_slug":"5945666-you-re-not-picking-your-head-up","next_content_type":"Lesson","display_name":"Text","contentable":1622256,"contentable_id":1622256,"payment_required":false,"draft":false,"is_released":true,"release_date":null,"prerequisite":false,"total_post_count":0,"discussions_enabled":true,"meta_data":null,"expand_enabled":false,"lesson_type_label":null,"lesson_type_icon":null,"default_lesson_type_label":"Text","default_lesson_type_icon":"text","under_construction":false},{"id":5945666,"position":1,"chapter_id":1637319,"name":"You're Not Picking Your Head Up","contentable_type":"Lesson","slug":"5945666-you-re-not-picking-your-head-up","is_free_trial":false,"next_content_id":5945667,"next_content_slug":"5945667-root-causes-of-topping","next_content_type":"HtmlItem","display_name":"Video","contentable":2065142,"contentable_id":2065142,"payment_required":false,"draft":false,"is_released":true,"release_date":null,"prerequisite":false,"total_post_count":0,"discussions_enabled":true,"meta_data":{"duration_in_seconds":229},"expand_enabled":false,"lesson_type_label":null,"lesson_type_icon":null,"default_lesson_type_label":"Video","default_lesson_type_icon":"video","under_construction":false},{"id":5945667,"position":0,"chapter_id":1637320,"name":"Root Causes of Topping","contentable_type":"HtmlItem","slug":"5945667-root-causes-of-topping","is_free_trial":false,"next_content_id":5945668,"next_content_slug":"5945668-root-causes","next_content_type":"Lesson","display_name":"Text","contentable":1622257,"contentable_id":1622257,"payment_required":false,"draft":false,"is_released":true,"release_date":null,"prerequisite":false,"total_post_count":0,"discussions_enabled":true,"meta_data":null,"expand_enabled":false,"lesson_type_label":null,"lesson_type_icon":null,"default_lesson_type_label":"Text","default_lesson_type_icon":"text","under_construction":false},{"id":5945668,"position":1,"chapter_id":1637320,"name":"Root Causes","contentable_type":"Lesson","slug":"5945668-root-causes","is_free_trial":false,"next_content_id":5945669,"next_content_slug":"5945669-addressing-root-causes","next_content_type":"Lesson","display_name":"Video","contentable":2065143,"contentable_id":2065143,"payment_required":false,"draft":false,"is_released":true,"release_date":null,"prerequisite":false,"total_post_count":0,"discussions_enabled":true,"meta_data":{"duration_in_seconds":220},"expand_enabled":false,"lesson_type_label":null,"lesson_type_icon":null,"default_lesson_type_label":"Video","default_lesson_type_icon":"video","under_construction":false},{"id":5945669,"position":2,"chapter_id":1637320,"name":"Addressing Root Causes","contentable_type":"Lesson","slug":"5945669-addressing-root-causes","is_free_trial":false,"next_content_id":5945670,"next_content_slug":"5945670-check-in","next_content_type":"Survey","display_name":"Video","contentable":2065144,"contentable_id":2065144,"payment_required":false,"draft":false,"is_released":true,"release_date":null,"prerequisite":false,"total_post_count":0,"discussions_enabled":true,"meta_data":{"duration_in_seconds":110},"expand_enabled":false,"lesson_type_label":null,"lesson_type_icon":null,"default_lesson_type_label":"Video","default_lesson_type_icon":"video","under_construction":false},{"id":5945670,"position":3,"chapter_id":1637320,"name":"Check-In","contentable_type":"Survey","slug":"5945670-check-in","is_free_trial":false,"next_content_id":5945671,"next_content_slug":"5945671-addressing-your-root-cause","next_content_type":"HtmlItem","display_name":"Survey","contentable":246278,"contentable_id":246278,"payment_required":false,"draft":false,"is_released":true,"release_date":null,"prerequisite":false,"total_post_count":0,"discussions_enabled":true,"meta_data":{"question_count":1},"expand_enabled":false,"lesson_type_label":null,"lesson_type_icon":null,"default_lesson_type_label":"Survey","default_lesson_type_icon":"survey","under_construction":false},{"id":5945671,"position":0,"chapter_id":1637321,"name":"Addressing YOUR Root Cause","contentable_type":"HtmlItem","slug":"5945671-addressing-your-root-cause","is_free_trial":false,"next_content_id":5945672,"next_content_slug":"5945672-eliminating-sway","next_content_type":"Lesson","display_name":"Text","contentable":1622258,"contentable_id":1622258,"payment_required":false,"draft":false,"is_released":true,"release_date":null,"prerequisite":false,"total_post_count":0,"discussions_enabled":true,"meta_data":null,"expand_enabled":false,"lesson_type_label":null,"lesson_type_icon":null,"default_lesson_type_label":"Text","default_lesson_type_icon":"text","under_construction":false},{"id":5945672,"position":1,"chapter_id":1637321,"name":"Eliminating Sway","contentable_type":"Lesson","slug":"5945672-eliminating-sway","is_free_trial":false,"next_content_id":5945673,"next_content_slug":"5945673-correcting-arm-structure","next_content_type":"Lesson","display_name":"Video","contentable":2065145,"contentable_id":2065145,"payment_required":false,"draft":false,"is_released":true,"release_date":null,"prerequisite":false,"total_post_count":0,"discussions_enabled":true,"meta_data":{"duration_in_seconds":323},"expand_enabled":false,"lesson_type_label":null,"lesson_type_icon":null,"default_lesson_type_label":"Video","default_lesson_type_icon":"video","under_construction":false},{"id":5945673,"position":2,"chapter_id":1637321,"name":"Correcting Arm Structure","contentable_type":"Lesson","slug":"5945673-correcting-arm-structure","is_free_trial":false,"next_content_id":5945674,"next_content_slug":"5945674-check-in","next_content_type":"Survey","display_name":"Video","contentable":2065146,"contentable_id":2065146,"payment_required":false,"draft":false,"is_released":true,"release_date":null,"prerequisite":false,"total_post_count":0,"discussions_enabled":true,"meta_data":{"duration_in_seconds":139},"expand_enabled":false,"lesson_type_label":null,"lesson_type_icon":null,"default_lesson_type_label":"Video","default_lesson_type_icon":"video","under_construction":false},{"id":5945674,"position":3,"chapter_id":1637321,"name":"Check-In","contentable_type":"Survey","slug":"5945674-check-in","is_free_trial":false,"next_content_id":5945675,"next_content_slug":"5945675-rotation-and-wrist-conditions","next_content_type":"HtmlItem","display_name":"Survey","contentable":246279,"contentable_id":246279,"payment_required":false,"draft":false,"is_released":true,"release_date":null,"prerequisite":false,"total_post_count":0,"discussions_enabled":true,"meta_data":{"question_count":2},"expand_enabled":false,"lesson_type_label":null,"lesson_type_icon":null,"default_lesson_type_label":"Survey","default_lesson_type_icon":"survey","under_construction":false},{"id":5945675,"position":0,"chapter_id":1637322,"name":"Rotation and Wrist Conditions","contentable_type":"HtmlItem","slug":"5945675-rotation-and-wrist-conditions","is_free_trial":false,"next_content_id":5945676,"next_content_slug":"5945676-incorporating-rotation","next_content_type":"Lesson","display_name":"Text","contentable":1622259,"contentable_id":1622259,"payment_required":false,"draft":false,"is_released":true,"release_date":null,"prerequisite":false,"total_post_count":0,"discussions_enabled":true,"meta_data":null,"expand_enabled":false,"lesson_type_label":null,"lesson_type_icon":null,"default_lesson_type_label":"Text","default_lesson_type_icon":"text","under_construction":false},{"id":5945676,"position":1,"chapter_id":1637322,"name":"Incorporating Rotation","contentable_type":"Lesson","slug":"5945676-incorporating-rotation","is_free_trial":false,"next_content_id":5945677,"next_content_slug":"5945677-rotation-and-wrist-conditions","next_content_type":"Lesson","display_name":"Video","contentable":2065147,"contentable_id":2065147,"payment_required":false,"draft":false,"is_released":true,"release_date":null,"prerequisite":false,"total_post_count":0,"discussions_enabled":true,"meta_data":{"duration_in_seconds":101},"expand_enabled":false,"lesson_type_label":null,"lesson_type_icon":null,"default_lesson_type_label":"Video","default_lesson_type_icon":"video","under_construction":false},{"id":5945677,"position":3,"chapter_id":1637322,"name":"Rotation and Wrist Conditions","contentable_type":"Lesson","slug":"5945677-rotation-and-wrist-conditions","is_free_trial":false,"next_content_id":5945678,"next_content_slug":"5945678-check-in","next_content_type":"Survey","display_name":"Video","contentable":2065148,"contentable_id":2065148,"payment_required":false,"draft":false,"is_released":true,"release_date":null,"prerequisite":false,"total_post_count":0,"discussions_enabled":true,"meta_data":{"duration_in_seconds":86},"expand_enabled":false,"lesson_type_label":null,"lesson_type_icon":null,"default_lesson_type_label":"Video","default_lesson_type_icon":"video","under_construction":false},{"id":5945678,"position":4,"chapter_id":1637322,"name":"Check-In","contentable_type":"Survey","slug":"5945678-check-in","is_free_trial":false,"next_content_id":null,"next_content_slug":null,"next_content_type":null,"display_name":"Survey","contentable":246280,"contentable_id":246280,"payment_required":false,"draft":false,"is_released":true,"release_date":null,"prerequisite":false,"total_post_count":0,"discussions_enabled":true,"meta_data":{"question_count":3},"expand_enabled":false,"lesson_type_label":null,"lesson_type_icon":null,"default_lesson_type_label":"Survey","default_lesson_type_icon":"survey","under_construction":false}],"chapters":[{"id":1637319,"name":"Are You Picking Up Your Head?","position":0,"course_id":402884,"content_ids":[5945665,5945666]},{"id":1637320,"name":"PHASE 1: Root Causes of Topping","position":1,"course_id":402884,"content_ids":[5945667,5945668,5945669,5945670]},{"id":1637321,"name":"PHASE 2: Addressing YOUR Root Cause","position":2,"course_id":402884,"content_ids":[5945671,5945672,5945673,5945674]},{"id":1637322,"name":"PHASE 3: Rotation and Wrist Conditions","position":3,"course_id":402884,"content_ids":[5945675,5945676,5945677,5945678]}]}