{"course":{"id":402883,"name":"Push","slug":"quick-fix-push","landing_page_url":"https://www.cogornogolf.com/courses/quick-fix-push","checkout_page_url":"https://www.cogornogolf.com/enroll/424948","site_twitter_handle":"","support_email":"service@cogornogolf.com","subdomain":"cogornogolf","product_id":424948,"use_linkedin_profile_certification":false,"completion_page_html":"\u003cdiv class=\"fr-view\"\u003e\u003cp\u003eCongrats on sticking to the process!\u0026nbsp;\u003c/p\u003e\u003c/div\u003e","use_custom_completion_page_html":false,"reviews_enabled":false,"goals_enabled":false,"autoplay_all_videos":true,"require_video_completion":false,"video_completion_percentage":"100","disable_chapter_completed_modal":false,"theme":"course_player_white","primary_color":null,"font":null,"logo":null,"show_logo":true,"disable_text_selection":false,"hide_lesson_type_label_and_icon":false,"hide_lesson_type_icon":false,"is_onboarding_demo_course":false,"social_share_course_completion_overridden":false,"social_share_chapter_completion_overridden":false,"social_share_message":null,"facebook_shared_landing_page_url":"https://www.cogornogolf.com/sc2gs","linkedin_shared_landing_page_url":"https://www.cogornogolf.com/0xdwy","twitter_shared_landing_page_url":"https://www.cogornogolf.com/7apce","shared_landing_page_url":"https://www.cogornogolf.com/iz1y1","chapter_ids":[1637315,1637316,1637317,1637318]},"contents":[{"id":5945649,"position":0,"chapter_id":1637315,"name":"Root Setup Causes","contentable_type":"HtmlItem","slug":"5945649-root-setup-causes","is_free_trial":false,"next_content_id":5945650,"next_content_slug":"5945650-root-setup-causes","next_content_type":"Lesson","display_name":"Text","contentable":1622252,"contentable_id":1622252,"payment_required":false,"draft":false,"is_released":true,"release_date":null,"prerequisite":false,"total_post_count":0,"discussions_enabled":true,"meta_data":null,"expand_enabled":false,"lesson_type_label":null,"lesson_type_icon":null,"default_lesson_type_label":"Text","default_lesson_type_icon":"text","under_construction":false},{"id":5945650,"position":1,"chapter_id":1637315,"name":"Root Setup Causes","contentable_type":"Lesson","slug":"5945650-root-setup-causes","is_free_trial":false,"next_content_id":5945651,"next_content_slug":"5945651-correcting-ball-position","next_content_type":"Lesson","display_name":"Video","contentable":2065134,"contentable_id":2065134,"payment_required":false,"draft":false,"is_released":true,"release_date":null,"prerequisite":false,"total_post_count":0,"discussions_enabled":true,"meta_data":{"duration_in_seconds":125},"expand_enabled":false,"lesson_type_label":null,"lesson_type_icon":null,"default_lesson_type_label":"Video","default_lesson_type_icon":"video","under_construction":false},{"id":5945651,"position":2,"chapter_id":1637315,"name":"Correcting Ball Position","contentable_type":"Lesson","slug":"5945651-correcting-ball-position","is_free_trial":false,"next_content_id":5945652,"next_content_slug":"5945652-check-in","next_content_type":"Survey","display_name":"Video","contentable":2065135,"contentable_id":2065135,"payment_required":false,"draft":false,"is_released":true,"release_date":null,"prerequisite":false,"total_post_count":0,"discussions_enabled":true,"meta_data":{"duration_in_seconds":202},"expand_enabled":false,"lesson_type_label":null,"lesson_type_icon":null,"default_lesson_type_label":"Video","default_lesson_type_icon":"video","under_construction":false},{"id":5945652,"position":3,"chapter_id":1637315,"name":"Check-In","contentable_type":"Survey","slug":"5945652-check-in","is_free_trial":false,"next_content_id":5945653,"next_content_slug":"5945653-start-line-and-path","next_content_type":"HtmlItem","display_name":"Survey","contentable":246274,"contentable_id":246274,"payment_required":false,"draft":false,"is_released":true,"release_date":null,"prerequisite":false,"total_post_count":0,"discussions_enabled":true,"meta_data":{"question_count":2},"expand_enabled":false,"lesson_type_label":null,"lesson_type_icon":null,"default_lesson_type_label":"Survey","default_lesson_type_icon":"survey","under_construction":false},{"id":5945653,"position":0,"chapter_id":1637316,"name":"Start Line and Path","contentable_type":"HtmlItem","slug":"5945653-start-line-and-path","is_free_trial":false,"next_content_id":5945654,"next_content_slug":"5945654-correcting-start-line","next_content_type":"Lesson","display_name":"Text","contentable":1622253,"contentable_id":1622253,"payment_required":false,"draft":false,"is_released":true,"release_date":null,"prerequisite":false,"total_post_count":0,"discussions_enabled":true,"meta_data":null,"expand_enabled":false,"lesson_type_label":null,"lesson_type_icon":null,"default_lesson_type_label":"Text","default_lesson_type_icon":"text","under_construction":false},{"id":5945654,"position":1,"chapter_id":1637316,"name":"Correcting Start Line","contentable_type":"Lesson","slug":"5945654-correcting-start-line","is_free_trial":false,"next_content_id":5945655,"next_content_slug":"5945655-correcting-path","next_content_type":"Lesson","display_name":"Video","contentable":2065136,"contentable_id":2065136,"payment_required":false,"draft":false,"is_released":true,"release_date":null,"prerequisite":false,"total_post_count":0,"discussions_enabled":true,"meta_data":{"duration_in_seconds":187},"expand_enabled":false,"lesson_type_label":null,"lesson_type_icon":null,"default_lesson_type_label":"Video","default_lesson_type_icon":"video","under_construction":false},{"id":5945655,"position":2,"chapter_id":1637316,"name":"Correcting Path","contentable_type":"Lesson","slug":"5945655-correcting-path","is_free_trial":false,"next_content_id":5945656,"next_content_slug":"5945656-check-in","next_content_type":"Survey","display_name":"Video","contentable":2065137,"contentable_id":2065137,"payment_required":false,"draft":false,"is_released":true,"release_date":null,"prerequisite":false,"total_post_count":0,"discussions_enabled":true,"meta_data":{"duration_in_seconds":151},"expand_enabled":false,"lesson_type_label":null,"lesson_type_icon":null,"default_lesson_type_label":"Video","default_lesson_type_icon":"video","under_construction":false},{"id":5945656,"position":3,"chapter_id":1637316,"name":"Check-In","contentable_type":"Survey","slug":"5945656-check-in","is_free_trial":false,"next_content_id":5945657,"next_content_slug":"5945657-adding-rotation","next_content_type":"HtmlItem","display_name":"Survey","contentable":246275,"contentable_id":246275,"payment_required":false,"draft":false,"is_released":true,"release_date":null,"prerequisite":false,"total_post_count":0,"discussions_enabled":true,"meta_data":{"question_count":2},"expand_enabled":false,"lesson_type_label":null,"lesson_type_icon":null,"default_lesson_type_label":"Survey","default_lesson_type_icon":"survey","under_construction":false},{"id":5945657,"position":0,"chapter_id":1637317,"name":"Adding Rotation","contentable_type":"HtmlItem","slug":"5945657-adding-rotation","is_free_trial":false,"next_content_id":5945658,"next_content_slug":"5945658-incorporating-rotation","next_content_type":"Lesson","display_name":"Text","contentable":1622254,"contentable_id":1622254,"payment_required":false,"draft":false,"is_released":true,"release_date":null,"prerequisite":false,"total_post_count":0,"discussions_enabled":true,"meta_data":null,"expand_enabled":false,"lesson_type_label":null,"lesson_type_icon":null,"default_lesson_type_label":"Text","default_lesson_type_icon":"text","under_construction":false},{"id":5945658,"position":1,"chapter_id":1637317,"name":"Incorporating Rotation","contentable_type":"Lesson","slug":"5945658-incorporating-rotation","is_free_trial":false,"next_content_id":5945659,"next_content_slug":"5945659-rotation-and-wrist-conditions","next_content_type":"Lesson","display_name":"Video","contentable":2065138,"contentable_id":2065138,"payment_required":false,"draft":false,"is_released":true,"release_date":null,"prerequisite":false,"total_post_count":0,"discussions_enabled":true,"meta_data":{"duration_in_seconds":101},"expand_enabled":false,"lesson_type_label":null,"lesson_type_icon":null,"default_lesson_type_label":"Video","default_lesson_type_icon":"video","under_construction":false},{"id":5945659,"position":3,"chapter_id":1637317,"name":"Rotation and Wrist Conditions","contentable_type":"Lesson","slug":"5945659-rotation-and-wrist-conditions","is_free_trial":false,"next_content_id":5945660,"next_content_slug":"5945660-check-in","next_content_type":"Survey","display_name":"Video","contentable":2065139,"contentable_id":2065139,"payment_required":false,"draft":false,"is_released":true,"release_date":null,"prerequisite":false,"total_post_count":0,"discussions_enabled":true,"meta_data":{"duration_in_seconds":86},"expand_enabled":false,"lesson_type_label":null,"lesson_type_icon":null,"default_lesson_type_label":"Video","default_lesson_type_icon":"video","under_construction":false},{"id":5945660,"position":4,"chapter_id":1637317,"name":"Check-In","contentable_type":"Survey","slug":"5945660-check-in","is_free_trial":false,"next_content_id":5945661,"next_content_slug":"5945661-wrist-work","next_content_type":"HtmlItem","display_name":"Survey","contentable":246276,"contentable_id":246276,"payment_required":false,"draft":false,"is_released":true,"release_date":null,"prerequisite":false,"total_post_count":0,"discussions_enabled":true,"meta_data":{"question_count":2},"expand_enabled":false,"lesson_type_label":null,"lesson_type_icon":null,"default_lesson_type_label":"Survey","default_lesson_type_icon":"survey","under_construction":false},{"id":5945661,"position":0,"chapter_id":1637318,"name":"Wrist Work","contentable_type":"HtmlItem","slug":"5945661-wrist-work","is_free_trial":false,"next_content_id":5945662,"next_content_slug":"5945662-supination","next_content_type":"Lesson","display_name":"Text","contentable":1622255,"contentable_id":1622255,"payment_required":false,"draft":false,"is_released":true,"release_date":null,"prerequisite":false,"total_post_count":0,"discussions_enabled":true,"meta_data":null,"expand_enabled":false,"lesson_type_label":null,"lesson_type_icon":null,"default_lesson_type_label":"Text","default_lesson_type_icon":"text","under_construction":false},{"id":5945662,"position":1,"chapter_id":1637318,"name":"Supination","contentable_type":"Lesson","slug":"5945662-supination","is_free_trial":false,"next_content_id":5945663,"next_content_slug":"5945663-maintenance-drill","next_content_type":"Lesson","display_name":"Video","contentable":2065140,"contentable_id":2065140,"payment_required":false,"draft":false,"is_released":true,"release_date":null,"prerequisite":false,"total_post_count":0,"discussions_enabled":true,"meta_data":{"duration_in_seconds":334},"expand_enabled":false,"lesson_type_label":null,"lesson_type_icon":null,"default_lesson_type_label":"Video","default_lesson_type_icon":"video","under_construction":false},{"id":5945663,"position":2,"chapter_id":1637318,"name":"Maintenance Drill","contentable_type":"Lesson","slug":"5945663-maintenance-drill","is_free_trial":false,"next_content_id":5945664,"next_content_slug":"5945664-check-in","next_content_type":"Survey","display_name":"Video","contentable":2065141,"contentable_id":2065141,"payment_required":false,"draft":false,"is_released":true,"release_date":null,"prerequisite":false,"total_post_count":0,"discussions_enabled":true,"meta_data":{"duration_in_seconds":219},"expand_enabled":false,"lesson_type_label":null,"lesson_type_icon":null,"default_lesson_type_label":"Video","default_lesson_type_icon":"video","under_construction":false},{"id":5945664,"position":3,"chapter_id":1637318,"name":"Check-In","contentable_type":"Survey","slug":"5945664-check-in","is_free_trial":false,"next_content_id":null,"next_content_slug":null,"next_content_type":null,"display_name":"Survey","contentable":246277,"contentable_id":246277,"payment_required":false,"draft":false,"is_released":true,"release_date":null,"prerequisite":false,"total_post_count":0,"discussions_enabled":true,"meta_data":{"question_count":3},"expand_enabled":false,"lesson_type_label":null,"lesson_type_icon":null,"default_lesson_type_label":"Survey","default_lesson_type_icon":"survey","under_construction":false}],"chapters":[{"id":1637315,"name":"PHASE 1: Root Setup Causes","position":1,"course_id":402883,"content_ids":[5945649,5945650,5945651,5945652]},{"id":1637316,"name":"PHASE 2: Start Line and Path","position":2,"course_id":402883,"content_ids":[5945653,5945654,5945655,5945656]},{"id":1637317,"name":"PHASE 3: Adding Rotation","position":3,"course_id":402883,"content_ids":[5945657,5945658,5945659,5945660]},{"id":1637318,"name":"PHASE 4: Wrist Work","position":4,"course_id":402883,"content_ids":[5945661,5945662,5945663,5945664]}]}