{"course":{"id":402886,"name":"Reliable Putting Stroke","slug":"quick-fix-putting-stroke","landing_page_url":"https://www.cogornogolf.com/courses/quick-fix-putting-stroke","checkout_page_url":"https://www.cogornogolf.com/enroll/424951","site_twitter_handle":"","support_email":"service@cogornogolf.com","subdomain":"cogornogolf","product_id":424951,"use_linkedin_profile_certification":false,"completion_page_html":"\u003cdiv class=\"fr-view\"\u003e\u003cp\u003eCongrats on sticking to the process!\u0026nbsp;\u003c/p\u003e\u003c/div\u003e","use_custom_completion_page_html":false,"reviews_enabled":false,"goals_enabled":false,"autoplay_all_videos":true,"require_video_completion":false,"video_completion_percentage":"100","disable_chapter_completed_modal":false,"theme":"course_player_white","primary_color":null,"font":null,"logo":null,"show_logo":true,"disable_text_selection":false,"hide_lesson_type_label_and_icon":false,"hide_lesson_type_icon":false,"is_onboarding_demo_course":false,"social_share_course_completion_overridden":false,"social_share_chapter_completion_overridden":false,"social_share_message":null,"facebook_shared_landing_page_url":"https://www.cogornogolf.com/vsr97","linkedin_shared_landing_page_url":"https://www.cogornogolf.com/2sy6m","twitter_shared_landing_page_url":"https://www.cogornogolf.com/ggpob","shared_landing_page_url":"https://www.cogornogolf.com/g5jp4","chapter_ids":[1637329,1637330,1637331,1637332,1637333]},"contents":[{"id":5945701,"position":0,"chapter_id":1637329,"name":"Overview","contentable_type":"HtmlItem","slug":"5945701-overview","is_free_trial":false,"next_content_id":5945703,"next_content_slug":"5945703-face-on-setup","next_content_type":"HtmlItem","display_name":"Text","contentable":1622266,"contentable_id":1622266,"payment_required":false,"draft":false,"is_released":true,"release_date":null,"prerequisite":false,"total_post_count":0,"discussions_enabled":true,"meta_data":null,"expand_enabled":false,"lesson_type_label":null,"lesson_type_icon":null,"default_lesson_type_label":"Text","default_lesson_type_icon":"text","under_construction":false},{"id":5945703,"position":0,"chapter_id":1637330,"name":"Face On Setup","contentable_type":"HtmlItem","slug":"5945703-face-on-setup","is_free_trial":false,"next_content_id":5945704,"next_content_slug":"5945704-face-on-ball-position","next_content_type":"Lesson","display_name":"Text","contentable":1622267,"contentable_id":1622267,"payment_required":false,"draft":false,"is_released":true,"release_date":null,"prerequisite":false,"total_post_count":0,"discussions_enabled":true,"meta_data":null,"expand_enabled":false,"lesson_type_label":null,"lesson_type_icon":null,"default_lesson_type_label":"Text","default_lesson_type_icon":"text","under_construction":false},{"id":5945704,"position":1,"chapter_id":1637330,"name":"Face On: Ball Position","contentable_type":"Lesson","slug":"5945704-face-on-ball-position","is_free_trial":false,"next_content_id":5945705,"next_content_slug":"5945705-shaft-alignment-and-shoulder-tilt","next_content_type":"Lesson","display_name":"Video","contentable":2065161,"contentable_id":2065161,"payment_required":false,"draft":false,"is_released":true,"release_date":null,"prerequisite":false,"total_post_count":0,"discussions_enabled":true,"meta_data":{"duration_in_seconds":198},"expand_enabled":false,"lesson_type_label":null,"lesson_type_icon":null,"default_lesson_type_label":"Video","default_lesson_type_icon":"video","under_construction":false},{"id":5945705,"position":2,"chapter_id":1637330,"name":"Shaft Alignment and Shoulder Tilt","contentable_type":"Lesson","slug":"5945705-shaft-alignment-and-shoulder-tilt","is_free_trial":false,"next_content_id":5945707,"next_content_slug":"5945707-down-the-line-setup","next_content_type":"HtmlItem","display_name":"Video","contentable":2065162,"contentable_id":2065162,"payment_required":false,"draft":false,"is_released":true,"release_date":null,"prerequisite":false,"total_post_count":0,"discussions_enabled":true,"meta_data":{"duration_in_seconds":132},"expand_enabled":false,"lesson_type_label":null,"lesson_type_icon":null,"default_lesson_type_label":"Video","default_lesson_type_icon":"video","under_construction":false},{"id":5945707,"position":0,"chapter_id":1637331,"name":"Down The Line Setup","contentable_type":"HtmlItem","slug":"5945707-down-the-line-setup","is_free_trial":false,"next_content_id":5945708,"next_content_slug":"5945708-distance-from-ball","next_content_type":"Lesson","display_name":"Text","contentable":1622268,"contentable_id":1622268,"payment_required":false,"draft":false,"is_released":true,"release_date":null,"prerequisite":false,"total_post_count":0,"discussions_enabled":true,"meta_data":null,"expand_enabled":false,"lesson_type_label":null,"lesson_type_icon":null,"default_lesson_type_label":"Text","default_lesson_type_icon":"text","under_construction":false},{"id":5945708,"position":1,"chapter_id":1637331,"name":"Distance From Ball","contentable_type":"Lesson","slug":"5945708-distance-from-ball","is_free_trial":false,"next_content_id":5945709,"next_content_slug":"5945709-forearm-alignment","next_content_type":"Lesson","display_name":"Video","contentable":2065163,"contentable_id":2065163,"payment_required":false,"draft":false,"is_released":true,"release_date":null,"prerequisite":false,"total_post_count":0,"discussions_enabled":true,"meta_data":{"duration_in_seconds":179},"expand_enabled":false,"lesson_type_label":null,"lesson_type_icon":null,"default_lesson_type_label":"Video","default_lesson_type_icon":"video","under_construction":false},{"id":5945709,"position":2,"chapter_id":1637331,"name":"Forearm Alignment","contentable_type":"Lesson","slug":"5945709-forearm-alignment","is_free_trial":false,"next_content_id":5945711,"next_content_slug":"5945711-perfecting-the-path","next_content_type":"HtmlItem","display_name":"Video","contentable":2065164,"contentable_id":2065164,"payment_required":false,"draft":false,"is_released":true,"release_date":null,"prerequisite":false,"total_post_count":0,"discussions_enabled":true,"meta_data":{"duration_in_seconds":192},"expand_enabled":false,"lesson_type_label":null,"lesson_type_icon":null,"default_lesson_type_label":"Video","default_lesson_type_icon":"video","under_construction":false},{"id":5945711,"position":0,"chapter_id":1637332,"name":"Perfecting The Path","contentable_type":"HtmlItem","slug":"5945711-perfecting-the-path","is_free_trial":false,"next_content_id":5945712,"next_content_slug":"5945712-putter-path","next_content_type":"Lesson","display_name":"Text","contentable":1622269,"contentable_id":1622269,"payment_required":false,"draft":false,"is_released":true,"release_date":null,"prerequisite":false,"total_post_count":0,"discussions_enabled":true,"meta_data":null,"expand_enabled":false,"lesson_type_label":null,"lesson_type_icon":null,"default_lesson_type_label":"Text","default_lesson_type_icon":"text","under_construction":false},{"id":5945712,"position":1,"chapter_id":1637332,"name":"Putter Path","contentable_type":"Lesson","slug":"5945712-putter-path","is_free_trial":false,"next_content_id":5945713,"next_content_slug":"5945713-putter-path-drill","next_content_type":"Lesson","display_name":"Video","contentable":2065165,"contentable_id":2065165,"payment_required":false,"draft":false,"is_released":true,"release_date":null,"prerequisite":false,"total_post_count":0,"discussions_enabled":true,"meta_data":{"duration_in_seconds":264},"expand_enabled":false,"lesson_type_label":null,"lesson_type_icon":null,"default_lesson_type_label":"Video","default_lesson_type_icon":"video","under_construction":false},{"id":5945713,"position":3,"chapter_id":1637332,"name":"Putter Path Drill","contentable_type":"Lesson","slug":"5945713-putter-path-drill","is_free_trial":false,"next_content_id":5945715,"next_content_slug":"5945715-start-line-is-king","next_content_type":"HtmlItem","display_name":"Video","contentable":2065166,"contentable_id":2065166,"payment_required":false,"draft":false,"is_released":true,"release_date":null,"prerequisite":false,"total_post_count":0,"discussions_enabled":true,"meta_data":{"duration_in_seconds":288},"expand_enabled":false,"lesson_type_label":null,"lesson_type_icon":null,"default_lesson_type_label":"Video","default_lesson_type_icon":"video","under_construction":false},{"id":5945715,"position":0,"chapter_id":1637333,"name":"Start Line Is King","contentable_type":"HtmlItem","slug":"5945715-start-line-is-king","is_free_trial":false,"next_content_id":5945716,"next_content_slug":"5945716-start-line-drill","next_content_type":"Lesson","display_name":"Text","contentable":1622270,"contentable_id":1622270,"payment_required":false,"draft":false,"is_released":true,"release_date":null,"prerequisite":false,"total_post_count":0,"discussions_enabled":true,"meta_data":null,"expand_enabled":false,"lesson_type_label":null,"lesson_type_icon":null,"default_lesson_type_label":"Text","default_lesson_type_icon":"text","under_construction":false},{"id":5945716,"position":1,"chapter_id":1637333,"name":"Start Line Drill","contentable_type":"Lesson","slug":"5945716-start-line-drill","is_free_trial":false,"next_content_id":null,"next_content_slug":null,"next_content_type":null,"display_name":"Video","contentable":2065167,"contentable_id":2065167,"payment_required":false,"draft":false,"is_released":true,"release_date":null,"prerequisite":false,"total_post_count":0,"discussions_enabled":true,"meta_data":{"duration_in_seconds":324},"expand_enabled":false,"lesson_type_label":null,"lesson_type_icon":null,"default_lesson_type_label":"Video","default_lesson_type_icon":"video","under_construction":false}],"chapters":[{"id":1637329,"name":"Building A Reliable Putting Stroke","position":0,"course_id":402886,"content_ids":[5945701]},{"id":1637330,"name":"PHASE 1: Face On Setup","position":1,"course_id":402886,"content_ids":[5945703,5945704,5945705]},{"id":1637331,"name":"PHASE 2: Down The Line Setup","position":2,"course_id":402886,"content_ids":[5945707,5945708,5945709]},{"id":1637332,"name":"PHASE 3: Perfecting The Path","position":3,"course_id":402886,"content_ids":[5945711,5945712,5945713]},{"id":1637333,"name":"PHASE 4: Start Line Is King","position":4,"course_id":402886,"content_ids":[5945715,5945716]}]}