{"course":{"id":653732,"name":"Rotation Master Class","slug":"rotation-master-class","landing_page_url":"https://www.cogornogolf.com/courses/rotation-master-class","checkout_page_url":"https://www.cogornogolf.com/enroll/688132","site_twitter_handle":"","support_email":"service@cogornogolf.com","subdomain":"cogornogolf","product_id":688132,"use_linkedin_profile_certification":false,"completion_page_html":"","use_custom_completion_page_html":false,"reviews_enabled":false,"goals_enabled":false,"autoplay_all_videos":true,"require_video_completion":false,"video_completion_percentage":"100","disable_chapter_completed_modal":false,"theme":null,"primary_color":null,"font":null,"logo":null,"show_logo":true,"disable_text_selection":false,"hide_lesson_type_label_and_icon":false,"hide_lesson_type_icon":false,"is_onboarding_demo_course":false,"social_share_course_completion_overridden":false,"social_share_chapter_completion_overridden":false,"social_share_message":null,"facebook_shared_landing_page_url":"https://www.cogornogolf.com/qjsbz","linkedin_shared_landing_page_url":"https://www.cogornogolf.com/rgpoe","twitter_shared_landing_page_url":"https://www.cogornogolf.com/30n7n","shared_landing_page_url":"https://www.cogornogolf.com/0cytb","chapter_ids":[2933264]},"contents":[{"id":11312721,"position":2,"chapter_id":2933264,"name":"Rotation Master Class Video 1-Introduction","contentable_type":"Lesson","slug":"11312721-rotation-master-class-video-1-introduction","is_free_trial":false,"next_content_id":11312856,"next_content_slug":"11312856-rotation-master-class-video-2-prerequisites","next_content_type":"Lesson","display_name":"Video","contentable":4290163,"contentable_id":4290163,"payment_required":false,"draft":false,"is_released":true,"release_date":null,"prerequisite":false,"total_post_count":0,"discussions_enabled":false,"meta_data":{"duration_in_seconds":64},"expand_enabled":false,"lesson_type_label":null,"lesson_type_icon":null,"default_lesson_type_label":"Video","default_lesson_type_icon":"video","under_construction":false},{"id":11312856,"position":3,"chapter_id":2933264,"name":"Rotation Master Class Video 2-Prerequisites","contentable_type":"Lesson","slug":"11312856-rotation-master-class-video-2-prerequisites","is_free_trial":false,"next_content_id":11316281,"next_content_slug":"11316281-rotation-master-class-video-3-setting-up-to-rotate","next_content_type":"Lesson","display_name":"Video","contentable":4290217,"contentable_id":4290217,"payment_required":false,"draft":false,"is_released":true,"release_date":null,"prerequisite":false,"total_post_count":0,"discussions_enabled":false,"meta_data":{"duration_in_seconds":299},"expand_enabled":false,"lesson_type_label":null,"lesson_type_icon":null,"default_lesson_type_label":"Video","default_lesson_type_icon":"video","under_construction":false},{"id":11316281,"position":4,"chapter_id":2933264,"name":"Rotation Master Class Video 3-Setting Up To Rotate","contentable_type":"Lesson","slug":"11316281-rotation-master-class-video-3-setting-up-to-rotate","is_free_trial":false,"next_content_id":11316370,"next_content_slug":"11316370-rotation-master-class-video-4-backswing-pieces","next_content_type":"Lesson","display_name":"Video","contentable":4291386,"contentable_id":4291386,"payment_required":false,"draft":false,"is_released":true,"release_date":null,"prerequisite":false,"total_post_count":0,"discussions_enabled":false,"meta_data":{"duration_in_seconds":268},"expand_enabled":false,"lesson_type_label":null,"lesson_type_icon":null,"default_lesson_type_label":"Video","default_lesson_type_icon":"video","under_construction":false},{"id":11316370,"position":5,"chapter_id":2933264,"name":"Rotation Master Class Video 4-Backswing Pieces","contentable_type":"Lesson","slug":"11316370-rotation-master-class-video-4-backswing-pieces","is_free_trial":false,"next_content_id":11317536,"next_content_slug":"11317536-rotation-master-class-video-5-rotation-checkpoints","next_content_type":"Lesson","display_name":"Video","contentable":4291428,"contentable_id":4291428,"payment_required":false,"draft":false,"is_released":true,"release_date":null,"prerequisite":false,"total_post_count":0,"discussions_enabled":false,"meta_data":{"duration_in_seconds":275},"expand_enabled":false,"lesson_type_label":null,"lesson_type_icon":null,"default_lesson_type_label":"Video","default_lesson_type_icon":"video","under_construction":false},{"id":11317536,"position":6,"chapter_id":2933264,"name":"Rotation Master Class Video 5 - Rotation Checkpoints","contentable_type":"Lesson","slug":"11317536-rotation-master-class-video-5-rotation-checkpoints","is_free_trial":false,"next_content_id":11317609,"next_content_slug":"11317609-rotation-master-class-video-6-how-to-start-the-downswing-feet","next_content_type":"Lesson","display_name":"Video","contentable":4291972,"contentable_id":4291972,"payment_required":false,"draft":false,"is_released":true,"release_date":null,"prerequisite":false,"total_post_count":0,"discussions_enabled":false,"meta_data":{"duration_in_seconds":185},"expand_enabled":false,"lesson_type_label":null,"lesson_type_icon":null,"default_lesson_type_label":"Video","default_lesson_type_icon":"video","under_construction":false},{"id":11317609,"position":7,"chapter_id":2933264,"name":"Rotation Master Class Video 6-How To Start The Downswing-Feet","contentable_type":"Lesson","slug":"11317609-rotation-master-class-video-6-how-to-start-the-downswing-feet","is_free_trial":false,"next_content_id":11317631,"next_content_slug":"11317631-rotation-master-class-video-7-how-to-start-the-downswing-right-foot","next_content_type":"Lesson","display_name":"Video","contentable":4292020,"contentable_id":4292020,"payment_required":false,"draft":false,"is_released":true,"release_date":null,"prerequisite":false,"total_post_count":0,"discussions_enabled":false,"meta_data":{"duration_in_seconds":265},"expand_enabled":false,"lesson_type_label":null,"lesson_type_icon":null,"default_lesson_type_label":"Video","default_lesson_type_icon":"video","under_construction":false},{"id":11317631,"position":8,"chapter_id":2933264,"name":"Rotation Master Class Video 7-How To Start The Downswing-Right Foot","contentable_type":"Lesson","slug":"11317631-rotation-master-class-video-7-how-to-start-the-downswing-right-foot","is_free_trial":false,"next_content_id":11317760,"next_content_slug":"11317760-rotation-master-class-video-8-how-to-start-the-downswing-legs","next_content_type":"Lesson","display_name":"Video","contentable":4292030,"contentable_id":4292030,"payment_required":false,"draft":false,"is_released":true,"release_date":null,"prerequisite":false,"total_post_count":0,"discussions_enabled":false,"meta_data":{"duration_in_seconds":172},"expand_enabled":false,"lesson_type_label":null,"lesson_type_icon":null,"default_lesson_type_label":"Video","default_lesson_type_icon":"video","under_construction":false},{"id":11317760,"position":9,"chapter_id":2933264,"name":"Rotation Master Class Video 8-How To Start The Downswing-Legs","contentable_type":"Lesson","slug":"11317760-rotation-master-class-video-8-how-to-start-the-downswing-legs","is_free_trial":false,"next_content_id":11317771,"next_content_slug":"11317771-rotation-master-class-video-9-how-to-start-the-downswing-hips","next_content_type":"Lesson","display_name":"Video","contentable":4292083,"contentable_id":4292083,"payment_required":false,"draft":false,"is_released":true,"release_date":null,"prerequisite":false,"total_post_count":0,"discussions_enabled":false,"meta_data":{"duration_in_seconds":399},"expand_enabled":false,"lesson_type_label":null,"lesson_type_icon":null,"default_lesson_type_label":"Video","default_lesson_type_icon":"video","under_construction":false},{"id":11317771,"position":10,"chapter_id":2933264,"name":"Rotation Master Class Video 9-How To Start The Downswing-Hips","contentable_type":"Lesson","slug":"11317771-rotation-master-class-video-9-how-to-start-the-downswing-hips","is_free_trial":false,"next_content_id":11317791,"next_content_slug":"11317791-rotation-master-class-video-10-lower-body-feels-and-fixes","next_content_type":"Lesson","display_name":"Video","contentable":4292087,"contentable_id":4292087,"payment_required":false,"draft":false,"is_released":true,"release_date":null,"prerequisite":false,"total_post_count":0,"discussions_enabled":false,"meta_data":{"duration_in_seconds":216},"expand_enabled":false,"lesson_type_label":null,"lesson_type_icon":null,"default_lesson_type_label":"Video","default_lesson_type_icon":"video","under_construction":false},{"id":11317791,"position":11,"chapter_id":2933264,"name":"Rotation Master Class Video 10-Lower Body-Feels And Fixes","contentable_type":"Lesson","slug":"11317791-rotation-master-class-video-10-lower-body-feels-and-fixes","is_free_trial":false,"next_content_id":11318153,"next_content_slug":"11318153-rotation-master-class-video-11-how-to-start-the-downswing-upper-body","next_content_type":"Lesson","display_name":"Video","contentable":4292092,"contentable_id":4292092,"payment_required":false,"draft":false,"is_released":true,"release_date":null,"prerequisite":false,"total_post_count":0,"discussions_enabled":false,"meta_data":{"duration_in_seconds":488},"expand_enabled":false,"lesson_type_label":null,"lesson_type_icon":null,"default_lesson_type_label":"Video","default_lesson_type_icon":"video","under_construction":false},{"id":11318153,"position":12,"chapter_id":2933264,"name":"Rotation Master Class Video 11-How To Start The Downswing-Upper Body","contentable_type":"Lesson","slug":"11318153-rotation-master-class-video-11-how-to-start-the-downswing-upper-body","is_free_trial":false,"next_content_id":11318180,"next_content_slug":"11318180-rotation-master-class-video-12-left-side-feels","next_content_type":"Lesson","display_name":"Video","contentable":4292212,"contentable_id":4292212,"payment_required":false,"draft":false,"is_released":true,"release_date":null,"prerequisite":false,"total_post_count":0,"discussions_enabled":false,"meta_data":{"duration_in_seconds":361},"expand_enabled":false,"lesson_type_label":null,"lesson_type_icon":null,"default_lesson_type_label":"Video","default_lesson_type_icon":"video","under_construction":false},{"id":11318180,"position":13,"chapter_id":2933264,"name":"Rotation Master Class Video 12-Left Side Feels","contentable_type":"Lesson","slug":"11318180-rotation-master-class-video-12-left-side-feels","is_free_trial":false,"next_content_id":11318193,"next_content_slug":"11318193-rotation-master-class-video-13-right-side-feels","next_content_type":"Lesson","display_name":"Video","contentable":4292227,"contentable_id":4292227,"payment_required":false,"draft":false,"is_released":true,"release_date":null,"prerequisite":false,"total_post_count":0,"discussions_enabled":false,"meta_data":{"duration_in_seconds":201},"expand_enabled":false,"lesson_type_label":null,"lesson_type_icon":null,"default_lesson_type_label":"Video","default_lesson_type_icon":"video","under_construction":false},{"id":11318193,"position":14,"chapter_id":2933264,"name":"Rotation Master Class Video 13-Right Side Feels","contentable_type":"Lesson","slug":"11318193-rotation-master-class-video-13-right-side-feels","is_free_trial":false,"next_content_id":11318225,"next_content_slug":"11318225-rotation-master-class-video-14-rotation-drill-1","next_content_type":"Lesson","display_name":"Video","contentable":4292237,"contentable_id":4292237,"payment_required":false,"draft":false,"is_released":true,"release_date":null,"prerequisite":false,"total_post_count":0,"discussions_enabled":false,"meta_data":{"duration_in_seconds":252},"expand_enabled":false,"lesson_type_label":null,"lesson_type_icon":null,"default_lesson_type_label":"Video","default_lesson_type_icon":"video","under_construction":false},{"id":11318225,"position":15,"chapter_id":2933264,"name":"Rotation Master Class Video 14-Rotation Drill 1","contentable_type":"Lesson","slug":"11318225-rotation-master-class-video-14-rotation-drill-1","is_free_trial":false,"next_content_id":11318392,"next_content_slug":"11318392-rotation-master-class-video-15-rotation-drill-2","next_content_type":"Lesson","display_name":"Video","contentable":4292248,"contentable_id":4292248,"payment_required":false,"draft":false,"is_released":true,"release_date":null,"prerequisite":false,"total_post_count":0,"discussions_enabled":false,"meta_data":{"duration_in_seconds":234},"expand_enabled":false,"lesson_type_label":null,"lesson_type_icon":null,"default_lesson_type_label":"Video","default_lesson_type_icon":"video","under_construction":false},{"id":11318392,"position":16,"chapter_id":2933264,"name":"Rotation Master Class Video 15-Rotation Drill 2","contentable_type":"Lesson","slug":"11318392-rotation-master-class-video-15-rotation-drill-2","is_free_trial":false,"next_content_id":11318408,"next_content_slug":"11318408-rotation-master-class-video-16-rotation-move-1","next_content_type":"Lesson","display_name":"Video","contentable":4292326,"contentable_id":4292326,"payment_required":false,"draft":false,"is_released":true,"release_date":null,"prerequisite":false,"total_post_count":0,"discussions_enabled":false,"meta_data":{"duration_in_seconds":222},"expand_enabled":false,"lesson_type_label":null,"lesson_type_icon":null,"default_lesson_type_label":"Video","default_lesson_type_icon":"video","under_construction":false},{"id":11318408,"position":17,"chapter_id":2933264,"name":"Rotation Master Class Video 16-Rotation Move 1","contentable_type":"Lesson","slug":"11318408-rotation-master-class-video-16-rotation-move-1","is_free_trial":false,"next_content_id":11318731,"next_content_slug":"11318731-rotation-master-class-video-17-rotation-move-2","next_content_type":"Lesson","display_name":"Video","contentable":4292332,"contentable_id":4292332,"payment_required":false,"draft":false,"is_released":true,"release_date":null,"prerequisite":false,"total_post_count":0,"discussions_enabled":false,"meta_data":{"duration_in_seconds":210},"expand_enabled":false,"lesson_type_label":null,"lesson_type_icon":null,"default_lesson_type_label":"Video","default_lesson_type_icon":"video","under_construction":false},{"id":11318731,"position":18,"chapter_id":2933264,"name":"Rotation Master Class Video 17-Rotation Move 2","contentable_type":"Lesson","slug":"11318731-rotation-master-class-video-17-rotation-move-2","is_free_trial":false,"next_content_id":11318764,"next_content_slug":"11318764-rotation-master-class-video-19-closing-video","next_content_type":"Lesson","display_name":"Video","contentable":4292450,"contentable_id":4292450,"payment_required":false,"draft":false,"is_released":true,"release_date":null,"prerequisite":false,"total_post_count":0,"discussions_enabled":false,"meta_data":{"duration_in_seconds":232},"expand_enabled":false,"lesson_type_label":null,"lesson_type_icon":null,"default_lesson_type_label":"Video","default_lesson_type_icon":"video","under_construction":false},{"id":11318764,"position":20,"chapter_id":2933264,"name":"Rotation Master Class Video 19 - Closing Video","contentable_type":"Lesson","slug":"11318764-rotation-master-class-video-19-closing-video","is_free_trial":false,"next_content_id":null,"next_content_slug":null,"next_content_type":null,"display_name":"Video","contentable":4292466,"contentable_id":4292466,"payment_required":false,"draft":false,"is_released":true,"release_date":null,"prerequisite":false,"total_post_count":0,"discussions_enabled":false,"meta_data":{"duration_in_seconds":69},"expand_enabled":false,"lesson_type_label":null,"lesson_type_icon":null,"default_lesson_type_label":"Video","default_lesson_type_icon":"video","under_construction":false}],"chapters":[{"id":2933264,"name":"Rotation Master Class","position":2,"course_id":653732,"content_ids":[11312721,11312856,11316281,11316370,11317536,11317609,11317631,11317760,11317771,11317791,11318153,11318180,11318193,11318225,11318392,11318408,11318731,11318764]}]}