{"course":{"id":433729,"name":"Shallowing Your Downswing Master Class","slug":"shallowing-your-downswing-master-class","landing_page_url":"https://www.cogornogolf.com/courses/shallowing-your-downswing-master-class","checkout_page_url":"https://www.cogornogolf.com/enroll/457405","site_twitter_handle":"","support_email":"service@cogornogolf.com","subdomain":"cogornogolf","product_id":457405,"use_linkedin_profile_certification":false,"completion_page_html":"","use_custom_completion_page_html":false,"reviews_enabled":false,"goals_enabled":false,"autoplay_all_videos":true,"require_video_completion":false,"video_completion_percentage":"100","disable_chapter_completed_modal":false,"theme":"course_player_white","primary_color":null,"font":null,"logo":null,"show_logo":true,"disable_text_selection":false,"hide_lesson_type_label_and_icon":false,"hide_lesson_type_icon":false,"is_onboarding_demo_course":false,"social_share_course_completion_overridden":false,"social_share_chapter_completion_overridden":false,"social_share_message":null,"facebook_shared_landing_page_url":"https://www.cogornogolf.com/hp4m2","linkedin_shared_landing_page_url":"https://www.cogornogolf.com/8fjhg","twitter_shared_landing_page_url":"https://www.cogornogolf.com/u26o4","shared_landing_page_url":"https://www.cogornogolf.com/qqy5j","chapter_ids":[1802902]},"contents":[{"id":6633512,"position":0,"chapter_id":1802902,"name":"Course Overview","contentable_type":"HtmlItem","slug":"6633512-course-overview","is_free_trial":false,"next_content_id":6633513,"next_content_slug":"6633513-what-shallowing-means","next_content_type":"Lesson","display_name":"Text","contentable":1796927,"contentable_id":1796927,"payment_required":false,"draft":false,"is_released":true,"release_date":null,"prerequisite":false,"total_post_count":0,"discussions_enabled":false,"meta_data":null,"expand_enabled":false,"lesson_type_label":null,"lesson_type_icon":null,"default_lesson_type_label":"Text","default_lesson_type_icon":"text","under_construction":false},{"id":6633513,"position":1,"chapter_id":1802902,"name":"What \"Shallowing\" Means","contentable_type":"Lesson","slug":"6633513-what-shallowing-means","is_free_trial":false,"next_content_id":6633514,"next_content_slug":"6633514-prerequisites","next_content_type":"Lesson","display_name":"Video","contentable":2353550,"contentable_id":2353550,"payment_required":false,"draft":false,"is_released":true,"release_date":null,"prerequisite":false,"total_post_count":0,"discussions_enabled":false,"meta_data":{"duration_in_seconds":234},"expand_enabled":false,"lesson_type_label":null,"lesson_type_icon":null,"default_lesson_type_label":"Video","default_lesson_type_icon":"video","under_construction":false},{"id":6633514,"position":2,"chapter_id":1802902,"name":"Prerequisites","contentable_type":"Lesson","slug":"6633514-prerequisites","is_free_trial":false,"next_content_id":6633515,"next_content_slug":"6633515-setting-up-to-shallow","next_content_type":"Lesson","display_name":"Video","contentable":2353551,"contentable_id":2353551,"payment_required":false,"draft":false,"is_released":true,"release_date":null,"prerequisite":false,"total_post_count":0,"discussions_enabled":false,"meta_data":{"duration_in_seconds":265},"expand_enabled":false,"lesson_type_label":null,"lesson_type_icon":null,"default_lesson_type_label":"Video","default_lesson_type_icon":"video","under_construction":false},{"id":6633515,"position":3,"chapter_id":1802902,"name":"Setting Up To Shallow","contentable_type":"Lesson","slug":"6633515-setting-up-to-shallow","is_free_trial":false,"next_content_id":6633516,"next_content_slug":"6633516-backswing-pieces","next_content_type":"Lesson","display_name":"Video","contentable":2353552,"contentable_id":2353552,"payment_required":false,"draft":false,"is_released":true,"release_date":null,"prerequisite":false,"total_post_count":0,"discussions_enabled":false,"meta_data":{"duration_in_seconds":238},"expand_enabled":false,"lesson_type_label":null,"lesson_type_icon":null,"default_lesson_type_label":"Video","default_lesson_type_icon":"video","under_construction":false},{"id":6633516,"position":4,"chapter_id":1802902,"name":"Backswing Pieces","contentable_type":"Lesson","slug":"6633516-backswing-pieces","is_free_trial":false,"next_content_id":6633578,"next_content_slug":"6633578-downswing-explanations","next_content_type":"Lesson","display_name":"Video","contentable":2353553,"contentable_id":2353553,"payment_required":false,"draft":false,"is_released":true,"release_date":null,"prerequisite":false,"total_post_count":0,"discussions_enabled":false,"meta_data":{"duration_in_seconds":367},"expand_enabled":false,"lesson_type_label":null,"lesson_type_icon":null,"default_lesson_type_label":"Video","default_lesson_type_icon":"video","under_construction":false},{"id":6633578,"position":5,"chapter_id":1802902,"name":"Downswing Explanations","contentable_type":"Lesson","slug":"6633578-downswing-explanations","is_free_trial":false,"next_content_id":6633579,"next_content_slug":"6633579-optional-feels","next_content_type":"Lesson","display_name":"Video","contentable":2353582,"contentable_id":2353582,"payment_required":false,"draft":false,"is_released":true,"release_date":null,"prerequisite":false,"total_post_count":0,"discussions_enabled":false,"meta_data":{"duration_in_seconds":323},"expand_enabled":false,"lesson_type_label":null,"lesson_type_icon":null,"default_lesson_type_label":"Video","default_lesson_type_icon":"video","under_construction":false},{"id":6633579,"position":6,"chapter_id":1802902,"name":"Optional Feels","contentable_type":"Lesson","slug":"6633579-optional-feels","is_free_trial":false,"next_content_id":6633583,"next_content_slug":"6633583-how-to-get-started","next_content_type":"Lesson","display_name":"Video","contentable":2353583,"contentable_id":2353583,"payment_required":false,"draft":false,"is_released":true,"release_date":null,"prerequisite":false,"total_post_count":0,"discussions_enabled":false,"meta_data":{"duration_in_seconds":341},"expand_enabled":false,"lesson_type_label":null,"lesson_type_icon":null,"default_lesson_type_label":"Video","default_lesson_type_icon":"video","under_construction":false},{"id":6633583,"position":7,"chapter_id":1802902,"name":"How To Get Started","contentable_type":"Lesson","slug":"6633583-how-to-get-started","is_free_trial":false,"next_content_id":6633586,"next_content_slug":"6633586-practice-station-1","next_content_type":"Lesson","display_name":"Video","contentable":2353585,"contentable_id":2353585,"payment_required":false,"draft":false,"is_released":true,"release_date":null,"prerequisite":false,"total_post_count":0,"discussions_enabled":false,"meta_data":{"duration_in_seconds":604},"expand_enabled":false,"lesson_type_label":null,"lesson_type_icon":null,"default_lesson_type_label":"Video","default_lesson_type_icon":"video","under_construction":false},{"id":6633586,"position":8,"chapter_id":1802902,"name":"Practice Station 1","contentable_type":"Lesson","slug":"6633586-practice-station-1","is_free_trial":false,"next_content_id":6633590,"next_content_slug":"6633590-practice-station-2","next_content_type":"Lesson","display_name":"Video","contentable":2353587,"contentable_id":2353587,"payment_required":false,"draft":false,"is_released":true,"release_date":null,"prerequisite":false,"total_post_count":0,"discussions_enabled":false,"meta_data":{"duration_in_seconds":295},"expand_enabled":false,"lesson_type_label":null,"lesson_type_icon":null,"default_lesson_type_label":"Video","default_lesson_type_icon":"video","under_construction":false},{"id":6633590,"position":9,"chapter_id":1802902,"name":"Practice Station 2","contentable_type":"Lesson","slug":"6633590-practice-station-2","is_free_trial":false,"next_content_id":6633596,"next_content_slug":"6633596-practice-station-3","next_content_type":"Lesson","display_name":"Video","contentable":2353590,"contentable_id":2353590,"payment_required":false,"draft":false,"is_released":true,"release_date":null,"prerequisite":false,"total_post_count":0,"discussions_enabled":false,"meta_data":{"duration_in_seconds":355},"expand_enabled":false,"lesson_type_label":null,"lesson_type_icon":null,"default_lesson_type_label":"Video","default_lesson_type_icon":"video","under_construction":false},{"id":6633596,"position":10,"chapter_id":1802902,"name":"Practice Station 3","contentable_type":"Lesson","slug":"6633596-practice-station-3","is_free_trial":false,"next_content_id":6633599,"next_content_slug":"6633599-bonus-drills","next_content_type":"Lesson","display_name":"Video","contentable":2353592,"contentable_id":2353592,"payment_required":false,"draft":false,"is_released":true,"release_date":null,"prerequisite":false,"total_post_count":0,"discussions_enabled":false,"meta_data":{"duration_in_seconds":236},"expand_enabled":false,"lesson_type_label":null,"lesson_type_icon":null,"default_lesson_type_label":"Video","default_lesson_type_icon":"video","under_construction":false},{"id":6633599,"position":11,"chapter_id":1802902,"name":"Bonus Drills","contentable_type":"Lesson","slug":"6633599-bonus-drills","is_free_trial":false,"next_content_id":6633602,"next_content_slug":"6633602-summary","next_content_type":"Lesson","display_name":"Video","contentable":2353594,"contentable_id":2353594,"payment_required":false,"draft":false,"is_released":true,"release_date":null,"prerequisite":false,"total_post_count":0,"discussions_enabled":false,"meta_data":{"duration_in_seconds":385},"expand_enabled":false,"lesson_type_label":null,"lesson_type_icon":null,"default_lesson_type_label":"Video","default_lesson_type_icon":"video","under_construction":false},{"id":6633602,"position":12,"chapter_id":1802902,"name":"Summary","contentable_type":"Lesson","slug":"6633602-summary","is_free_trial":false,"next_content_id":null,"next_content_slug":null,"next_content_type":null,"display_name":"Video","contentable":2353595,"contentable_id":2353595,"payment_required":false,"draft":false,"is_released":true,"release_date":null,"prerequisite":false,"total_post_count":0,"discussions_enabled":false,"meta_data":{"duration_in_seconds":129},"expand_enabled":false,"lesson_type_label":null,"lesson_type_icon":null,"default_lesson_type_label":"Video","default_lesson_type_icon":"video","under_construction":false}],"chapters":[{"id":1802902,"name":"Shallow Your Downswing Master Class","position":2,"course_id":433729,"content_ids":[6633512,6633513,6633514,6633515,6633516,6633578,6633579,6633583,6633586,6633590,6633596,6633599,6633602]}]}