{"course":{"id":384476,"name":"Shallowing The Downswing","slug":"Shallowing-Downswing","landing_page_url":"https://www.cogornogolf.com/courses/Shallowing-Downswing","checkout_page_url":"https://www.cogornogolf.com/enroll/405505","site_twitter_handle":"","support_email":"service@cogornogolf.com","subdomain":"cogornogolf","product_id":405505,"use_linkedin_profile_certification":false,"completion_page_html":"","use_custom_completion_page_html":false,"reviews_enabled":false,"goals_enabled":false,"autoplay_all_videos":true,"require_video_completion":false,"video_completion_percentage":"100","disable_chapter_completed_modal":false,"theme":"course_player_white","primary_color":null,"font":null,"logo":null,"show_logo":true,"disable_text_selection":false,"hide_lesson_type_label_and_icon":false,"hide_lesson_type_icon":false,"is_onboarding_demo_course":false,"social_share_course_completion_overridden":false,"social_share_chapter_completion_overridden":false,"social_share_message":null,"facebook_shared_landing_page_url":"https://www.cogornogolf.com/a316v","linkedin_shared_landing_page_url":"https://www.cogornogolf.com/nk5j0","twitter_shared_landing_page_url":"https://www.cogornogolf.com/rdiaz","shared_landing_page_url":"https://www.cogornogolf.com/xdi8d","chapter_ids":[1538421]},"contents":[{"id":5607489,"position":0,"chapter_id":1538421,"name":"Course Overview","contentable_type":"HtmlItem","slug":"5607489-course-overview","is_free_trial":false,"next_content_id":5556078,"next_content_slug":"5556078-basics","next_content_type":"Lesson","display_name":"Text","contentable":1532026,"contentable_id":1532026,"payment_required":false,"draft":false,"is_released":true,"release_date":null,"prerequisite":false,"total_post_count":0,"discussions_enabled":false,"meta_data":null,"expand_enabled":false,"lesson_type_label":null,"lesson_type_icon":null,"default_lesson_type_label":"Text","default_lesson_type_icon":"text","under_construction":false},{"id":5556078,"position":1,"chapter_id":1538421,"name":"Basics","contentable_type":"Lesson","slug":"5556078-basics","is_free_trial":false,"next_content_id":5556079,"next_content_slug":"5556079-three-drills-for-shallowing","next_content_type":"Lesson","display_name":"Video","contentable":1906761,"contentable_id":1906761,"payment_required":false,"draft":false,"is_released":true,"release_date":null,"prerequisite":false,"total_post_count":1,"discussions_enabled":true,"meta_data":{"duration_in_seconds":688},"expand_enabled":false,"lesson_type_label":null,"lesson_type_icon":null,"default_lesson_type_label":"Video","default_lesson_type_icon":"video","under_construction":false},{"id":5556079,"position":2,"chapter_id":1538421,"name":"Three Drills For Shallowing","contentable_type":"Lesson","slug":"5556079-three-drills-for-shallowing","is_free_trial":false,"next_content_id":5556080,"next_content_slug":"5556080-eric-s-favorite-shallowing-drill","next_content_type":"Lesson","display_name":"Video","contentable":1906762,"contentable_id":1906762,"payment_required":false,"draft":false,"is_released":true,"release_date":null,"prerequisite":false,"total_post_count":0,"discussions_enabled":true,"meta_data":{"duration_in_seconds":1205},"expand_enabled":false,"lesson_type_label":null,"lesson_type_icon":null,"default_lesson_type_label":"Video","default_lesson_type_icon":"video","under_construction":false},{"id":5556080,"position":3,"chapter_id":1538421,"name":"Eric's Favorite Shallowing Drill","contentable_type":"Lesson","slug":"5556080-eric-s-favorite-shallowing-drill","is_free_trial":false,"next_content_id":5556082,"next_content_slug":"5556082-applying-feels","next_content_type":"Lesson","display_name":"Video","contentable":1906763,"contentable_id":1906763,"payment_required":false,"draft":false,"is_released":true,"release_date":null,"prerequisite":false,"total_post_count":0,"discussions_enabled":true,"meta_data":{"duration_in_seconds":619},"expand_enabled":false,"lesson_type_label":null,"lesson_type_icon":null,"default_lesson_type_label":"Video","default_lesson_type_icon":"video","under_construction":false},{"id":5556082,"position":4,"chapter_id":1538421,"name":"Applying Feels","contentable_type":"Lesson","slug":"5556082-applying-feels","is_free_trial":false,"next_content_id":5556083,"next_content_slug":"5556083-right-hand-movement","next_content_type":"Lesson","display_name":"Video","contentable":1906765,"contentable_id":1906765,"payment_required":false,"draft":false,"is_released":true,"release_date":null,"prerequisite":false,"total_post_count":1,"discussions_enabled":true,"meta_data":{"duration_in_seconds":682},"expand_enabled":false,"lesson_type_label":null,"lesson_type_icon":null,"default_lesson_type_label":"Video","default_lesson_type_icon":"video","under_construction":false},{"id":5556083,"position":5,"chapter_id":1538421,"name":"Right Hand Movement","contentable_type":"Lesson","slug":"5556083-right-hand-movement","is_free_trial":false,"next_content_id":5556084,"next_content_slug":"5556084-shallow-your-way-to-a-draw","next_content_type":"Lesson","display_name":"Video","contentable":1906766,"contentable_id":1906766,"payment_required":false,"draft":false,"is_released":true,"release_date":null,"prerequisite":false,"total_post_count":0,"discussions_enabled":true,"meta_data":{"duration_in_seconds":276},"expand_enabled":false,"lesson_type_label":null,"lesson_type_icon":null,"default_lesson_type_label":"Video","default_lesson_type_icon":"video","under_construction":false},{"id":5556084,"position":6,"chapter_id":1538421,"name":"Shallow Your Way To A Draw","contentable_type":"Lesson","slug":"5556084-shallow-your-way-to-a-draw","is_free_trial":false,"next_content_id":null,"next_content_slug":null,"next_content_type":null,"display_name":"Video","contentable":1906767,"contentable_id":1906767,"payment_required":false,"draft":false,"is_released":true,"release_date":null,"prerequisite":false,"total_post_count":1,"discussions_enabled":true,"meta_data":{"duration_in_seconds":815},"expand_enabled":false,"lesson_type_label":null,"lesson_type_icon":null,"default_lesson_type_label":"Video","default_lesson_type_icon":"video","under_construction":false}],"chapters":[{"id":1538421,"name":"Shallowing Your Downswing","position":6,"course_id":384476,"content_ids":[5607489,5556078,5556079,5556080,5556082,5556083,5556084]}]}