{"course":{"id":384470,"name":"Short Game Genius Guide","slug":"Short-Game-Genius-Guide","landing_page_url":"https://www.cogornogolf.com/courses/Short-Game-Genius-Guide","checkout_page_url":"https://www.cogornogolf.com/enroll/405499","site_twitter_handle":"","support_email":"service@cogornogolf.com","subdomain":"cogornogolf","product_id":405499,"use_linkedin_profile_certification":false,"completion_page_html":"","use_custom_completion_page_html":false,"reviews_enabled":false,"goals_enabled":false,"autoplay_all_videos":true,"require_video_completion":false,"video_completion_percentage":"100","disable_chapter_completed_modal":false,"theme":"course_player_white","primary_color":null,"font":null,"logo":null,"show_logo":true,"disable_text_selection":false,"hide_lesson_type_label_and_icon":false,"hide_lesson_type_icon":false,"is_onboarding_demo_course":false,"social_share_course_completion_overridden":false,"social_share_chapter_completion_overridden":false,"social_share_message":null,"facebook_shared_landing_page_url":"https://www.cogornogolf.com/nhzx1","linkedin_shared_landing_page_url":"https://www.cogornogolf.com/mqlbf","twitter_shared_landing_page_url":"https://www.cogornogolf.com/ngdu8","shared_landing_page_url":"https://www.cogornogolf.com/kdmtj","chapter_ids":[1538393]},"contents":[{"id":5555940,"position":0,"chapter_id":1538393,"name":"Practice Overview","contentable_type":"Lesson","slug":"5555940-practice-overview","is_free_trial":false,"next_content_id":5555941,"next_content_slug":"5555941-chipping-skills-practice-sheet","next_content_type":"Pdf","display_name":"Video","contentable":1906629,"contentable_id":1906629,"payment_required":false,"draft":false,"is_released":true,"release_date":null,"prerequisite":false,"total_post_count":0,"discussions_enabled":true,"meta_data":{"duration_in_seconds":206},"expand_enabled":false,"lesson_type_label":null,"lesson_type_icon":null,"default_lesson_type_label":"Video","default_lesson_type_icon":"video","under_construction":false},{"id":5555941,"position":1,"chapter_id":1538393,"name":"Chipping Skills Practice Sheet","contentable_type":"Pdf","slug":"5555941-chipping-skills-practice-sheet","is_free_trial":false,"next_content_id":5555942,"next_content_slug":"5555942-landing-zones","next_content_type":"Lesson","display_name":"PDF","contentable":614220,"contentable_id":614220,"payment_required":false,"draft":false,"is_released":true,"release_date":null,"prerequisite":false,"total_post_count":1,"discussions_enabled":true,"meta_data":null,"expand_enabled":false,"lesson_type_label":null,"lesson_type_icon":null,"default_lesson_type_label":"PDF","default_lesson_type_icon":"pdf","under_construction":false},{"id":5555942,"position":2,"chapter_id":1538393,"name":"Landing Zones","contentable_type":"Lesson","slug":"5555942-landing-zones","is_free_trial":false,"next_content_id":5555943,"next_content_slug":"5555943-mastering-chipping-trajectories-student-lesson","next_content_type":"Lesson","display_name":"Video","contentable":1906630,"contentable_id":1906630,"payment_required":false,"draft":false,"is_released":true,"release_date":null,"prerequisite":false,"total_post_count":0,"discussions_enabled":true,"meta_data":{"duration_in_seconds":376},"expand_enabled":false,"lesson_type_label":null,"lesson_type_icon":null,"default_lesson_type_label":"Video","default_lesson_type_icon":"video","under_construction":false},{"id":5555943,"position":3,"chapter_id":1538393,"name":"Mastering Chipping Trajectories - Student Lesson","contentable_type":"Lesson","slug":"5555943-mastering-chipping-trajectories-student-lesson","is_free_trial":false,"next_content_id":5555944,"next_content_slug":"5555944-skills-game-21","next_content_type":"Lesson","display_name":"Video","contentable":1906631,"contentable_id":1906631,"payment_required":false,"draft":false,"is_released":true,"release_date":null,"prerequisite":false,"total_post_count":0,"discussions_enabled":true,"meta_data":{"duration_in_seconds":1736},"expand_enabled":false,"lesson_type_label":null,"lesson_type_icon":null,"default_lesson_type_label":"Video","default_lesson_type_icon":"video","under_construction":false},{"id":5555944,"position":4,"chapter_id":1538393,"name":"Skills Game - 21","contentable_type":"Lesson","slug":"5555944-skills-game-21","is_free_trial":false,"next_content_id":5555945,"next_content_slug":"5555945-chipping-skill-games","next_content_type":"Pdf","display_name":"Video","contentable":1906632,"contentable_id":1906632,"payment_required":false,"draft":false,"is_released":true,"release_date":null,"prerequisite":false,"total_post_count":0,"discussions_enabled":true,"meta_data":{"duration_in_seconds":169},"expand_enabled":false,"lesson_type_label":null,"lesson_type_icon":null,"default_lesson_type_label":"Video","default_lesson_type_icon":"video","under_construction":false},{"id":5555945,"position":5,"chapter_id":1538393,"name":"Chipping Skill Games","contentable_type":"Pdf","slug":"5555945-chipping-skill-games","is_free_trial":false,"next_content_id":null,"next_content_slug":null,"next_content_type":null,"display_name":"PDF","contentable":614221,"contentable_id":614221,"payment_required":false,"draft":false,"is_released":true,"release_date":null,"prerequisite":false,"total_post_count":0,"discussions_enabled":true,"meta_data":null,"expand_enabled":false,"lesson_type_label":null,"lesson_type_icon":null,"default_lesson_type_label":"PDF","default_lesson_type_icon":"pdf","under_construction":false}],"chapters":[{"id":1538393,"name":"Short Game Genius Guide","position":3,"course_id":384470,"content_ids":[5555940,5555941,5555942,5555943,5555944,5555945]}]}