{"course":{"id":384464,"name":"Practicing Your Short Game","slug":"Short-Game-Practice","landing_page_url":"https://www.cogornogolf.com/courses/Short-Game-Practice","checkout_page_url":"https://www.cogornogolf.com/enroll/405493","site_twitter_handle":"","support_email":"service@cogornogolf.com","subdomain":"cogornogolf","product_id":405493,"use_linkedin_profile_certification":false,"completion_page_html":"","use_custom_completion_page_html":false,"reviews_enabled":false,"goals_enabled":false,"autoplay_all_videos":true,"require_video_completion":false,"video_completion_percentage":"100","disable_chapter_completed_modal":false,"theme":"course_player_white","primary_color":null,"font":null,"logo":null,"show_logo":true,"disable_text_selection":false,"hide_lesson_type_label_and_icon":false,"hide_lesson_type_icon":false,"is_onboarding_demo_course":false,"social_share_course_completion_overridden":false,"social_share_chapter_completion_overridden":false,"social_share_message":null,"facebook_shared_landing_page_url":"https://www.cogornogolf.com/ychnd","linkedin_shared_landing_page_url":"https://www.cogornogolf.com/bvp4f","twitter_shared_landing_page_url":"https://www.cogornogolf.com/8wsek","shared_landing_page_url":"https://www.cogornogolf.com/yo82r","chapter_ids":[1538358]},"contents":[{"id":5555774,"position":0,"chapter_id":1538358,"name":"Overview","contentable_type":"Lesson","slug":"5555774-overview","is_free_trial":false,"next_content_id":5555775,"next_content_slug":"5555775-chipping-circuits","next_content_type":"Lesson","display_name":"Video","contentable":1906475,"contentable_id":1906475,"payment_required":false,"draft":false,"is_released":true,"release_date":null,"prerequisite":false,"total_post_count":1,"discussions_enabled":true,"meta_data":{"duration_in_seconds":206},"expand_enabled":false,"lesson_type_label":null,"lesson_type_icon":null,"default_lesson_type_label":"Video","default_lesson_type_icon":"video","under_construction":false},{"id":5555775,"position":1,"chapter_id":1538358,"name":"Chipping Circuits","contentable_type":"Lesson","slug":"5555775-chipping-circuits","is_free_trial":false,"next_content_id":5555776,"next_content_slug":"5555776-eric-s-favorite-chipping-circuit","next_content_type":"Lesson","display_name":"Video","contentable":1906476,"contentable_id":1906476,"payment_required":false,"draft":false,"is_released":true,"release_date":null,"prerequisite":false,"total_post_count":0,"discussions_enabled":true,"meta_data":{"duration_in_seconds":923},"expand_enabled":false,"lesson_type_label":null,"lesson_type_icon":null,"default_lesson_type_label":"Video","default_lesson_type_icon":"video","under_construction":false},{"id":5555776,"position":2,"chapter_id":1538358,"name":"Eric's Favorite Chipping Circuit","contentable_type":"Lesson","slug":"5555776-eric-s-favorite-chipping-circuit","is_free_trial":false,"next_content_id":5555777,"next_content_slug":"5555777-landing-zones","next_content_type":"Lesson","display_name":"Video","contentable":1906477,"contentable_id":1906477,"payment_required":false,"draft":false,"is_released":true,"release_date":null,"prerequisite":false,"total_post_count":0,"discussions_enabled":true,"meta_data":{"duration_in_seconds":813},"expand_enabled":false,"lesson_type_label":null,"lesson_type_icon":null,"default_lesson_type_label":"Video","default_lesson_type_icon":"video","under_construction":false},{"id":5555777,"position":3,"chapter_id":1538358,"name":"Landing Zones","contentable_type":"Lesson","slug":"5555777-landing-zones","is_free_trial":false,"next_content_id":5555778,"next_content_slug":"5555778-trajectories","next_content_type":"Lesson","display_name":"Video","contentable":1906478,"contentable_id":1906478,"payment_required":false,"draft":false,"is_released":true,"release_date":null,"prerequisite":false,"total_post_count":0,"discussions_enabled":true,"meta_data":{"duration_in_seconds":376},"expand_enabled":false,"lesson_type_label":null,"lesson_type_icon":null,"default_lesson_type_label":"Video","default_lesson_type_icon":"video","under_construction":false},{"id":5555778,"position":4,"chapter_id":1538358,"name":"Trajectories","contentable_type":"Lesson","slug":"5555778-trajectories","is_free_trial":false,"next_content_id":5555779,"next_content_slug":"5555779-bump-and-run","next_content_type":"Lesson","display_name":"Video","contentable":1906479,"contentable_id":1906479,"payment_required":false,"draft":false,"is_released":true,"release_date":null,"prerequisite":false,"total_post_count":0,"discussions_enabled":true,"meta_data":{"duration_in_seconds":264},"expand_enabled":false,"lesson_type_label":null,"lesson_type_icon":null,"default_lesson_type_label":"Video","default_lesson_type_icon":"video","under_construction":false},{"id":5555779,"position":5,"chapter_id":1538358,"name":"Bump and Run","contentable_type":"Lesson","slug":"5555779-bump-and-run","is_free_trial":false,"next_content_id":5555780,"next_content_slug":"5555780-21","next_content_type":"Lesson","display_name":"Video","contentable":1906480,"contentable_id":1906480,"payment_required":false,"draft":false,"is_released":true,"release_date":null,"prerequisite":false,"total_post_count":0,"discussions_enabled":true,"meta_data":{"duration_in_seconds":257},"expand_enabled":false,"lesson_type_label":null,"lesson_type_icon":null,"default_lesson_type_label":"Video","default_lesson_type_icon":"video","under_construction":false},{"id":5555780,"position":6,"chapter_id":1538358,"name":"21","contentable_type":"Lesson","slug":"5555780-21","is_free_trial":false,"next_content_id":5555781,"next_content_slug":"5555781-up-and-down","next_content_type":"Lesson","display_name":"Video","contentable":1906481,"contentable_id":1906481,"payment_required":false,"draft":false,"is_released":true,"release_date":null,"prerequisite":false,"total_post_count":0,"discussions_enabled":true,"meta_data":{"duration_in_seconds":169},"expand_enabled":false,"lesson_type_label":null,"lesson_type_icon":null,"default_lesson_type_label":"Video","default_lesson_type_icon":"video","under_construction":false},{"id":5555781,"position":7,"chapter_id":1538358,"name":"Up and Down","contentable_type":"Lesson","slug":"5555781-up-and-down","is_free_trial":false,"next_content_id":5555785,"next_content_slug":"5555785-lesson-with-andrew-time-management","next_content_type":"Lesson","display_name":"Video","contentable":1906482,"contentable_id":1906482,"payment_required":false,"draft":false,"is_released":true,"release_date":null,"prerequisite":false,"total_post_count":0,"discussions_enabled":true,"meta_data":{"duration_in_seconds":218},"expand_enabled":false,"lesson_type_label":null,"lesson_type_icon":null,"default_lesson_type_label":"Video","default_lesson_type_icon":"video","under_construction":false},{"id":5555785,"position":8,"chapter_id":1538358,"name":"Lesson With Andrew - Time Management ","contentable_type":"Lesson","slug":"5555785-lesson-with-andrew-time-management","is_free_trial":false,"next_content_id":null,"next_content_slug":null,"next_content_type":null,"display_name":"Video","contentable":1906486,"contentable_id":1906486,"payment_required":false,"draft":false,"is_released":true,"release_date":null,"prerequisite":false,"total_post_count":0,"discussions_enabled":true,"meta_data":{"duration_in_seconds":3284},"expand_enabled":false,"lesson_type_label":null,"lesson_type_icon":null,"default_lesson_type_label":"Video","default_lesson_type_icon":"video","under_construction":false}],"chapters":[{"id":1538358,"name":"Mastering The Short Game Through Practice","position":3,"course_id":384464,"content_ids":[5555774,5555775,5555776,5555777,5555778,5555779,5555780,5555781,5555785]}]}