{"course":{"id":661237,"name":"Slice Fix Master Class","slug":"slice-fix-master-class","landing_page_url":"https://www.cogornogolf.com/courses/slice-fix-master-class","checkout_page_url":"https://www.cogornogolf.com/enroll/695923","site_twitter_handle":"","support_email":"service@cogornogolf.com","subdomain":"cogornogolf","product_id":695923,"use_linkedin_profile_certification":false,"completion_page_html":"","use_custom_completion_page_html":false,"reviews_enabled":false,"goals_enabled":false,"autoplay_all_videos":true,"require_video_completion":false,"video_completion_percentage":"100","disable_chapter_completed_modal":false,"theme":null,"primary_color":null,"font":null,"logo":null,"show_logo":true,"disable_text_selection":false,"hide_lesson_type_label_and_icon":false,"hide_lesson_type_icon":false,"is_onboarding_demo_course":false,"social_share_course_completion_overridden":false,"social_share_chapter_completion_overridden":false,"social_share_message":null,"facebook_shared_landing_page_url":"https://www.cogornogolf.com/m3gaw","linkedin_shared_landing_page_url":"https://www.cogornogolf.com/xufcy","twitter_shared_landing_page_url":"https://www.cogornogolf.com/19k45","shared_landing_page_url":"https://www.cogornogolf.com/ywz0j","chapter_ids":[2963867]},"contents":[{"id":11430407,"position":2,"chapter_id":2963867,"name":"Slice Fix Master Class Video 1-Introduction","contentable_type":"Lesson","slug":"11430407-slice-fix-master-class-video-1-introduction","is_free_trial":false,"next_content_id":11430484,"next_content_slug":"11430484-slice-fix-master-class-video-2-face-first","next_content_type":"Lesson","display_name":"Video","contentable":4343964,"contentable_id":4343964,"payment_required":false,"draft":false,"is_released":true,"release_date":null,"prerequisite":false,"total_post_count":0,"discussions_enabled":false,"meta_data":{"duration_in_seconds":76},"expand_enabled":false,"lesson_type_label":null,"lesson_type_icon":null,"default_lesson_type_label":"Video","default_lesson_type_icon":"video","under_construction":false},{"id":11430484,"position":3,"chapter_id":2963867,"name":"Slice Fix Master Class Video 2-Face First","contentable_type":"Lesson","slug":"11430484-slice-fix-master-class-video-2-face-first","is_free_trial":false,"next_content_id":11430654,"next_content_slug":"11430654-slice-fix-master-class-video-3-why-you-slice","next_content_type":"Lesson","display_name":"Video","contentable":4343987,"contentable_id":4343987,"payment_required":false,"draft":false,"is_released":true,"release_date":null,"prerequisite":false,"total_post_count":0,"discussions_enabled":false,"meta_data":{"duration_in_seconds":194},"expand_enabled":false,"lesson_type_label":null,"lesson_type_icon":null,"default_lesson_type_label":"Video","default_lesson_type_icon":"video","under_construction":false},{"id":11430654,"position":4,"chapter_id":2963867,"name":"Slice Fix Master Class Video 3-Why You Slice","contentable_type":"Lesson","slug":"11430654-slice-fix-master-class-video-3-why-you-slice","is_free_trial":false,"next_content_id":11430683,"next_content_slug":"11430683-slice-fix-master-class-video-4-the-grip","next_content_type":"Lesson","display_name":"Video","contentable":4344047,"contentable_id":4344047,"payment_required":false,"draft":false,"is_released":true,"release_date":null,"prerequisite":false,"total_post_count":0,"discussions_enabled":false,"meta_data":{"duration_in_seconds":80},"expand_enabled":false,"lesson_type_label":null,"lesson_type_icon":null,"default_lesson_type_label":"Video","default_lesson_type_icon":"video","under_construction":false},{"id":11430683,"position":5,"chapter_id":2963867,"name":"Slice Fix Master Class Video 4-The Grip","contentable_type":"Lesson","slug":"11430683-slice-fix-master-class-video-4-the-grip","is_free_trial":false,"next_content_id":11430734,"next_content_slug":"11430734-slice-fix-master-class-video-5-the-backswing-first-parallel","next_content_type":"Lesson","display_name":"Video","contentable":4344054,"contentable_id":4344054,"payment_required":false,"draft":false,"is_released":true,"release_date":null,"prerequisite":false,"total_post_count":0,"discussions_enabled":false,"meta_data":{"duration_in_seconds":327},"expand_enabled":false,"lesson_type_label":null,"lesson_type_icon":null,"default_lesson_type_label":"Video","default_lesson_type_icon":"video","under_construction":false},{"id":11430734,"position":6,"chapter_id":2963867,"name":"Slice Fix Master Class Video 5-The Backswing-First Parallel","contentable_type":"Lesson","slug":"11430734-slice-fix-master-class-video-5-the-backswing-first-parallel","is_free_trial":false,"next_content_id":11430793,"next_content_slug":"11430793-slice-fix-master-class-video-6-top-of-backswing","next_content_type":"Lesson","display_name":"Video","contentable":4344060,"contentable_id":4344060,"payment_required":false,"draft":false,"is_released":true,"release_date":null,"prerequisite":false,"total_post_count":0,"discussions_enabled":false,"meta_data":{"duration_in_seconds":170},"expand_enabled":false,"lesson_type_label":null,"lesson_type_icon":null,"default_lesson_type_label":"Video","default_lesson_type_icon":"video","under_construction":false},{"id":11430793,"position":7,"chapter_id":2963867,"name":"Slice Fix Master Class Video 6-Top Of Backswing","contentable_type":"Lesson","slug":"11430793-slice-fix-master-class-video-6-top-of-backswing","is_free_trial":false,"next_content_id":11430906,"next_content_slug":"11430906-slice-fix-master-class-video-7-downswing-and-follow-through","next_content_type":"Lesson","display_name":"Video","contentable":4344066,"contentable_id":4344066,"payment_required":false,"draft":false,"is_released":true,"release_date":null,"prerequisite":false,"total_post_count":0,"discussions_enabled":false,"meta_data":{"duration_in_seconds":290},"expand_enabled":false,"lesson_type_label":null,"lesson_type_icon":null,"default_lesson_type_label":"Video","default_lesson_type_icon":"video","under_construction":false},{"id":11430906,"position":8,"chapter_id":2963867,"name":"Slice Fix Master Class Video 7-Downswing And Follow Through","contentable_type":"Lesson","slug":"11430906-slice-fix-master-class-video-7-downswing-and-follow-through","is_free_trial":false,"next_content_id":11432098,"next_content_slug":"11432098-slice-fix-master-class-video-8-hitting-balls-to-the-left","next_content_type":"Lesson","display_name":"Video","contentable":4344088,"contentable_id":4344088,"payment_required":false,"draft":false,"is_released":true,"release_date":null,"prerequisite":false,"total_post_count":0,"discussions_enabled":false,"meta_data":{"duration_in_seconds":232},"expand_enabled":false,"lesson_type_label":null,"lesson_type_icon":null,"default_lesson_type_label":"Video","default_lesson_type_icon":"video","under_construction":false},{"id":11432098,"position":9,"chapter_id":2963867,"name":"Slice Fix Master Class Video 8-Hitting Balls To The Left","contentable_type":"Lesson","slug":"11432098-slice-fix-master-class-video-8-hitting-balls-to-the-left","is_free_trial":false,"next_content_id":11432117,"next_content_slug":"11432117-slice-fix-master-class-video-9-over-the-top","next_content_type":"Lesson","display_name":"Video","contentable":4344474,"contentable_id":4344474,"payment_required":false,"draft":false,"is_released":true,"release_date":null,"prerequisite":false,"total_post_count":0,"discussions_enabled":false,"meta_data":{"duration_in_seconds":330},"expand_enabled":false,"lesson_type_label":null,"lesson_type_icon":null,"default_lesson_type_label":"Video","default_lesson_type_icon":"video","under_construction":false},{"id":11432117,"position":10,"chapter_id":2963867,"name":"Slice Fix Master Class Video 9-Over The Top","contentable_type":"Lesson","slug":"11432117-slice-fix-master-class-video-9-over-the-top","is_free_trial":false,"next_content_id":11432121,"next_content_slug":"11432121-slice-fix-master-class-video-10-swing-direction","next_content_type":"Lesson","display_name":"Video","contentable":4344483,"contentable_id":4344483,"payment_required":false,"draft":false,"is_released":true,"release_date":null,"prerequisite":false,"total_post_count":0,"discussions_enabled":false,"meta_data":{"duration_in_seconds":200},"expand_enabled":false,"lesson_type_label":null,"lesson_type_icon":null,"default_lesson_type_label":"Video","default_lesson_type_icon":"video","under_construction":false},{"id":11432121,"position":11,"chapter_id":2963867,"name":"Slice Fix Master Class Video 10-Swing Direction","contentable_type":"Lesson","slug":"11432121-slice-fix-master-class-video-10-swing-direction","is_free_trial":false,"next_content_id":11432128,"next_content_slug":"11432128-slice-fix-master-class-video-11-why-you-need-feedback","next_content_type":"Lesson","display_name":"Video","contentable":4344486,"contentable_id":4344486,"payment_required":false,"draft":false,"is_released":true,"release_date":null,"prerequisite":false,"total_post_count":0,"discussions_enabled":false,"meta_data":{"duration_in_seconds":119},"expand_enabled":false,"lesson_type_label":null,"lesson_type_icon":null,"default_lesson_type_label":"Video","default_lesson_type_icon":"video","under_construction":false},{"id":11432128,"position":12,"chapter_id":2963867,"name":"Slice Fix Master Class Video 11-Why You Need Feedback","contentable_type":"Lesson","slug":"11432128-slice-fix-master-class-video-11-why-you-need-feedback","is_free_trial":false,"next_content_id":11445184,"next_content_slug":"11445184-slice-fix-master-class-video-12-practice-station-1","next_content_type":"Lesson","display_name":"Video","contentable":4344490,"contentable_id":4344490,"payment_required":false,"draft":false,"is_released":true,"release_date":null,"prerequisite":false,"total_post_count":0,"discussions_enabled":false,"meta_data":{"duration_in_seconds":164},"expand_enabled":false,"lesson_type_label":null,"lesson_type_icon":null,"default_lesson_type_label":"Video","default_lesson_type_icon":"video","under_construction":false},{"id":11445184,"position":13,"chapter_id":2963867,"name":"Slice Fix Master Class Video 12-Practice Station #1","contentable_type":"Lesson","slug":"11445184-slice-fix-master-class-video-12-practice-station-1","is_free_trial":false,"next_content_id":11445189,"next_content_slug":"11445189-slice-fix-master-class-video-13-practice-station-2","next_content_type":"Lesson","display_name":"Video","contentable":4350580,"contentable_id":4350580,"payment_required":false,"draft":false,"is_released":true,"release_date":null,"prerequisite":false,"total_post_count":0,"discussions_enabled":false,"meta_data":{"duration_in_seconds":288},"expand_enabled":false,"lesson_type_label":null,"lesson_type_icon":null,"default_lesson_type_label":"Video","default_lesson_type_icon":"video","under_construction":false},{"id":11445189,"position":14,"chapter_id":2963867,"name":"Slice Fix Master Class Video 13-Practice Station #2","contentable_type":"Lesson","slug":"11445189-slice-fix-master-class-video-13-practice-station-2","is_free_trial":false,"next_content_id":11445197,"next_content_slug":"11445197-slice-fix-master-class-video-14-practice-station-3","next_content_type":"Lesson","display_name":"Video","contentable":4350582,"contentable_id":4350582,"payment_required":false,"draft":false,"is_released":true,"release_date":null,"prerequisite":false,"total_post_count":0,"discussions_enabled":false,"meta_data":{"duration_in_seconds":103},"expand_enabled":false,"lesson_type_label":null,"lesson_type_icon":null,"default_lesson_type_label":"Video","default_lesson_type_icon":"video","under_construction":false},{"id":11445197,"position":15,"chapter_id":2963867,"name":"Slice Fix Master Class Video 14-Practice Station #3","contentable_type":"Lesson","slug":"11445197-slice-fix-master-class-video-14-practice-station-3","is_free_trial":false,"next_content_id":11445206,"next_content_slug":"11445206-slice-fix-master-class-video-15-why-and-where-you-need-objects-in-your-way","next_content_type":"Lesson","display_name":"Video","contentable":4350589,"contentable_id":4350589,"payment_required":false,"draft":false,"is_released":true,"release_date":null,"prerequisite":false,"total_post_count":0,"discussions_enabled":false,"meta_data":{"duration_in_seconds":140},"expand_enabled":false,"lesson_type_label":null,"lesson_type_icon":null,"default_lesson_type_label":"Video","default_lesson_type_icon":"video","under_construction":false},{"id":11445206,"position":16,"chapter_id":2963867,"name":"Slice Fix Master Class Video 15-Why And Where You Need Objects In Your Way","contentable_type":"Lesson","slug":"11445206-slice-fix-master-class-video-15-why-and-where-you-need-objects-in-your-way","is_free_trial":false,"next_content_id":11445215,"next_content_slug":"11445215-slice-fix-master-class-video-16-recap-and-close","next_content_type":"Lesson","display_name":"Video","contentable":4350592,"contentable_id":4350592,"payment_required":false,"draft":false,"is_released":true,"release_date":null,"prerequisite":false,"total_post_count":0,"discussions_enabled":false,"meta_data":{"duration_in_seconds":100},"expand_enabled":false,"lesson_type_label":null,"lesson_type_icon":null,"default_lesson_type_label":"Video","default_lesson_type_icon":"video","under_construction":false},{"id":11445215,"position":17,"chapter_id":2963867,"name":"Slice Fix Master Class Video 16-Recap And Close","contentable_type":"Lesson","slug":"11445215-slice-fix-master-class-video-16-recap-and-close","is_free_trial":false,"next_content_id":11445327,"next_content_slug":"11445327-slice-fix-master-class-video-bonus-video-10-to-4-station","next_content_type":"Lesson","display_name":"Video","contentable":4350597,"contentable_id":4350597,"payment_required":false,"draft":false,"is_released":true,"release_date":null,"prerequisite":false,"total_post_count":0,"discussions_enabled":false,"meta_data":{"duration_in_seconds":130},"expand_enabled":false,"lesson_type_label":null,"lesson_type_icon":null,"default_lesson_type_label":"Video","default_lesson_type_icon":"video","under_construction":false},{"id":11445327,"position":18,"chapter_id":2963867,"name":"Slice Fix Master Class Video Bonus Video-10 To 4 Station","contentable_type":"Lesson","slug":"11445327-slice-fix-master-class-video-bonus-video-10-to-4-station","is_free_trial":false,"next_content_id":11445338,"next_content_slug":"11445338-slice-fix-master-class-video-bonus-video-over-under-station","next_content_type":"Lesson","display_name":"Video","contentable":4350681,"contentable_id":4350681,"payment_required":false,"draft":false,"is_released":true,"release_date":null,"prerequisite":false,"total_post_count":0,"discussions_enabled":false,"meta_data":{"duration_in_seconds":220},"expand_enabled":false,"lesson_type_label":null,"lesson_type_icon":null,"default_lesson_type_label":"Video","default_lesson_type_icon":"video","under_construction":false},{"id":11445338,"position":19,"chapter_id":2963867,"name":"Slice Fix Master Class Video Bonus Video-Over Under Station","contentable_type":"Lesson","slug":"11445338-slice-fix-master-class-video-bonus-video-over-under-station","is_free_trial":false,"next_content_id":null,"next_content_slug":null,"next_content_type":null,"display_name":"Video","contentable":4350686,"contentable_id":4350686,"payment_required":false,"draft":false,"is_released":true,"release_date":null,"prerequisite":false,"total_post_count":0,"discussions_enabled":false,"meta_data":{"duration_in_seconds":156},"expand_enabled":false,"lesson_type_label":null,"lesson_type_icon":null,"default_lesson_type_label":"Video","default_lesson_type_icon":"video","under_construction":false}],"chapters":[{"id":2963867,"name":"Slice Fix Master Class","position":2,"course_id":661237,"content_ids":[11430407,11430484,11430654,11430683,11430734,11430793,11430906,11432098,11432117,11432121,11432128,11445184,11445189,11445197,11445206,11445215,11445327,11445338]}]}