{"course":{"id":384467,"name":"Speed Control","slug":"Speed-Control","landing_page_url":"https://www.cogornogolf.com/courses/Speed-Control","checkout_page_url":"https://www.cogornogolf.com/enroll/405496","site_twitter_handle":"","support_email":"service@cogornogolf.com","subdomain":"cogornogolf","product_id":405496,"use_linkedin_profile_certification":false,"completion_page_html":"","use_custom_completion_page_html":false,"reviews_enabled":false,"goals_enabled":false,"autoplay_all_videos":true,"require_video_completion":false,"video_completion_percentage":"100","disable_chapter_completed_modal":false,"theme":"course_player_white","primary_color":null,"font":null,"logo":null,"show_logo":true,"disable_text_selection":false,"hide_lesson_type_label_and_icon":false,"hide_lesson_type_icon":false,"is_onboarding_demo_course":false,"social_share_course_completion_overridden":false,"social_share_chapter_completion_overridden":false,"social_share_message":null,"facebook_shared_landing_page_url":"https://www.cogornogolf.com/n2lwh","linkedin_shared_landing_page_url":"https://www.cogornogolf.com/h5dsb","twitter_shared_landing_page_url":"https://www.cogornogolf.com/jog07","shared_landing_page_url":"https://www.cogornogolf.com/t9qoo","chapter_ids":[1538372]},"contents":[{"id":5555859,"position":0,"chapter_id":1538372,"name":"Start Line, Speed and Green Reading Overview","contentable_type":"Lesson","slug":"5555859-start-line-speed-and-green-reading-overview","is_free_trial":false,"next_content_id":5555860,"next_content_slug":"5555860-speed-control","next_content_type":"Lesson","display_name":"Video","contentable":1906560,"contentable_id":1906560,"payment_required":false,"draft":false,"is_released":true,"release_date":null,"prerequisite":false,"total_post_count":0,"discussions_enabled":true,"meta_data":{"duration_in_seconds":159},"expand_enabled":false,"lesson_type_label":null,"lesson_type_icon":null,"default_lesson_type_label":"Video","default_lesson_type_icon":"video","under_construction":false},{"id":5555860,"position":1,"chapter_id":1538372,"name":"Speed Control","contentable_type":"Lesson","slug":"5555860-speed-control","is_free_trial":false,"next_content_id":5555861,"next_content_slug":"5555861-speed-control-ladder-drill","next_content_type":"Lesson","display_name":"Video","contentable":1906561,"contentable_id":1906561,"payment_required":false,"draft":false,"is_released":true,"release_date":null,"prerequisite":false,"total_post_count":0,"discussions_enabled":true,"meta_data":{"duration_in_seconds":407},"expand_enabled":false,"lesson_type_label":null,"lesson_type_icon":null,"default_lesson_type_label":"Video","default_lesson_type_icon":"video","under_construction":false},{"id":5555861,"position":2,"chapter_id":1538372,"name":"Speed Control - Ladder Drill","contentable_type":"Lesson","slug":"5555861-speed-control-ladder-drill","is_free_trial":false,"next_content_id":5555862,"next_content_slug":"5555862-speed-control-fringe-putting","next_content_type":"Lesson","display_name":"Video","contentable":1906562,"contentable_id":1906562,"payment_required":false,"draft":false,"is_released":true,"release_date":null,"prerequisite":false,"total_post_count":0,"discussions_enabled":true,"meta_data":{"duration_in_seconds":468},"expand_enabled":false,"lesson_type_label":null,"lesson_type_icon":null,"default_lesson_type_label":"Video","default_lesson_type_icon":"video","under_construction":false},{"id":5555862,"position":3,"chapter_id":1538372,"name":"Speed Control - Fringe Putting","contentable_type":"Lesson","slug":"5555862-speed-control-fringe-putting","is_free_trial":false,"next_content_id":5555863,"next_content_slug":"5555863-speed-game","next_content_type":"Lesson","display_name":"Video","contentable":1906563,"contentable_id":1906563,"payment_required":false,"draft":false,"is_released":true,"release_date":null,"prerequisite":false,"total_post_count":0,"discussions_enabled":true,"meta_data":{"duration_in_seconds":281},"expand_enabled":false,"lesson_type_label":null,"lesson_type_icon":null,"default_lesson_type_label":"Video","default_lesson_type_icon":"video","under_construction":false},{"id":5555863,"position":4,"chapter_id":1538372,"name":"Speed Game","contentable_type":"Lesson","slug":"5555863-speed-game","is_free_trial":false,"next_content_id":5555864,"next_content_slug":"5555864-leapfrog-drill","next_content_type":"Lesson","display_name":"Video","contentable":1906564,"contentable_id":1906564,"payment_required":false,"draft":false,"is_released":true,"release_date":null,"prerequisite":false,"total_post_count":0,"discussions_enabled":true,"meta_data":{"duration_in_seconds":91},"expand_enabled":false,"lesson_type_label":null,"lesson_type_icon":null,"default_lesson_type_label":"Video","default_lesson_type_icon":"video","under_construction":false},{"id":5555864,"position":5,"chapter_id":1538372,"name":"Leapfrog Drill","contentable_type":"Lesson","slug":"5555864-leapfrog-drill","is_free_trial":false,"next_content_id":5555870,"next_content_slug":"5555870-lesson-with-mary-improving-speed-control","next_content_type":"Lesson","display_name":"Video","contentable":1906565,"contentable_id":1906565,"payment_required":false,"draft":false,"is_released":true,"release_date":null,"prerequisite":false,"total_post_count":0,"discussions_enabled":true,"meta_data":{"duration_in_seconds":161},"expand_enabled":false,"lesson_type_label":null,"lesson_type_icon":null,"default_lesson_type_label":"Video","default_lesson_type_icon":"video","under_construction":false},{"id":5555870,"position":6,"chapter_id":1538372,"name":"Lesson With Mary - Improving Speed Control","contentable_type":"Lesson","slug":"5555870-lesson-with-mary-improving-speed-control","is_free_trial":false,"next_content_id":null,"next_content_slug":null,"next_content_type":null,"display_name":"Video","contentable":1906571,"contentable_id":1906571,"payment_required":false,"draft":false,"is_released":true,"release_date":null,"prerequisite":false,"total_post_count":0,"discussions_enabled":true,"meta_data":{"duration_in_seconds":1972},"expand_enabled":false,"lesson_type_label":null,"lesson_type_icon":null,"default_lesson_type_label":"Video","default_lesson_type_icon":"video","under_construction":false}],"chapters":[{"id":1538372,"name":"Speed Control","position":2,"course_id":384467,"content_ids":[5555859,5555860,5555861,5555862,5555863,5555864,5555870]}]}