{"course":{"id":667189,"name":"Speed Master Class","slug":"speed-master-class","landing_page_url":"https://www.cogornogolf.com/courses/speed-master-class","checkout_page_url":"https://www.cogornogolf.com/enroll/702090","site_twitter_handle":"","support_email":"service@cogornogolf.com","subdomain":"cogornogolf","product_id":702090,"use_linkedin_profile_certification":false,"completion_page_html":"","use_custom_completion_page_html":false,"reviews_enabled":false,"goals_enabled":false,"autoplay_all_videos":true,"require_video_completion":false,"video_completion_percentage":"100","disable_chapter_completed_modal":false,"theme":null,"primary_color":null,"font":null,"logo":null,"show_logo":true,"disable_text_selection":false,"hide_lesson_type_label_and_icon":false,"hide_lesson_type_icon":false,"is_onboarding_demo_course":false,"social_share_course_completion_overridden":false,"social_share_chapter_completion_overridden":false,"social_share_message":null,"facebook_shared_landing_page_url":"https://www.cogornogolf.com/btdxp","linkedin_shared_landing_page_url":"https://www.cogornogolf.com/vr4nn","twitter_shared_landing_page_url":"https://www.cogornogolf.com/dj7wy","shared_landing_page_url":"https://www.cogornogolf.com/t5cd9","chapter_ids":[2989234]},"contents":[{"id":11526414,"position":3,"chapter_id":2989234,"name":"Speed Master Class - Message From Eric","contentable_type":"Lesson","slug":"11526414-speed-master-class-message-from-eric","is_free_trial":false,"next_content_id":11526459,"next_content_slug":"11526459-speed-master-class-video-2-pressure-in-the-feet-how-the-feet-work","next_content_type":"Lesson","display_name":"Video","contentable":4385894,"contentable_id":4385894,"payment_required":false,"draft":false,"is_released":true,"release_date":null,"prerequisite":false,"total_post_count":0,"discussions_enabled":false,"meta_data":{"duration_in_seconds":40},"expand_enabled":false,"lesson_type_label":null,"lesson_type_icon":null,"default_lesson_type_label":"Video","default_lesson_type_icon":"video","under_construction":false},{"id":11526459,"position":4,"chapter_id":2989234,"name":"Speed Master Class Video 2 - Pressure In The Feet - How The Feet Work","contentable_type":"Lesson","slug":"11526459-speed-master-class-video-2-pressure-in-the-feet-how-the-feet-work","is_free_trial":false,"next_content_id":11526479,"next_content_slug":"11526479-speed-master-class-video-3-footwork-2-drills-to-increase-speed-step-drill","next_content_type":"Lesson","display_name":"Video","contentable":4385926,"contentable_id":4385926,"payment_required":false,"draft":false,"is_released":true,"release_date":null,"prerequisite":false,"total_post_count":0,"discussions_enabled":false,"meta_data":{"duration_in_seconds":260},"expand_enabled":false,"lesson_type_label":null,"lesson_type_icon":null,"default_lesson_type_label":"Video","default_lesson_type_icon":"video","under_construction":false},{"id":11526479,"position":5,"chapter_id":2989234,"name":"Speed Master Class Video 3 - Footwork - 2 Drills To Increase Speed - Step Drill","contentable_type":"Lesson","slug":"11526479-speed-master-class-video-3-footwork-2-drills-to-increase-speed-step-drill","is_free_trial":false,"next_content_id":11526490,"next_content_slug":"11526490-speed-master-class-video-4-vertical-speed-production","next_content_type":"Lesson","display_name":"Video","contentable":4385936,"contentable_id":4385936,"payment_required":false,"draft":false,"is_released":true,"release_date":null,"prerequisite":false,"total_post_count":0,"discussions_enabled":false,"meta_data":{"duration_in_seconds":242},"expand_enabled":false,"lesson_type_label":null,"lesson_type_icon":null,"default_lesson_type_label":"Video","default_lesson_type_icon":"video","under_construction":false},{"id":11526490,"position":6,"chapter_id":2989234,"name":"Speed Master Class Video 4 - Vertical Speed Production","contentable_type":"Lesson","slug":"11526490-speed-master-class-video-4-vertical-speed-production","is_free_trial":false,"next_content_id":11526590,"next_content_slug":"11526590-speed-master-class-video-5-body-motions","next_content_type":"Lesson","display_name":"Video","contentable":4385939,"contentable_id":4385939,"payment_required":false,"draft":false,"is_released":true,"release_date":null,"prerequisite":false,"total_post_count":0,"discussions_enabled":false,"meta_data":{"duration_in_seconds":167},"expand_enabled":false,"lesson_type_label":null,"lesson_type_icon":null,"default_lesson_type_label":"Video","default_lesson_type_icon":"video","under_construction":false},{"id":11526590,"position":7,"chapter_id":2989234,"name":"Speed Master Class Video 5 - Body Motions","contentable_type":"Lesson","slug":"11526590-speed-master-class-video-5-body-motions","is_free_trial":false,"next_content_id":11526606,"next_content_slug":"11526606-speed-master-class-video-6-lower-body-and-rotation","next_content_type":"Lesson","display_name":"Video","contentable":4386021,"contentable_id":4386021,"payment_required":false,"draft":false,"is_released":true,"release_date":null,"prerequisite":false,"total_post_count":0,"discussions_enabled":false,"meta_data":{"duration_in_seconds":215},"expand_enabled":false,"lesson_type_label":null,"lesson_type_icon":null,"default_lesson_type_label":"Video","default_lesson_type_icon":"video","under_construction":false},{"id":11526606,"position":8,"chapter_id":2989234,"name":"Speed Master Class Video 6 - Lower Body And Rotation","contentable_type":"Lesson","slug":"11526606-speed-master-class-video-6-lower-body-and-rotation","is_free_trial":false,"next_content_id":11526616,"next_content_slug":"11526616-speed-master-class-video-7-rotation-during-the-downswing","next_content_type":"Lesson","display_name":"Video","contentable":4386029,"contentable_id":4386029,"payment_required":false,"draft":false,"is_released":true,"release_date":null,"prerequisite":false,"total_post_count":0,"discussions_enabled":false,"meta_data":{"duration_in_seconds":153},"expand_enabled":false,"lesson_type_label":null,"lesson_type_icon":null,"default_lesson_type_label":"Video","default_lesson_type_icon":"video","under_construction":false},{"id":11526616,"position":9,"chapter_id":2989234,"name":"Speed Master Class Video 7 - Rotation During The Downswing","contentable_type":"Lesson","slug":"11526616-speed-master-class-video-7-rotation-during-the-downswing","is_free_trial":false,"next_content_id":11526624,"next_content_slug":"11526624-speed-master-class-video-8-body-extension","next_content_type":"Lesson","display_name":"Video","contentable":4386035,"contentable_id":4386035,"payment_required":false,"draft":false,"is_released":true,"release_date":null,"prerequisite":false,"total_post_count":0,"discussions_enabled":false,"meta_data":{"duration_in_seconds":286},"expand_enabled":false,"lesson_type_label":null,"lesson_type_icon":null,"default_lesson_type_label":"Video","default_lesson_type_icon":"video","under_construction":false},{"id":11526624,"position":10,"chapter_id":2989234,"name":"Speed Master Class Video 8 - Body Extension","contentable_type":"Lesson","slug":"11526624-speed-master-class-video-8-body-extension","is_free_trial":false,"next_content_id":11526630,"next_content_slug":"11526630-speed-master-class-video-9-super-speed-golf","next_content_type":"Lesson","display_name":"Video","contentable":4386040,"contentable_id":4386040,"payment_required":false,"draft":false,"is_released":true,"release_date":null,"prerequisite":false,"total_post_count":0,"discussions_enabled":false,"meta_data":{"duration_in_seconds":259},"expand_enabled":false,"lesson_type_label":null,"lesson_type_icon":null,"default_lesson_type_label":"Video","default_lesson_type_icon":"video","under_construction":false},{"id":11526630,"position":11,"chapter_id":2989234,"name":"Speed Master Class Video 9 - Super Speed Golf","contentable_type":"Lesson","slug":"11526630-speed-master-class-video-9-super-speed-golf","is_free_trial":false,"next_content_id":11526647,"next_content_slug":"11526647-speed-master-class-video-10-close","next_content_type":"Lesson","display_name":"Video","contentable":4386043,"contentable_id":4386043,"payment_required":false,"draft":false,"is_released":true,"release_date":null,"prerequisite":false,"total_post_count":0,"discussions_enabled":false,"meta_data":{"duration_in_seconds":88},"expand_enabled":false,"lesson_type_label":null,"lesson_type_icon":null,"default_lesson_type_label":"Video","default_lesson_type_icon":"video","under_construction":false},{"id":11526647,"position":12,"chapter_id":2989234,"name":"Speed Master Class Video 10 - Close","contentable_type":"Lesson","slug":"11526647-speed-master-class-video-10-close","is_free_trial":false,"next_content_id":null,"next_content_slug":null,"next_content_type":null,"display_name":"Video","contentable":4386048,"contentable_id":4386048,"payment_required":false,"draft":false,"is_released":true,"release_date":null,"prerequisite":false,"total_post_count":0,"discussions_enabled":false,"meta_data":{"duration_in_seconds":47},"expand_enabled":false,"lesson_type_label":null,"lesson_type_icon":null,"default_lesson_type_label":"Video","default_lesson_type_icon":"video","under_construction":false}],"chapters":[{"id":2989234,"name":"Speed Master Class","position":2,"course_id":667189,"content_ids":[11526414,11526459,11526479,11526490,11526590,11526606,11526616,11526624,11526630,11526647]}]}