{"course":{"id":376494,"name":"Short Game: Stock Chipping","slug":"Stock-Chipping","landing_page_url":"https://www.cogornogolf.com/courses/Stock-Chipping","checkout_page_url":"https://www.cogornogolf.com/enroll/397104","site_twitter_handle":"","support_email":"service@cogornogolf.com","subdomain":"cogornogolf","product_id":397104,"use_linkedin_profile_certification":false,"completion_page_html":"","use_custom_completion_page_html":false,"reviews_enabled":false,"goals_enabled":false,"autoplay_all_videos":true,"require_video_completion":false,"video_completion_percentage":"100","disable_chapter_completed_modal":false,"theme":"course_player_white","primary_color":null,"font":null,"logo":null,"show_logo":true,"disable_text_selection":false,"hide_lesson_type_label_and_icon":false,"hide_lesson_type_icon":false,"is_onboarding_demo_course":false,"social_share_course_completion_overridden":false,"social_share_chapter_completion_overridden":false,"social_share_message":null,"facebook_shared_landing_page_url":"https://www.cogornogolf.com/70io7","linkedin_shared_landing_page_url":"https://www.cogornogolf.com/t539k","twitter_shared_landing_page_url":"https://www.cogornogolf.com/ahlh0","shared_landing_page_url":"https://www.cogornogolf.com/ektqz","chapter_ids":[1496099]},"contents":[{"id":5388661,"position":0,"chapter_id":1496099,"name":"Set Up - Face-On","contentable_type":"Lesson","slug":"5388661-set-up-face-on","is_free_trial":false,"next_content_id":5388662,"next_content_slug":"5388662-set-up-down-the-line","next_content_type":"Lesson","display_name":"Video","contentable":1836459,"contentable_id":1836459,"payment_required":false,"draft":false,"is_released":true,"release_date":null,"prerequisite":false,"total_post_count":2,"discussions_enabled":true,"meta_data":{"duration_in_seconds":324},"expand_enabled":false,"lesson_type_label":null,"lesson_type_icon":null,"default_lesson_type_label":"Video","default_lesson_type_icon":"video","under_construction":false},{"id":5388662,"position":1,"chapter_id":1496099,"name":"Set Up - Down-The-Line","contentable_type":"Lesson","slug":"5388662-set-up-down-the-line","is_free_trial":false,"next_content_id":5388663,"next_content_slug":"5388663-in-swing-pieces-face-on","next_content_type":"Lesson","display_name":"Video","contentable":1836460,"contentable_id":1836460,"payment_required":false,"draft":false,"is_released":true,"release_date":null,"prerequisite":false,"total_post_count":0,"discussions_enabled":true,"meta_data":{"duration_in_seconds":267},"expand_enabled":false,"lesson_type_label":null,"lesson_type_icon":null,"default_lesson_type_label":"Video","default_lesson_type_icon":"video","under_construction":false},{"id":5388663,"position":2,"chapter_id":1496099,"name":"In Swing Pieces - Face-On","contentable_type":"Lesson","slug":"5388663-in-swing-pieces-face-on","is_free_trial":false,"next_content_id":5388664,"next_content_slug":"5388664-in-swing-pieces-down-the-line","next_content_type":"Lesson","display_name":"Video","contentable":1836461,"contentable_id":1836461,"payment_required":false,"draft":false,"is_released":true,"release_date":null,"prerequisite":false,"total_post_count":1,"discussions_enabled":true,"meta_data":{"duration_in_seconds":337},"expand_enabled":false,"lesson_type_label":null,"lesson_type_icon":null,"default_lesson_type_label":"Video","default_lesson_type_icon":"video","under_construction":false},{"id":5388664,"position":3,"chapter_id":1496099,"name":"In Swing Pieces - Down-The-Line","contentable_type":"Lesson","slug":"5388664-in-swing-pieces-down-the-line","is_free_trial":false,"next_content_id":5388665,"next_content_slug":"5388665-advanced-chipping","next_content_type":"Lesson","display_name":"Video","contentable":1836462,"contentable_id":1836462,"payment_required":false,"draft":false,"is_released":true,"release_date":null,"prerequisite":false,"total_post_count":0,"discussions_enabled":true,"meta_data":{"duration_in_seconds":280},"expand_enabled":false,"lesson_type_label":null,"lesson_type_icon":null,"default_lesson_type_label":"Video","default_lesson_type_icon":"video","under_construction":false},{"id":5388665,"position":4,"chapter_id":1496099,"name":"Advanced Chipping","contentable_type":"Lesson","slug":"5388665-advanced-chipping","is_free_trial":false,"next_content_id":5388687,"next_content_slug":"5388687-lesson-with-nolan-chipping-set-up","next_content_type":"Lesson","display_name":"Video","contentable":1836463,"contentable_id":1836463,"payment_required":false,"draft":false,"is_released":true,"release_date":null,"prerequisite":false,"total_post_count":0,"discussions_enabled":true,"meta_data":{"duration_in_seconds":806},"expand_enabled":false,"lesson_type_label":null,"lesson_type_icon":null,"default_lesson_type_label":"Video","default_lesson_type_icon":"video","under_construction":false},{"id":5388687,"position":5,"chapter_id":1496099,"name":"Lesson With Nolan - Chipping Set Up","contentable_type":"Lesson","slug":"5388687-lesson-with-nolan-chipping-set-up","is_free_trial":false,"next_content_id":5614443,"next_content_slug":"5614443-lesson-with-chris-chipping-set-up-and-swing-fixes","next_content_type":"Lesson","display_name":"Video","contentable":1836485,"contentable_id":1836485,"payment_required":false,"draft":false,"is_released":true,"release_date":null,"prerequisite":false,"total_post_count":0,"discussions_enabled":true,"meta_data":{"duration_in_seconds":594},"expand_enabled":false,"lesson_type_label":null,"lesson_type_icon":null,"default_lesson_type_label":"Video","default_lesson_type_icon":"video","under_construction":false},{"id":5614443,"position":6,"chapter_id":1496099,"name":"Lesson With Chris: Chipping Set Up and Swing Fixes","contentable_type":"Lesson","slug":"5614443-lesson-with-chris-chipping-set-up-and-swing-fixes","is_free_trial":false,"next_content_id":null,"next_content_slug":null,"next_content_type":null,"display_name":"Video","contentable":1930065,"contentable_id":1930065,"payment_required":false,"draft":false,"is_released":true,"release_date":null,"prerequisite":false,"total_post_count":0,"discussions_enabled":true,"meta_data":{"duration_in_seconds":1384},"expand_enabled":false,"lesson_type_label":null,"lesson_type_icon":null,"default_lesson_type_label":"Video","default_lesson_type_icon":"video","under_construction":false}],"chapters":[{"id":1496099,"name":"Short Game Essentials: Stock Chipping","position":0,"course_id":376494,"content_ids":[5388661,5388662,5388663,5388664,5388665,5388687,5614443]}]}