{"course":{"id":515273,"name":"Wedge \u0026 Short Iron Master Class","slug":"wedge-short-iron-master-class","landing_page_url":"https://www.cogornogolf.com/courses/wedge-short-iron-master-class","checkout_page_url":"https://www.cogornogolf.com/enroll/542854","site_twitter_handle":"","support_email":"service@cogornogolf.com","subdomain":"cogornogolf","product_id":542854,"use_linkedin_profile_certification":false,"completion_page_html":"","use_custom_completion_page_html":false,"reviews_enabled":false,"goals_enabled":false,"autoplay_all_videos":true,"require_video_completion":false,"video_completion_percentage":"100","disable_chapter_completed_modal":false,"theme":null,"primary_color":null,"font":null,"logo":null,"show_logo":true,"disable_text_selection":false,"hide_lesson_type_label_and_icon":false,"hide_lesson_type_icon":false,"is_onboarding_demo_course":false,"social_share_course_completion_overridden":false,"social_share_chapter_completion_overridden":false,"social_share_message":null,"facebook_shared_landing_page_url":"https://www.cogornogolf.com/5donz","linkedin_shared_landing_page_url":"https://www.cogornogolf.com/z2e61","twitter_shared_landing_page_url":"https://www.cogornogolf.com/o7gzs","shared_landing_page_url":"https://www.cogornogolf.com/fkevi","chapter_ids":[2219442]},"contents":[{"id":8349667,"position":2,"chapter_id":2219442,"name":"Wedge \u0026 Short Iron Master Class Video 1-Introduction","contentable_type":"Lesson","slug":"8349667-wedge-short-iron-master-class-video-1-introduction","is_free_trial":false,"next_content_id":8349672,"next_content_slug":"8349672-wedge-short-iron-master-class-video-2-getting-the-ball-as-close-to-the-hole-as-possible-priorities","next_content_type":"Lesson","display_name":"Video","contentable":3052152,"contentable_id":3052152,"payment_required":false,"draft":false,"is_released":true,"release_date":null,"prerequisite":false,"total_post_count":0,"discussions_enabled":false,"meta_data":{"duration_in_seconds":69},"expand_enabled":false,"lesson_type_label":null,"lesson_type_icon":null,"default_lesson_type_label":"Video","default_lesson_type_icon":"video","under_construction":false},{"id":8349672,"position":3,"chapter_id":2219442,"name":"Wedge \u0026 Short Iron Master Class Video 2-Getting The Ball As Close To The Hole As Possible (Priorities)","contentable_type":"Lesson","slug":"8349672-wedge-short-iron-master-class-video-2-getting-the-ball-as-close-to-the-hole-as-possible-priorities","is_free_trial":false,"next_content_id":8349678,"next_content_slug":"8349678-wedge-short-iron-master-class-video-3-wedge-setup","next_content_type":"Lesson","display_name":"Video","contentable":3052154,"contentable_id":3052154,"payment_required":false,"draft":false,"is_released":true,"release_date":null,"prerequisite":false,"total_post_count":0,"discussions_enabled":false,"meta_data":{"duration_in_seconds":121},"expand_enabled":false,"lesson_type_label":null,"lesson_type_icon":null,"default_lesson_type_label":"Video","default_lesson_type_icon":"video","under_construction":false},{"id":8349678,"position":4,"chapter_id":2219442,"name":"Wedge \u0026 Short Iron Master Class Video 3-Wedge Setup","contentable_type":"Lesson","slug":"8349678-wedge-short-iron-master-class-video-3-wedge-setup","is_free_trial":false,"next_content_id":8349683,"next_content_slug":"8349683-wedge-short-iron-master-class-video-4-wedge-in-swing-principle-1-swing-plane","next_content_type":"Lesson","display_name":"Video","contentable":3052158,"contentable_id":3052158,"payment_required":false,"draft":false,"is_released":true,"release_date":null,"prerequisite":false,"total_post_count":0,"discussions_enabled":false,"meta_data":{"duration_in_seconds":428},"expand_enabled":false,"lesson_type_label":null,"lesson_type_icon":null,"default_lesson_type_label":"Video","default_lesson_type_icon":"video","under_construction":false},{"id":8349683,"position":5,"chapter_id":2219442,"name":"Wedge \u0026 Short Iron Master Class Video 4-Wedge In-Swing Principle 1-Swing Plane","contentable_type":"Lesson","slug":"8349683-wedge-short-iron-master-class-video-4-wedge-in-swing-principle-1-swing-plane","is_free_trial":false,"next_content_id":8349688,"next_content_slug":"8349688-wedge-short-iron-master-class-video-5-wedge-in-swing-principle-2-clubface","next_content_type":"Lesson","display_name":"Video","contentable":3052161,"contentable_id":3052161,"payment_required":false,"draft":false,"is_released":true,"release_date":null,"prerequisite":false,"total_post_count":0,"discussions_enabled":false,"meta_data":{"duration_in_seconds":192},"expand_enabled":false,"lesson_type_label":null,"lesson_type_icon":null,"default_lesson_type_label":"Video","default_lesson_type_icon":"video","under_construction":false},{"id":8349688,"position":6,"chapter_id":2219442,"name":"Wedge \u0026 Short Iron Master Class Video 5-Wedge In-Swing Principle 2-Clubface","contentable_type":"Lesson","slug":"8349688-wedge-short-iron-master-class-video-5-wedge-in-swing-principle-2-clubface","is_free_trial":false,"next_content_id":8349696,"next_content_slug":"8349696-wedge-short-iron-master-class-video-6-wedge-in-swing-principle-2-body","next_content_type":"Lesson","display_name":"Video","contentable":3052164,"contentable_id":3052164,"payment_required":false,"draft":false,"is_released":true,"release_date":null,"prerequisite":false,"total_post_count":0,"discussions_enabled":false,"meta_data":{"duration_in_seconds":210},"expand_enabled":false,"lesson_type_label":null,"lesson_type_icon":null,"default_lesson_type_label":"Video","default_lesson_type_icon":"video","under_construction":false},{"id":8349696,"position":7,"chapter_id":2219442,"name":"Wedge \u0026 Short Iron Master Class Video 6-Wedge In-Swing Principle 2-Body","contentable_type":"Lesson","slug":"8349696-wedge-short-iron-master-class-video-6-wedge-in-swing-principle-2-body","is_free_trial":false,"next_content_id":8349699,"next_content_slug":"8349699-wedge-short-iron-master-class-video-7-how-to-start-building-a-wedge-system","next_content_type":"Lesson","display_name":"Video","contentable":3052167,"contentable_id":3052167,"payment_required":false,"draft":false,"is_released":true,"release_date":null,"prerequisite":false,"total_post_count":0,"discussions_enabled":false,"meta_data":{"duration_in_seconds":288},"expand_enabled":false,"lesson_type_label":null,"lesson_type_icon":null,"default_lesson_type_label":"Video","default_lesson_type_icon":"video","under_construction":false},{"id":8349699,"position":8,"chapter_id":2219442,"name":"Wedge \u0026 Short Iron Master Class Video 7-How To Start Building A Wedge System","contentable_type":"Lesson","slug":"8349699-wedge-short-iron-master-class-video-7-how-to-start-building-a-wedge-system","is_free_trial":false,"next_content_id":8349700,"next_content_slug":"8349700-wedge-short-iron-master-class-video-8-building-your-system-30-50-yards","next_content_type":"Lesson","display_name":"Video","contentable":3052168,"contentable_id":3052168,"payment_required":false,"draft":false,"is_released":true,"release_date":null,"prerequisite":false,"total_post_count":0,"discussions_enabled":false,"meta_data":{"duration_in_seconds":142},"expand_enabled":false,"lesson_type_label":null,"lesson_type_icon":null,"default_lesson_type_label":"Video","default_lesson_type_icon":"video","under_construction":false},{"id":8349700,"position":9,"chapter_id":2219442,"name":"Wedge \u0026 Short Iron Master Class Video 8-Building Your System 30-50 Yards","contentable_type":"Lesson","slug":"8349700-wedge-short-iron-master-class-video-8-building-your-system-30-50-yards","is_free_trial":false,"next_content_id":8349702,"next_content_slug":"8349702-wedge-short-iron-master-class-video-9-how-to-control-trajectories-low","next_content_type":"Lesson","display_name":"Video","contentable":3052169,"contentable_id":3052169,"payment_required":false,"draft":false,"is_released":true,"release_date":null,"prerequisite":false,"total_post_count":0,"discussions_enabled":false,"meta_data":{"duration_in_seconds":484},"expand_enabled":false,"lesson_type_label":null,"lesson_type_icon":null,"default_lesson_type_label":"Video","default_lesson_type_icon":"video","under_construction":false},{"id":8349702,"position":10,"chapter_id":2219442,"name":"Wedge \u0026 Short Iron Master Class Video 9-How To Control Trajectories-Low","contentable_type":"Lesson","slug":"8349702-wedge-short-iron-master-class-video-9-how-to-control-trajectories-low","is_free_trial":false,"next_content_id":8349705,"next_content_slug":"8349705-wedge-short-iron-master-class-video-10-how-to-control-trajectories-high","next_content_type":"Lesson","display_name":"Video","contentable":3052170,"contentable_id":3052170,"payment_required":false,"draft":false,"is_released":true,"release_date":null,"prerequisite":false,"total_post_count":0,"discussions_enabled":false,"meta_data":{"duration_in_seconds":488},"expand_enabled":false,"lesson_type_label":null,"lesson_type_icon":null,"default_lesson_type_label":"Video","default_lesson_type_icon":"video","under_construction":false},{"id":8349705,"position":11,"chapter_id":2219442,"name":"Wedge \u0026 Short Iron Master Class Video 10-How To Control Trajectories-High","contentable_type":"Lesson","slug":"8349705-wedge-short-iron-master-class-video-10-how-to-control-trajectories-high","is_free_trial":false,"next_content_id":8349707,"next_content_slug":"8349707-wedge-short-iron-master-class-video-11-combining-trajectories-with-your-wedge-system","next_content_type":"Lesson","display_name":"Video","contentable":3052171,"contentable_id":3052171,"payment_required":false,"draft":false,"is_released":true,"release_date":null,"prerequisite":false,"total_post_count":0,"discussions_enabled":false,"meta_data":{"duration_in_seconds":321},"expand_enabled":false,"lesson_type_label":null,"lesson_type_icon":null,"default_lesson_type_label":"Video","default_lesson_type_icon":"video","under_construction":false},{"id":8349707,"position":12,"chapter_id":2219442,"name":"Wedge \u0026 Short Iron Master Class Video 11-Combining Trajectories With Your Wedge System","contentable_type":"Lesson","slug":"8349707-wedge-short-iron-master-class-video-11-combining-trajectories-with-your-wedge-system","is_free_trial":false,"next_content_id":8349708,"next_content_slug":"8349708-wedge-short-iron-master-class-video-12-building-your-system-60-80-yards","next_content_type":"Lesson","display_name":"Video","contentable":3052172,"contentable_id":3052172,"payment_required":false,"draft":false,"is_released":true,"release_date":null,"prerequisite":false,"total_post_count":0,"discussions_enabled":false,"meta_data":{"duration_in_seconds":268},"expand_enabled":false,"lesson_type_label":null,"lesson_type_icon":null,"default_lesson_type_label":"Video","default_lesson_type_icon":"video","under_construction":false},{"id":8349708,"position":13,"chapter_id":2219442,"name":"Wedge \u0026 Short Iron Master Class Video 12-Building Your System 60-80 Yards","contentable_type":"Lesson","slug":"8349708-wedge-short-iron-master-class-video-12-building-your-system-60-80-yards","is_free_trial":false,"next_content_id":8349711,"next_content_slug":"8349711-wedge-short-iron-master-class-video-13-building-your-system-90-110-yards","next_content_type":"Lesson","display_name":"Video","contentable":3052173,"contentable_id":3052173,"payment_required":false,"draft":false,"is_released":true,"release_date":null,"prerequisite":false,"total_post_count":0,"discussions_enabled":false,"meta_data":{"duration_in_seconds":446},"expand_enabled":false,"lesson_type_label":null,"lesson_type_icon":null,"default_lesson_type_label":"Video","default_lesson_type_icon":"video","under_construction":false},{"id":8349711,"position":14,"chapter_id":2219442,"name":"Wedge \u0026 Short Iron Master Class Video 13-Building Your System 90-110 Yards","contentable_type":"Lesson","slug":"8349711-wedge-short-iron-master-class-video-13-building-your-system-90-110-yards","is_free_trial":false,"next_content_id":8349739,"next_content_slug":"8349739-wedge-short-iron-master-class-video-14-building-your-system-110-130-yards","next_content_type":"Lesson","display_name":"Video","contentable":3052174,"contentable_id":3052174,"payment_required":false,"draft":false,"is_released":true,"release_date":null,"prerequisite":false,"total_post_count":0,"discussions_enabled":false,"meta_data":{"duration_in_seconds":277},"expand_enabled":false,"lesson_type_label":null,"lesson_type_icon":null,"default_lesson_type_label":"Video","default_lesson_type_icon":"video","under_construction":false},{"id":8349739,"position":15,"chapter_id":2219442,"name":"Wedge \u0026 Short Iron Master Class Video 14-Building Your System 110-130 Yards","contentable_type":"Lesson","slug":"8349739-wedge-short-iron-master-class-video-14-building-your-system-110-130-yards","is_free_trial":false,"next_content_id":8349741,"next_content_slug":"8349741-wedge-short-iron-master-class-video-15-building-your-system-130-150-yards","next_content_type":"Lesson","display_name":"Video","contentable":3052189,"contentable_id":3052189,"payment_required":false,"draft":false,"is_released":true,"release_date":null,"prerequisite":false,"total_post_count":0,"discussions_enabled":false,"meta_data":{"duration_in_seconds":473},"expand_enabled":false,"lesson_type_label":null,"lesson_type_icon":null,"default_lesson_type_label":"Video","default_lesson_type_icon":"video","under_construction":false},{"id":8349741,"position":16,"chapter_id":2219442,"name":"Wedge \u0026 Short Iron Master Class Video 15-Building Your System 130-150 Yards","contentable_type":"Lesson","slug":"8349741-wedge-short-iron-master-class-video-15-building-your-system-130-150-yards","is_free_trial":false,"next_content_id":8349743,"next_content_slug":"8349743-wedge-short-iron-master-class-video-16-summary","next_content_type":"Lesson","display_name":"Video","contentable":3052190,"contentable_id":3052190,"payment_required":false,"draft":false,"is_released":true,"release_date":null,"prerequisite":false,"total_post_count":0,"discussions_enabled":false,"meta_data":{"duration_in_seconds":289},"expand_enabled":false,"lesson_type_label":null,"lesson_type_icon":null,"default_lesson_type_label":"Video","default_lesson_type_icon":"video","under_construction":false},{"id":8349743,"position":17,"chapter_id":2219442,"name":"Wedge \u0026 Short Iron Master Class Video 16-Summary","contentable_type":"Lesson","slug":"8349743-wedge-short-iron-master-class-video-16-summary","is_free_trial":false,"next_content_id":null,"next_content_slug":null,"next_content_type":null,"display_name":"Video","contentable":3052192,"contentable_id":3052192,"payment_required":false,"draft":false,"is_released":true,"release_date":null,"prerequisite":false,"total_post_count":0,"discussions_enabled":false,"meta_data":{"duration_in_seconds":98},"expand_enabled":false,"lesson_type_label":null,"lesson_type_icon":null,"default_lesson_type_label":"Video","default_lesson_type_icon":"video","under_construction":false}],"chapters":[{"id":2219442,"name":"New Chapter","position":0,"course_id":515273,"content_ids":[8349667,8349672,8349678,8349683,8349688,8349696,8349699,8349700,8349702,8349705,8349707,8349708,8349711,8349739,8349741,8349743]}]}