{"course":{"id":384449,"name":"Building A Wedge System","slug":"Wedge-System","landing_page_url":"https://www.cogornogolf.com/courses/Wedge-System","checkout_page_url":"https://www.cogornogolf.com/enroll/405477","site_twitter_handle":"","support_email":"service@cogornogolf.com","subdomain":"cogornogolf","product_id":405477,"use_linkedin_profile_certification":false,"completion_page_html":"","use_custom_completion_page_html":false,"reviews_enabled":false,"goals_enabled":false,"autoplay_all_videos":true,"require_video_completion":false,"video_completion_percentage":"100","disable_chapter_completed_modal":false,"theme":"course_player_white","primary_color":null,"font":null,"logo":null,"show_logo":true,"disable_text_selection":false,"hide_lesson_type_label_and_icon":false,"hide_lesson_type_icon":false,"is_onboarding_demo_course":false,"social_share_course_completion_overridden":false,"social_share_chapter_completion_overridden":false,"social_share_message":null,"facebook_shared_landing_page_url":"https://www.cogornogolf.com/52ke7","linkedin_shared_landing_page_url":"https://www.cogornogolf.com/8de3f","twitter_shared_landing_page_url":"https://www.cogornogolf.com/6rt5z","shared_landing_page_url":"https://www.cogornogolf.com/jx6vj","chapter_ids":[1538241]},"contents":[{"id":5555280,"position":3,"chapter_id":1538241,"name":"Building A System","contentable_type":"Lesson","slug":"5555280-building-a-system","is_free_trial":false,"next_content_id":5614451,"next_content_slug":"5614451-lesson-with-kyle-club-selection-and-wedge-system","next_content_type":"Lesson","display_name":"Video","contentable":1906037,"contentable_id":1906037,"payment_required":false,"draft":false,"is_released":true,"release_date":null,"prerequisite":false,"total_post_count":1,"discussions_enabled":true,"meta_data":{"duration_in_seconds":577},"expand_enabled":false,"lesson_type_label":null,"lesson_type_icon":null,"default_lesson_type_label":"Video","default_lesson_type_icon":"video","under_construction":false},{"id":5614451,"position":6,"chapter_id":1538241,"name":"Lesson With Kyle: Club Selection and Wedge System","contentable_type":"Lesson","slug":"5614451-lesson-with-kyle-club-selection-and-wedge-system","is_free_trial":false,"next_content_id":null,"next_content_slug":null,"next_content_type":null,"display_name":"Video","contentable":1930073,"contentable_id":1930073,"payment_required":false,"draft":false,"is_released":true,"release_date":null,"prerequisite":false,"total_post_count":0,"discussions_enabled":true,"meta_data":{"duration_in_seconds":1276},"expand_enabled":false,"lesson_type_label":null,"lesson_type_icon":null,"default_lesson_type_label":"Video","default_lesson_type_icon":"video","under_construction":false}],"chapters":[{"id":1538241,"name":"Building A Wedge System","position":2,"course_id":384449,"content_ids":[5555280,5614451]}]}